track_id,artists,album_name,track_name,popularity,duration_ms,explicit,danceability,energy,key,loudness,mode,speechiness,acousticness,instrumentalness,liveness,valence,tempo,time_signature,track_genre
2jHEySxCzzODFWmPzt084L,Masaharu Fukuyama,残響,18 ~eighteen~,31,326600,False,0.609,0.76,0,-5.16,1,0.0283,0.131,0.0,0.41,0.44,117.135,4,acoustic
0R3LjmIZg8MiBlf3LdYjcD,Gail Blanco,Love Love Love,Too Much Heaven,27,294853,False,0.664,0.45,1,-7.007,1,0.0257,0.781,1.71e-05,0.311,0.26,83.987,4,acoustic
1T7Tqsfkz0Ntbwta2hHebY,Days N Daze,Rogue Taxidermy,Fate of a Coward,28,175046,False,0.583,0.534,2,-11.147,0,0.0411,0.569,0.0,0.351,0.943,123.094,4,acoustic
7MlPySldFcJ9R3mSFvGV4y,Masaharu Fukuyama,AKIRA,彼方で,29,272320,False,0.459,0.57,4,-5.672,1,0.0293,0.199,0.0,0.137,0.361,72.978,4,acoustic
1wflx5YklLYToaIbXkrZSq,Kina Grannis,Somebody Loved,Somebody Loved,57,153105,False,0.612,0.107,0,-15.867,1,0.0302,0.936,0.0,0.109,0.637,78.393,4,acoustic
68HbD7rEFTlnJy4UWSpySY,Mone Kamishiraishi,世界中の誰よりきっと,世界中の誰よりきっと,28,217466,False,0.578,0.636,2,-5.506,1,0.0342,0.0874,0.0,0.124,0.556,124.9,4,acoustic
1CtfA9JkJ5cJQgpO7wEj4V,Beyond The Guitar,"Guitar Covers, Vol. 2","He's A Pirate (From ""Pirates of the Caribbean"")",30,163813,False,0.57,0.454,2,-7.613,0,0.0987,0.881,0.889,0.0983,0.381,101.476,4,acoustic
27hFQQS3cVUmIK3ser5bpu,Colin & Caroline,More Than Gravity,More Than Gravity,34,266078,False,0.62,0.468,4,-9.648,1,0.0268,0.715,3.93e-05,0.106,0.217,110.969,4,acoustic
5hVKGw1OXBCEZgRWFUilk7,Sara Farell;Simon Samaeng,#Covers,Still Falling For You - Acoustic,44,252567,False,0.375,0.298,1,-11.928,1,0.0395,0.822,0.0,0.137,0.425,174.03,4,acoustic
2PIlBukQ6limukVR8Ubb5o,Gabrielle Aplin,English Rain,Please Don't Say You Love Me,59,181400,False,0.479,0.541,0,-9.862,1,0.0545,0.737,0.0,0.108,0.321,85.994,4,acoustic
1t3koreZmmgvTYvxATwqfz,Andrew Ripp,The Soul,Pilots,39,219653,False,0.809,0.555,0,-5.689,1,0.0617,0.481,1.46e-06,0.133,0.473,104.085,4,acoustic
2SkJKMfjpYsNv0KWOxiegX,A Great Big World,When the Morning Comes,Kaleidoscope,62,229320,False,0.709,0.913,7,-5.148,1,0.0748,0.0182,0.0,0.167,0.519,108.024,4,acoustic
3NqKDdehfEZ00H4uFghoMr,Hanare Gumi,音タイム,音タイム,29,229533,False,0.373,0.716,5,-7.358,1,0.0313,0.082,0.000239,0.105,0.374,134.764,4,acoustic
0Stf1ND7zaL3TEo8kZgld1,Son&Dad;Filip Nordin,Acustic Covers of Popular Songs,I Want It That Way - Acoustic Covers of Popular Songs,51,136470,False,0.392,0.253,8,-6.563,0,0.0354,0.746,0.0,0.321,0.368,203.571,4,acoustic
25R9Ax7cdjWx0EDr2HAKoA,AJJ,Christmas Island,Deathlessness,27,220832,False,0.554,0.655,11,-8.074,1,0.0388,0.00193,0.56,0.28,0.363,100.423,4,acoustic
4uPvXmXGjYOOqhbRMmS9XU,Grace Petrie,Queer As Folk,Northbound,26,270920,False,0.446,0.787,11,-7.334,1,0.0714,0.0328,0.0,0.141,0.586,125.642,4,acoustic
4yRlTvPVfEyhXfp6GZurq9,Austin Plaine,Austin Plaine,Never Come Back Again,57,196240,False,0.594,0.695,8,-8.872,1,0.0259,0.19,3.58e-06,0.119,0.172,104.977,4,acoustic
3D1PuFi2U8lmtdWRZcCz1f,AJJ,Good Luck Everybody,Body Terror Song,58,157600,False,0.507,0.399,9,-10.917,0,0.0358,0.871,0.000377,0.113,0.225,115.588,4,acoustic
5lZVXDJI3PnnYxBNwNXQgH,Lusaint,Use Somebody (Acoustic),Use Somebody - Acoustic,54,172633,False,0.591,0.269,0,-8.554,1,0.0301,0.911,0.0,0.0945,0.246,124.441,4,acoustic
3JKLrIrHpbHtDU1oeYtbYD,Boyce Avenue,"Cover Sessions, Vol. 5",Chasing Cars,52,246979,False,0.659,0.331,10,-8.987,1,0.0321,0.809,0.0,0.0996,0.0877,105.01,4,acoustic
2saK0E712wIB3Gf8QLuFYX,Get Dead,Dancing with the Curse,Nickel Plated,29,136815,True,0.461,0.893,9,-6.028,1,0.121,0.00323,0.0,0.654,0.4,179.92,4,acoustic
6ql0ffq6Jvyh9OKqrJCMaP,Amy Stroup,In the Shadows,In the Shadows,46,263823,False,0.434,0.469,0,-7.849,0,0.0265,0.52,0.000328,0.108,0.0568,136.282,4,acoustic
5ZpSUdy5wL5Hvwsqz6JCAt,Stephen Speaks,Passenger Seat,Passenger Seat,65,274245,False,0.515,0.769,7,-5.696,1,0.031,0.0456,0.00436,0.0961,0.644,153.046,4,acoustic
2GzvzxXnyJ9l3obE4JskC2,Ysabelle Cuevas,Ysabelle,I Like Me Better,54,189673,False,0.449,0.209,10,-14.494,1,0.0896,0.896,0.0,0.156,0.431,93.618,4,acoustic
4x7AdVDV9IFWp8pg4LMz90,Jonah Baker,Covers,Perfect / Style,37,212864,False,0.593,0.292,11,-12.755,1,0.0364,0.828,0.0,0.174,0.375,111.121,4,acoustic
1Yxukx85EzhKgZpzbNywQv,Criolo;Emicida,Criolo E Emicida Ao Vivo (Live),Não Existe Amor Em SP - Live,35,392480,False,0.285,0.734,5,-6.956,0,0.0506,0.3,0.0231,0.903,0.243,140.224,4,afrobeat
4ejyjfSHDLKR2AtArlJJ0T,The Poets Of Rhythm,Practice What You Preach,The Plan,18,186226,False,0.782,0.935,2,-5.135,0,0.0632,0.127,0.0184,0.17,0.853,123.248,4,afrobeat
1q8NdCAQ9QUjpYiqzdd3mv,Calle 13,Calle 13 (Explicit Version),Atrévete-Te-Te,75,239306,True,0.829,0.878,9,-5.951,1,0.101,0.0959,0.0,0.776,0.883,87.991,4,afrobeat
0hvUNtmLVhnOXhZmkNtyqh,Victor Rice,Drink,La Mura,20,186909,False,0.545,0.608,8,-8.642,0,0.0309,0.409,0.881,0.312,0.975,141.849,4,afrobeat
7cROqgeNkyYTMdQ5u5moGS,Cymande,Second Time Round,For Baby Ooh,18,137400,False,0.817,0.211,9,-16.785,1,0.136,0.948,2.62e-06,0.11,0.71,112.21,4,afrobeat
4SkXeoVShiJY17DfB1hp4p,Brownout;Brown Sabbath,"Brownout Presents Brown Sabbath, Vol. II",Snowblind,17,375112,False,0.438,0.737,1,-6.648,0,0.0335,0.00038,0.00358,0.339,0.402,113.957,4,afrobeat
2dpvUY3DfmybZ8aimDHNKs,BaianaSystem,ATO 1: Navio Pirata,Chapéu Panamá,24,185573,False,0.823,0.93,7,-4.663,1,0.257,0.419,0.00734,0.0519,0.487,105.017,4,afrobeat
2ZOMnAID3cCIrboS3rWhqx,BaianaSystem,BaianaSystem,Vinheta Baiana,19,82760,False,0.427,0.59,9,-12.379,0,0.0645,0.82,0.834,0.241,0.722,121.578,4,afrobeat
3EtsTQGKkUXaGDmMi7GRfD,BaianaSystem;Claudia Manzo,ATO 3: América do Sol,Capucha,20,174680,False,0.737,0.934,7,-4.171,1,0.147,0.162,6.58e-05,0.233,0.614,104.965,4,afrobeat
6qZA2WW7WaPQ6fk3QT0dcw,Calle 13,Los De Atrás Vienen Conmigo,Esto Con Eso,25,250080,True,0.659,0.74,7,-6.524,1,0.198,0.108,0.0,0.115,0.91,190.001,4,afrobeat
15F5w6GELfrYu4M4Wq02Nt,Jorge Drexler,Llueve,De amor y de casualidad,28,191466,False,0.741,0.564,9,-9.052,1,0.051,0.225,6.71e-05,0.0964,0.359,117.859,4,afrobeat
3HgPOHHJWnMfv1Zw27Jh2V,The Poets Of Rhythm,Practice What You Preach,More Mess on My Thing,57,252000,False,0.542,0.869,0,-6.18,1,0.0954,0.225,0.891,0.0453,0.962,190.509,4,afrobeat
78U7dsruM76CzAnTSZ4npT,The Funkees,Dancing Time: The Best of Eastern Nigeria's Afro Rock Exponents 1973-77,Akula Owu Onyeara,39,448914,False,0.701,0.702,5,-10.323,0,0.122,0.525,0.0486,0.235,0.885,110.721,4,afrobeat
2lXOcxoc8Ye5AXIG7Lhpey,Los Amigos Invisibles,El Paradise,Cara E' Pasmao',19,202346,False,0.715,0.925,5,-3.932,0,0.0316,0.0155,0.0779,0.158,0.898,103.006,4,afrobeat
1aAhNjAqKqUFQ93uesAytf,BaianaSystem;Cássia Eller,O Segundo Sol,O Segundo Sol,37,148905,False,0.383,0.711,0,-8.113,1,0.0671,0.174,0.000572,0.16,0.432,137.036,4,afrobeat
00LmM2QLGpfb5NC7PC7qqZ,Criolo,Ainda Há Tempo,Vasilhame,43,172440,False,0.506,0.876,2,-5.877,0,0.316,0.194,1.86e-06,0.353,0.676,124.218,5,afrobeat
4KRAPYoTgdQ6eJCU78F589,QUITAPENAS,QUITAPENAS,Valle Moreno,21,219768,False,0.534,0.847,6,-8.527,0,0.0842,0.316,0.436,0.101,0.852,119.205,3,afrobeat
2Z3IaUbfcS8oqxmipQTkGh,Jorge Drexler,Sus primeras grabaciones 1992-1994 (La luz que sabe robar- Radar),La aparecida,22,276906,False,0.539,0.372,7,-8.864,1,0.0304,0.853,0.0299,0.106,0.313,147.078,3,afrobeat
6MMXwZyjQhw6HaIwFGW0JI,Girma Bèyènè;Akalé Wubé,Mistakes on Purpose (Ethiopiques 30),Enkèn Yèlélèbesh,45,238440,False,0.74,0.492,5,-8.72,0,0.0366,0.589,0.000796,0.119,0.893,128.648,4,afrobeat
1Bx3trnFdCStyiV5PF0vkj,The Budos Band,The Budos Band,T.I.B.W.F.,52,160600,False,0.674,0.607,1,-7.76,1,0.057,0.0124,0.87,0.147,0.712,77.845,4,afrobeat
19Oj8jiVAn3qRr0DhlLU1j,Criolo;Emicida,Criolo E Emicida Ao Vivo (Live),Triunfo - Live,34,273426,False,0.54,0.945,1,-5.021,1,0.271,0.315,0.0,0.405,0.551,92.013,4,afrobeat
6F4zAdEznwkmn8MHJtcjtT,Criolo;Emicida,Criolo E Emicida Ao Vivo (Live),Zica Vai Lá - Live,35,238346,False,0.374,0.934,10,-5.322,1,0.322,0.058,0.0,0.804,0.389,167.661,4,afrobeat
342MrQja9hV0VipxM0iuNr,Maga Bo;Mestre Camaleão,Quilombo do Futuro,É da Nossa Cor,17,195386,False,0.668,0.873,3,-3.887,0,0.0558,0.422,0.0,0.355,0.771,116.968,4,afrobeat
77bHEazbuFqK3tTvoHFWQ3,Assagai,Assagai,Telephone Girl,17,214533,False,0.604,0.52,1,-12.658,1,0.08,0.0758,7.95e-05,0.089,0.966,102.502,4,afrobeat
6btBxRX5cmgzNw2uCNUU2K,The Budos Band,V,Old Engine Oil,40,191213,False,0.366,0.91,2,-6.157,1,0.0415,0.00119,0.834,0.101,0.322,92.94,4,afrobeat
4wajJ1o7jWIg62YqpkHC7S,Radiohead,In Rainbows,Weird Fishes/ Arpeggi,71,318186,False,0.531,0.61,11,-8.025,0,0.0387,0.772,0.756,0.0908,0.199,152.958,4,alt-rock
5k02Wjsu2MdpF3c9VFQD0k,The Score,ATLAS,Never Going Back,61,197680,False,0.546,0.619,6,-6.09,0,0.042,0.0122,0.0,0.0585,0.625,159.982,4,alt-rock
6G8xvLFNkXy3HM5EbQI6c8,lovelytheband,sail away,sail away,71,179000,False,0.743,0.835,2,-4.655,1,0.029,0.25,0.0,0.0912,0.955,120.019,4,alt-rock
4K7x9KC3XrcKMNdhVoaBOj,Fountains Of Wayne,Rock n Roll Christmas,The Man In The Santa Suit,0,160346,False,0.622,0.72,9,-6.578,1,0.0255,0.0525,0.0,0.109,0.948,133.922,4,alt-rock
7aDLnVQ1Gvjh6Q0nc1rePd,Detonautas Roque Clube,Melhor Plantar o Bem,Melhor Plantar o Bem,44,234061,False,0.648,0.85,8,-5.323,1,0.0401,0.0861,1.43e-05,0.122,0.878,77.516,4,alt-rock
0UvMeaPWStJGuXMe89bAoJ,Inspector;Panteon Rococo,"A2Í 5Uena!, Vol 2",Amargo Adios,45,241171,False,0.599,0.845,2,-6.05,0,0.0389,0.0282,0.0,0.0749,0.858,74.992,4,alt-rock
6WmIyn2fx1PKQ0XDpYj4VR,The 1975,A Brief Inquiry Into Online Relationships,Love It If We Made It,69,252925,True,0.472,0.745,4,-5.297,1,0.0356,0.000607,2.74e-05,0.0957,0.0631,180.06,4,alt-rock
7K0WZ75nHqj450OYd3ZywF,The EverLove,Walk Through Fire,I'm Dangerous,65,243329,False,0.691,0.841,8,-7.026,0,0.0436,0.00438,4.44e-05,0.31,0.755,92.025,4,alt-rock
46gSk82duJtX3TTA182ruG,Franz Ferdinand,This fffire,This fffire - New Version,76,218080,False,0.442,0.887,4,-5.943,0,0.1,0.0259,4.57e-06,0.0655,0.637,146.358,4,alt-rock
1kSjPQCJfwVkPcxflNMJK2,Counting Crows,Christmas Rock 2022,A Long December,0,297293,False,0.403,0.59,5,-5.941,1,0.0284,0.508,0.00548,0.272,0.393,141.649,4,alt-rock
33DzKnwuBE6lfOiADwzd5E,The 1975,A Brief Inquiry Into Online Relationships,TOOTIMETOOTIMETOOTIME,64,207851,False,0.667,0.824,8,-5.867,1,0.0665,0.177,0.0152,0.0933,0.518,114.998,4,alt-rock
5Yi46NJu0JsXrys19xAaBC,Los Gardelitos,Gardeliando,Cobarde para Amar,46,262160,False,0.546,0.729,7,-7.11,1,0.0376,0.000665,0.0,0.146,0.722,119.239,4,alt-rock
1BH3rSiixIJhXe3viUeMAN,Saint Chaos;Sam Tinnesz,Seeing Red,Walk,60,170210,False,0.697,0.883,10,-3.815,0,0.0694,0.0178,0.0,0.481,0.796,121.963,4,alt-rock
2QLFTiSNgt6cT3aQdeGFhd,The Killers;Ryan Pardey,Home At Christmas,Don't Shoot Me Santa,0,245106,False,0.588,0.847,8,-4.164,1,0.0705,0.0601,0.0,0.307,0.662,120.041,4,alt-rock
5ruzrDWcT0vuJIOMW7gMnW,The Strokes,The New Abnormal,The Adults Are Talking,79,309053,False,0.593,0.749,5,-5.67,1,0.0475,0.0113,0.106,0.314,0.649,164.959,4,alt-rock
1lYHv3SEkE6wKfZRe0HMOG,Counting Crows,Christmas Songs 2022,A Long December,1,297293,False,0.403,0.59,5,-5.941,1,0.0284,0.508,0.00548,0.272,0.393,141.649,4,alt-rock
6NXIFaZ5a9rtnhF7GAHF0U,The Verve,Hits Pop Rock 90's,Bitter Sweet Symphony - Remastered 2016,1,357266,False,0.356,0.917,9,-6.005,1,0.0487,0.0336,0.0,0.406,0.523,171.172,4,alt-rock
6rrKbzJGGDlSZgLphopS49,The Score,ATLAS,Unstoppable,73,192106,False,0.485,0.843,1,-3.993,0,0.0467,0.00129,1.01e-05,0.14,0.602,78.001,4,alt-rock
113xf7t4qNM7038YJvauik,The Neighbourhood,Hard To Imagine The Neighbourhood Ever Changing,Nervous,70,245000,False,0.589,0.614,0,-7.528,0,0.0426,0.0213,0.165,0.31,0.318,119.837,4,alt-rock
315FrAki9HoxEdG8CQuZhD,The Killers,Mirando las nubes,Mr. Brightside,0,223973,False,0.344,0.931,1,-3.759,1,0.0783,0.00104,0.0,0.0903,0.251,148.104,4,alt-rock
2hRNxkgCScd5yxbTsrGQR4,Charlie Brown Jr.,Acústico (Ao Vivo),Vinheta: Beat Box II / Como Tudo Deve Ser - Ao Vivo,48,282333,False,0.544,0.596,1,-10.325,0,0.059,0.226,1.17e-05,0.989,0.794,80.96,4,alt-rock
0YJ9FWWHn9EfnN0lHwbzvV,Radiohead,In Rainbows,Jigsaw Falling Into Place,69,248893,False,0.462,0.832,11,-6.085,0,0.0479,0.108,0.00416,0.0741,0.807,165.653,4,alt-rock
0z1o5L7HJx562xZSATcIpY,Radiohead,OK Computer,Exit Music (For A Film),73,267186,False,0.293,0.276,4,-11.357,0,0.0349,0.224,0.122,0.167,0.195,121.603,4,alt-rock
5u4jJAAD6jd0Z741eT7XGP,Volbeat,Twisted Halloween Hits,The Devil's Bleeding Crown,0,238653,False,0.321,0.909,11,-4.612,1,0.041,1.62e-05,0.139,0.0442,0.209,109.653,3,alt-rock
3CI0tvulxpMSMAPNCgqTMU,Lucybell,Lucybell,Sembrando En El Mar,44,231026,False,0.58,0.847,2,-9.639,1,0.0516,0.00106,0.498,0.289,0.403,98.561,4,alt-rock
7omxuGYsym1n2RlVf86OF9,The 1975,Being Funny In A Foreign Language,The 1975,71,250900,False,0.542,0.433,9,-10.47,1,0.0305,0.897,0.173,0.101,0.495,140.939,4,alternative
6FvZIDTCtmWC4KERBlLQ5f,Babasónicos,tardes tranqui,Como Eran Las Cosas,0,242520,False,0.696,0.448,8,-9.099,1,0.0333,0.452,2.43e-05,0.0904,0.569,95.004,4,alternative
2eXoWAL6kC9sdlpdOGvSCw,Lifehouse,OO's Music Grandi Successi,You And Me,1,195493,False,0.459,0.427,7,-7.733,1,0.0267,0.112,0.0,0.168,0.357,139.898,3,alternative
2mLYjGJ1Fl4qNept7opf7Y,Counting Crows,Rock Workout 2023,Mr. Jones,1,272733,False,0.571,0.836,0,-5.556,1,0.0371,0.194,4.09e-06,0.182,0.73,141.612,4,alternative
5utTJECKCCDgxhvNq2JXyQ,Royal & the Serpent,20's Rock,Happier in Hell,0,173172,False,0.372,0.522,8,-5.493,1,0.0413,0.0243,0.0,0.231,0.326,138.552,4,alternative
7CwwtOtObfhHMoYsh9gfTc,Oliver Tree,Internet Sensations,Placeholder,7,159818,False,0.678,0.696,2,-4.361,1,0.0336,0.0346,0.0,0.374,0.421,82.489,4,alternative
2xRYnHQdLD9ketvC01UYYT,Sevyn Streeter;Chris Brown,"Call Me Crazy, But...",It Won't Stop (feat. Chris Brown) - EP Version,69,281080,False,0.657,0.574,1,-9.484,0,0.0407,0.016,8.1e-05,0.172,0.211,119.992,4,alternative
5Sco7mbJy7p7vdDtJW10fZ,The Score,Pressure,Born For This,65,234013,False,0.631,0.684,5,-6.27,0,0.0405,0.0576,0.0,0.0938,0.528,129.974,4,alternative
3kQhWtoluFHPbcBC6gyYrZ,Zoé,tardes tranqui,Arrullo De Estrellas,0,252986,False,0.462,0.765,5,-7.011,1,0.036,0.324,0.231,0.0757,0.399,81.513,4,alternative
3G9l0CsH7HCkr0SqDE1juj,The 1975,Happiness,Happiness,71,303903,False,0.666,0.909,11,-5.029,1,0.039,0.0438,0.108,0.219,0.846,118.007,4,alternative
5llJJM8CQpZhfUBwrJzp4c,Blur,Alternative Rock Mixtape,The Universal,1,238520,False,0.32,0.546,9,-8.33,1,0.0278,0.181,1.98e-06,0.0928,0.263,163.824,3,alternative
7oMO1B9CB4ZPYPLeVe32OY,R.E.M.,90's Music Grandi Successi,Losing My Religion,0,268426,False,0.666,0.854,9,-5.051,0,0.0295,0.179,1.2e-06,0.0986,0.803,125.637,4,alternative
6wqJeItl3Vc3az4ZicSQAB,Slipknot,Vol. 3: The Subliminal Verses,Before I Forget,77,278600,False,0.291,0.974,6,-2.997,0,0.171,0.0177,5.44e-06,0.886,0.348,134.724,4,alternative
4eCQkJy0Gq9i5lQqOJcVKN,Avenged Sevenfold,Metal Lives!,Hail to the King,0,305906,False,0.58,0.916,3,-4.357,0,0.0387,0.000295,0.0255,0.126,0.68,118.002,4,alternative
7MIKwg3dDCWhxMVjMvqF1O,Blind Melon,Los Clásicos del Pop 90s,No Rain,1,217200,False,0.359,0.573,9,-6.054,1,0.0326,0.665,0.000178,0.136,0.562,73.368,4,alternative
4ocDKtGkfPHFpUlmkOfAiy,Bandalos Chinos,Alternativo diferente latino,Demasiado,0,226133,False,0.776,0.425,11,-9.724,0,0.0335,0.27,0.0468,0.111,0.427,133.489,4,alternative
4kqgYiNDWcwo9KBq4rz87l,Mon Laferte,Rock un sentimiento vol. I,Cuando Era Flor,0,281600,False,0.568,0.642,4,-6.736,0,0.0603,0.374,0.00681,0.131,0.476,177.669,4,alternative
79uAxWWq3OEL3H4wvlurIO,Rico Nasty;Flo Milli,Energy Hip Hop,Money,0,150652,True,0.808,0.768,8,-4.813,0,0.0499,0.000605,0.0,0.372,0.554,124.011,4,alternative
4JuKzBOcFT6ZDX1bINNI1C,Royal Blood,Hot Mix Pop,Honeybrains,1,186847,False,0.523,0.8,9,-5.243,1,0.101,0.00537,0.0,0.398,0.604,125.886,3,alternative
7n4Y9BCKLHi4hqI2NctuAq,KALEO,Indie Chill Out,I Want More,0,212392,False,0.55,0.531,8,-7.431,1,0.0309,0.256,0.0,0.0509,0.364,98.014,4,alternative
6Yp3K2cy35hXnWQFE1yWrJ,The Knocks;Dragonette,Mellow Electronic Pop,Slow Song,0,253723,False,0.77,0.743,6,-3.251,1,0.0299,0.0205,0.0003,0.144,0.843,123.014,4,alternative
6MxgblJfZf1rBOHwLmugPR,Vicente Garcia,noches de lluvia,Dos Y Siete,0,255826,False,0.791,0.635,3,-10.815,1,0.0364,0.35,0.112,0.0938,0.644,114.092,4,alternative
4biLwyzTFqLtDxPPr4Hmy5,Freddie Gibbs;Moneybagg Yo,Sailor on the Moon - Hot New Rap,Too Much,0,188869,True,0.799,0.696,1,-6.621,1,0.134,0.211,2.46e-06,0.133,0.414,115.067,4,alternative
1mOhRdYfCMLbyzrQPPcGMG,Los Caligaris,No Es Lo Que Parece,Añejo W,52,303878,False,0.676,0.892,5,-5.065,0,0.0348,0.326,9.46e-06,0.346,0.829,142.046,4,alternative
0sJ4NbFdEhgLOtInlbRmFl,The Score,ATLAS,Higher,60,214613,False,0.449,0.745,9,-5.045,0,0.0327,0.00342,0.0,0.295,0.465,83.918,4,alternative
6TWcSqCntZhH5vyc35kkob,Cigarettes After Sex,Cigarettes After Sex,John Wayne,65,258483,False,0.441,0.465,3,-8.389,1,0.0291,0.343,0.884,0.0982,0.173,123.933,4,ambient
2XQSgmtEY2titXhfY414dy,Boards of Canada,Music Has The Right To Children,Roygbiv,59,151520,False,0.631,0.521,4,-10.312,0,0.063,0.0201,0.923,0.103,0.118,84.033,4,ambient
4tnWEXeAgZWTRULCkJ6IGL,Ólafur Arnalds,re:member,they sink,53,155484,False,0.435,0.0564,5,-27.616,0,0.0369,0.99,0.943,0.113,0.127,110.006,4,ambient
3uuXITRf0o9WApETIMyjhj,Ludovico Einaudi;Robert Ziegler;Royal Philharmonic Orchestra,Islands - Essential Einaudi,Divenire,55,402466,False,0.139,0.215,7,-15.301,1,0.0352,0.912,0.864,0.0775,0.075,88.27,4,ambient
6rodOIyxUXZrRfzoNL2vXx,Ludovico Einaudi,Undiscovered,Elegy For The Arctic - Remastered 2020,54,160693,False,0.424,0.0713,5,-23.609,0,0.0515,0.987,0.929,0.118,0.148,63.648,4,ambient
3sSESwCLq4g7WiXk6LJKbI,Stephan Moccio,Wrecking ball (Solo Piano Version),Wrecking Ball - Solo Piano Version,60,204560,False,0.515,0.0695,5,-22.837,1,0.0342,0.992,0.934,0.0943,0.109,112.81,4,ambient
2ConcMShn9TnYXpgeqs71S,Little Symphony,Serenity,Enlil,27,49523,False,0.265,0.124,0,-23.395,1,0.0456,0.809,0.916,0.114,0.371,100.861,4,ambient
2ZgzcSD8lWLOwWoNYFX219,Chilly Gonzales;Johannes Bornlöf,Refreshing Piano,Gogol,0,117482,False,0.382,0.014,7,-27.667,0,0.0444,0.99,0.935,0.107,0.349,162.072,4,ambient
0fqveSCZR2TqGAtEid72Ua,Erland Cooper,Music For Growing Flowers,Music For Growing Flowers - Pt. 8,58,73678,False,0.402,0.0275,0,-25.462,1,0.0686,0.963,0.896,0.125,0.365,76.219,5,ambient
6jWAQNlfoScyyDijaa7uVO,Clint Mansell,Out of Blue (Original Motion Picture Soundtrack),Out Of Blue,43,122810,False,0.146,0.143,2,-19.2,0,0.0324,0.978,0.829,0.117,0.173,81.018,4,ambient
21lsdnxagzViwbRqNY0tCK,Jóhann Jóhannsson,The Theory of Everything (Original Motion Picture Soundtrack),A Game of Croquet,62,165572,False,0.22,0.043,4,-28.726,0,0.0438,0.975,0.402,0.062,0.11,118.456,3,ambient
23eNu1Z3GB7FGvI2VQYhYu,Yann Tiersen,Le Fabuleux destin d'Amélie Poulain (Bande originale du film),La valse d'Amélie - Version orchestre,55,120333,False,0.193,0.335,9,-8.681,0,0.0314,0.852,0.131,0.117,0.254,64.078,4,ambient
0Gfi0NProXzPEQbgBaz48D,Dirk Maassen,Time,Ethereal,42,203653,False,0.355,0.0552,7,-25.603,0,0.0334,0.976,0.915,0.131,0.195,106.809,4,ambient
2SBkwSedtTogejeZhh61IC,Mattia Vlad Morleo,Latent Dream,Latent Dream,54,232174,False,0.335,0.0615,4,-30.169,1,0.0435,0.995,0.927,0.109,0.0352,96.309,4,ambient
0HtWxjydJ3pEwT5nHJxxZ1,Bethel Music;Kari Jobe,Peace,Surrounded (Fight My Battles),55,303053,False,0.398,0.208,5,-10.525,1,0.0394,0.953,6.26e-06,0.108,0.132,129.682,4,ambient
6xyJSLkn2kVtanBp0omzla,Max Richter;Mari Samuelsen;Konzerthausorchester Berlin;Jonathan Stockhammer,Classical Running,November,0,368098,False,0.425,0.47,0,-10.452,1,0.0494,0.531,0.168,0.1,0.126,120.092,4,ambient
1FsMRxF4hMD7sCTNCE9Wil,Hildur Guðnadóttir,Halloween Musica Horror 2022,Waiting for the Engineer - From “Chernobyl” TV Series Soundtrack,0,91666,False,0.206,0.272,5,-19.152,0,0.0636,0.944,0.968,0.0801,0.0266,141.733,4,ambient
2unMCmT3nl0VBRFI3J0xIv,Tony Anderson,Nuit,Éclosion,46,295200,False,0.515,0.177,9,-28.931,0,0.0537,0.964,0.954,0.0999,0.496,149.964,4,ambient
7i1DkDc2j0yVsSt3jjDvk3,Novo Amor,"Woodgate, NY",Weather,62,232026,False,0.527,0.242,6,-13.546,1,0.0313,0.939,0.0435,0.114,0.112,143.848,4,ambient
7hbAuG4CFb8ee6IOBKKdar,Sebastian Plano,Klassische Weihnachtsmusik,A Present for a Young Traveller,0,189478,False,0.167,0.282,11,-15.214,0,0.0368,0.97,0.842,0.0892,0.0405,148.711,3,ambient
2fWCXfSnr07XKJAfPWlevl,Brambles,Charcoal,Pink And Golden Billows,50,178973,False,0.387,0.0616,7,-23.838,0,0.0422,0.99,0.915,0.058,0.279,209.852,3,ambient
0BnhFOwAh1ob5Wj1erelr8,Mohan,Shor in the City (Original Motion Picture Soundtrack),Ujale Baaz,15,243680,False,0.621,0.786,2,-9.086,1,0.0317,0.0646,0.00876,0.133,0.637,143.965,4,ambient
2ZUEopklc3lUm4OXUPB6WS,Bethel Music;Brandon Lake,Too Good To Not Believe (Live),Too Good To Not Believe - Live,55,633462,False,0.355,0.734,0,-8.221,1,0.0509,0.00177,0.0,0.0965,0.237,143.964,4,ambient
0lWqNkcbYNZpik6AjywkNm,Bethel Music;kalley,Por Siempre (Live),Por Siempre (Live),37,320013,False,0.336,0.697,2,-5.03,1,0.0339,3.07e-05,0.0,0.0598,0.125,138.122,4,ambient
311q3StU6e78qyti2HhaS2,Sleeping At Last,Lullaby,Lullaby,50,118833,False,0.495,0.0647,6,-13.052,1,0.0467,0.967,7.75e-05,0.135,0.249,118.967,3,ambient
2k7lStJS8TJvMNxbdClLMD,Aqua Timez,うたい去りし花,Velonica,56,278400,False,0.495,0.925,7,-3.193,1,0.0417,0.000129,0.0,0.139,0.587,136.977,4,anime
6ilTR3RpLCAHDt3Z6YuQGx,Cidergirl,シンデレラ,シンデレラ,62,212310,False,0.572,0.955,7,-2.617,1,0.0626,0.0141,0.0,0.315,0.717,129.981,4,anime
7nF9c1EmRF3BNAtKDCwUAK,Official HIGE DANdism,Editorial,Cry Baby,63,241680,False,0.346,0.901,1,-4.617,1,0.12,0.0103,0.0,0.358,0.434,199.934,4,anime
2kZIl5Qb9qTQvpuT13gj1a,Samuel Kim,The Batman Theme - Epic Version,The Batman Theme - Epic Version,42,297597,False,0.141,0.357,10,-11.102,0,0.0313,0.0942,0.927,0.107,0.038,79.973,4,anime
7dOGSR13vk5532IuIgKO4T,Eve,Smile,Raison Detre,57,222245,False,0.54,0.802,2,-4.085,0,0.0473,0.000103,7.43e-06,0.179,0.553,152.018,4,anime
1GsAU0aPUjNcYDbZErzVmI,Eve,Smile,Leo,49,247413,False,0.496,0.648,1,-5.796,0,0.0494,0.24,0.00103,0.103,0.115,89.75,4,anime
6fx2tRc1ez4qCPySzRRx1m,Hiroyuki Sawano,Attack On Titan The Final Season Original Soundtrack 02,YouSee-Power,40,257466,False,0.217,0.35,9,-10.26,0,0.0322,0.197,0.932,0.141,0.0942,61.992,4,anime
5bsGv6kAydbH8VTW0xup9D,ASCA,百歌繚乱,RESISTER,58,227080,False,0.483,0.946,8,-3.059,1,0.0906,0.00997,0.0,0.141,0.4,91.497,4,anime
1yt4wO7dKCwsfjch8SN9aU,Sayuri,花の塔,花の塔,67,275614,False,0.486,0.948,9,-1.59,1,0.122,0.0242,0.0286,0.137,0.507,170.015,4,anime
1qqbzYjbflz9oo0nwqrKSz,Taku Iwasaki,JOJO'S BIZARRE ADVENTURE -O.S.T.] Battle Tendency [leicht verwendbar],awake,49,201626,False,0.308,0.915,6,-4.66,1,0.0476,3.15e-05,0.00868,0.282,0.549,180.037,4,anime
481beimUiUnMUzSbOAFcUT,SUPER BEAVER,突破口 / 自慢になりたい,突破口,54,255080,False,0.472,0.994,8,-1.786,1,0.114,0.0259,0.0,0.0535,0.262,103.512,4,anime
1Eq8hJo7DCax546vu6hAzn,Rustage;McGwire,Fear My Touch (Death Note),Fear My Touch (Death Note),47,226223,False,0.682,0.903,8,-4.577,1,0.386,0.432,0.000158,0.085,0.242,140.015,4,anime
7GBDwr44ngVGTUU6fW4coD,Official HIGE DANdism,One-Man Tour 2021-2022 -Editorial-@Saitama Super Arena (LIVE),Bedroom Talk - LIVE,24,211640,False,0.502,0.607,11,-10.992,1,0.125,0.24,0.0,0.935,0.558,76.429,4,anime
1wzZ9SaE5PYW5jps5q1c24,KOHTA YAMAMOTO,Attack On Titan The Final Season Original Soundtrack 02,Footsteps of Doom,49,306373,False,0.102,0.581,5,-9.61,1,0.0394,7.19e-05,0.88,0.297,0.171,79.765,3,anime
0maSUktGFelOHPjTP8c1Kd,Eve,Smile,Inochi No Tabekata,60,224218,False,0.541,0.823,6,-4.734,0,0.055,0.0073,1.82e-05,0.251,0.553,143.037,4,anime
7LVsLHXVLscS5xY7q50TLT,eill,Koko de Iki wo Shite,Koko de Iki wo Shite,54,216672,False,0.671,0.76,8,-2.852,1,0.057,0.0639,0.0,0.124,0.796,107.007,4,anime
620KT2uyy5Pd9vjaPGdPzH,[Alexandros],I Wanna Go To Hawaii,Cat 2,32,241173,True,0.554,0.896,4,-4.492,0,0.0817,0.00128,8.34e-06,0.0353,0.519,97.472,4,anime
3xVCQGla5LLhrwqNS2FcHo,QUEEN BEE,Fire (Full Edition),火炎,59,215973,False,0.521,0.933,11,-4.874,0,0.179,0.034,2.07e-05,0.33,0.607,169.842,4,anime
364JzOajs76bJymjHm3sVY,Kenshi Yonezu,BOOTLEG,ピースサイン,71,238533,False,0.593,0.935,10,-3.853,0,0.0684,0.00221,0.0,0.315,0.618,100.003,4,anime
12F0tVmsEciTq6HImEbE2k,Official HIGE DANdism,One-Man Tour 2021-2022 -Editorial-@Saitama Super Arena (LIVE),Brothers - LIVE,21,322480,False,0.437,0.884,7,-6.755,1,0.11,0.00261,1.08e-05,0.652,0.407,166.98,4,anime
2uS2q42YqnsS3DUi4WuujW,Raimu,The Spirit Within,To Be Continued..,60,161344,False,0.539,0.26,8,-18.753,0,0.1,0.873,0.695,0.345,0.104,119.011,4,anime
7b7QqKepv8wY6VopSmQqX8,DISH//,No.1,No.1,55,230600,False,0.495,0.878,1,-4.3,1,0.058,0.0216,0.0,0.186,0.621,90.492,4,anime
76cUb9qc2hTwV5MV5xpvnK,Satoshi Takebe,From Up On Poppy Hill Soundtrack,Reminiscence,53,122600,False,0.448,0.0743,5,-22.274,1,0.112,0.992,0.818,0.0921,0.204,76.798,4,anime
1ezwbmmrYZVfXVLEoiqLnk,佐々木恵梨,TVアニメ『シュタインズ・ゲート ゼロ』オリジナル・サウンドトラック,GATE OF STEINER,43,254773,False,0.409,0.612,2,-6.437,0,0.0361,0.199,9.36e-06,0.144,0.367,147.886,4,anime
1say3kpM3yexV7hazGgXP1,MindaRyn,Daylight,Daylight,48,240578,False,0.482,0.838,8,-8.041,0,0.0496,0.016,0.0,0.0764,0.652,165.984,4,anime
2aLXBmo9asXX5vC3n2hY3r,Samael,Passage,Chosen Race,19,248226,False,0.402,0.959,3,-6.67,1,0.0677,1.23e-05,0.175,0.305,0.114,126.285,4,black-metal
3sXpEwbsoFfneTtOLwrbyu,Primordial,To the Nameless Dead,Traitors Gate,18,409506,False,0.0689,0.957,7,-5.024,1,0.0904,2.39e-06,0.258,0.0706,0.0647,185.43,1,black-metal
24sxcPbgnYmyMQm9N6o1Bs,Hypocrisy,A Taste of Extreme Divinity,Valley of the Damned,25,257013,False,0.4,0.984,3,-3.939,1,0.123,1.98e-06,0.901,0.324,0.0724,109.974,4,black-metal
2ZWUcwJFwHAKmfWbc1bOK9,Toxic Holocaust,Primal Future: 2019,Controlled By Fear,20,148411,False,0.498,0.92,2,-6.373,1,0.0389,0.00309,0.00382,0.119,0.483,92.517,4,black-metal
5JxyDHWj4XMRgvuRzWd9JK,Dimmu Borgir,Abrahadabra,Gateways,49,310026,False,0.172,0.943,10,-4.377,0,0.107,0.000224,0.000132,0.168,0.15,165.144,5,black-metal
6JbQtV4HUqGdRUZj08JRUX,Samael,Aeonics - An Anthology,Together,18,264880,False,0.465,0.895,0,-4.787,1,0.0528,0.0393,0.38,0.539,0.199,72.979,4,black-metal
3gq4nxtnH8HPLj6GgDD4xD,Moribund Oblivion,Manevi,Gecip Gittim,18,301413,False,0.455,0.758,3,-5.164,0,0.0428,1.33e-05,0.0503,0.0898,0.273,140.061,4,black-metal
1NGTfArxVfDc8u1P4kG9KX,Hypocrisy,The Arrival,War Within,22,292506,False,0.53,0.959,7,-5.257,1,0.0502,1.23e-05,0.851,0.359,0.358,124.967,4,black-metal
5eDW8o3J9bTYzYNFQdrGut,Old Man's Child,In Defiance of Existence,In Defiance of Existence,21,296880,False,0.229,0.846,1,-5.895,0,0.0414,2.12e-06,0.705,0.491,0.175,104.986,3,black-metal
5faD0zZ9fMa3J5ZN3lIWtp,Entombed,Left Hand Path,Left Hand Path,46,399093,False,0.166,0.927,7,-8.797,1,0.0736,3.94e-06,0.651,0.344,0.219,131.984,4,black-metal
0o4r0WEOQcITh4vUrU7M4M,Vreid,Lifehunger,Sokrates Must Die,18,208798,False,0.27,0.968,9,-5.351,0,0.104,2.02e-06,0.101,0.336,0.201,168.024,4,black-metal
45aND8JvZA7mJCrrZUjZAy,Conan,Levitation Hoax,Levitation Hoax,18,329674,False,0.202,0.837,2,-8.207,1,0.0446,1.75e-05,0.653,0.23,0.38,122.309,4,black-metal
2UznT9UMFxx41vmzWm5Bmi,Tiamat,Wildhoney (Re-Issue + Bonus) [Remastered],The Ar - remastered,18,304546,False,0.445,0.882,0,-6.852,1,0.0458,0.0253,0.694,0.757,0.101,127.577,4,black-metal
1ghbMdugKTOluXxDiIc1Pp,Totalselfhatred,Totalselfhatred,Enlightment,39,341040,False,0.211,0.447,9,-6.096,0,0.0498,0.00296,0.805,0.109,0.0449,121.237,4,black-metal
6ElJ54n49iDJh8WmAAXx2r,Abbath,Abbath,Eternal,16,276944,False,0.467,0.969,1,-6.543,1,0.0836,2.67e-06,0.654,0.148,0.247,109.0,4,black-metal
6wqu6LuW5ALfsN5jPmkCMh,Opera IX,The Black Opera,The First Seal,16,579360,False,0.192,0.875,6,-5.088,0,0.0557,2.57e-05,0.776,0.108,0.128,128.669,4,black-metal
5IXtD2TsspSRVym4DVgdt8,Inquisition,Black Mass for a Mass Grave,Extinction of Darkness and Light,17,339358,True,0.292,0.984,0,-5.373,1,0.106,3.51e-05,0.211,0.202,0.0358,129.835,4,black-metal
2gpFhHwBF5IZwP61MaMtPX,Devil Master,Ecstasies Of Never Ending Night,Abyss in Vision,19,284053,False,0.456,0.93,3,-8.3,1,0.0514,0.000138,0.917,0.243,0.119,128.212,4,black-metal
7rQppQkXdaEbQI4wq22I7X,Hypocrisy,The Fourth Dimension / Maximum Abduction,Reborn,19,188000,False,0.315,0.948,8,-7.621,1,0.102,9.69e-05,0.198,0.326,0.318,113.139,4,black-metal
53c9YHuifgAWJoqgPOgPUn,Unleashed,Gods of Death Metal,Long Before Winter's Call,0,227616,False,0.37,0.993,7,-4.465,1,0.131,7.84e-05,0.00622,0.127,0.0398,103.052,4,black-metal
6WuqJLVZcyJklg7lIozAO8,Cradle Of Filth,Nymphetamine Special Edition,Nymphetamine Fix,54,302360,False,0.462,0.905,0,-3.825,0,0.0438,0.00066,0.0402,0.0839,0.253,122.925,3,black-metal
3ffljpjKfPISFjCt4zpYUk,Make Them Suffer,Hollowed Heart,Hollowed Heart,11,231899,False,0.302,0.985,11,-2.869,1,0.164,5.67e-05,0.000497,0.154,0.364,90.814,4,black-metal
5jJ7w67X9eF97InANB9xkV,Khold,Svartsyn,Bryt i Udåd Ut,17,309358,False,0.406,0.728,9,-13.064,1,0.0391,4.6e-06,0.00179,0.327,0.375,143.975,4,black-metal
20GcfxNGnwLuhuRPkigmSX,Primordial,To the Nameless Dead,No Nation On This Earth,17,492000,False,0.0954,0.869,2,-5.071,0,0.0802,3.2e-06,0.31,0.348,0.137,89.08,4,black-metal
1Pj511so3LG0PKCkZrkd5Z,Seth,La Morsure Du Christ (Deluxe Edition),Métal Noir,18,297046,False,0.0731,0.962,5,-4.567,1,0.128,4.6e-06,0.00564,0.17,0.0722,178.633,3,black-metal
1QJPE61wARrvuVKot1HH3T,The Wailin' Jennys,Live at the Mauch Chunk Opera House,One More Dollar,28,318413,False,0.484,0.258,9,-12.432,1,0.0317,0.708,6.45e-06,0.699,0.167,129.72,3,bluegrass
1BglQ2RycnlMVp4HzoUSNP,Jimmy Martin,Best Of The Best (Original Federal Recordings),Free Born Man - Original Federal Recordings,21,174640,False,0.56,0.781,9,-8.251,1,0.0575,0.238,0.000265,0.0779,0.814,121.127,4,bluegrass
24pJL3LEPj3M6gciuQwFlU,The Avett Brothers,"Live, Vol. 3 (Live At Bojangles' Coliseum/2009)",I And Love And You - Live At Bojangles' Coliseum/2009,23,327480,False,0.449,0.443,2,-8.386,1,0.035,0.776,1.37e-05,0.341,0.227,69.79,4,bluegrass
6aViDQHPdw0UUYDGIKV8k1,Laurie Lewis;The Right Hands;Linda Ronstadt,The Hazel and Alice Sessions,Pretty Bird (feat. Linda Ronstadt),20,158973,False,0.448,0.0185,6,-13.467,1,0.061,0.945,0.0,0.165,0.272,132.063,5,bluegrass
3PAwXy3RYt2mm7nDg0SVCk,Pickin' On Series;Brad Davis;Lou Ann Price,Pickin' On the Biggest Hits of the 1980s Vol. 2,Walking on Sunshine,21,224920,False,0.76,0.628,5,-6.891,0,0.0276,0.598,0.000175,0.119,0.889,108.971,4,bluegrass
3Asrs6jHTjKCYoVmQ30NHB,Alison Krauss & Union Station,Live,"Faraway Land - Live From The Louisville Palace, Kentucky / 2002",23,199240,False,0.471,0.623,7,-10.149,0,0.0414,0.666,1.19e-06,0.672,0.499,118.579,4,bluegrass
3JLIzLd9scrMNiXjTeW0JR,Wood Belly,Solid Ground,Colorado Hipster Beard,31,243640,False,0.659,0.574,2,-9.328,1,0.0272,0.174,3.52e-05,0.333,0.665,133.958,4,bluegrass
2WHlwCAZB6hLFsrXffOmxx,The Devil Makes Three,A Little Bit Faster And A Little Bit Worse,Tow,21,247800,False,0.399,0.431,7,-10.991,0,0.0659,0.705,1.58e-05,0.804,0.678,167.313,4,bluegrass
0tBH1LgOYu7yWx6yyJcyFL,Greensky Bluegrass,Stress Dreams,New & Improved,26,347071,False,0.529,0.539,7,-13.324,1,0.0331,0.355,0.29,0.348,0.558,124.156,4,bluegrass
6WyNYIchqhRaBQz5ZTxmm1,Mipso,Old Time Reverie,Captain's Daughter,24,214411,False,0.634,0.29,5,-11.163,1,0.0318,0.878,0.0017,0.138,0.688,109.972,4,bluegrass
0mFErfI7fGpwQA3KqF4W6l,Balsam Range,Trains I Missed,East Virginia Blues,31,172133,False,0.558,0.831,9,-6.656,1,0.0318,0.459,0.00101,0.258,0.883,140.021,4,bluegrass
3fN9iIYdhuGjSZ5j27OOMX,The Bluegrass Cardinals,The Essential Bluegrass Cardinals: The Definitive Collection,I Wonder Where You Are Tonight,20,161973,False,0.438,0.506,7,-8.728,1,0.0389,0.501,0.000406,0.231,0.867,116.993,4,bluegrass
0uyG9P8SaaeRpwdQ0AIahd,The Boxcars,All In,Jeffrey's Hell,29,199453,False,0.698,0.563,5,-10.275,0,0.0339,0.551,0.000364,0.0663,0.83,111.977,4,bluegrass
1C1QwIyNI2DMoGaMd134e3,Old Crow Medicine Show,Volunteer,Shout Mountain Music,22,151426,False,0.504,0.916,9,-4.845,1,0.0569,0.499,1.99e-05,0.286,0.701,148.193,4,bluegrass
1jZUoGMARmObDTOJ9pfW0J,The Wood Brothers,Kingdom in My Mind,Jitterbug Love,27,201706,False,0.659,0.721,0,-9.035,1,0.0523,0.531,0.000931,0.34,0.728,96.118,4,bluegrass
7N0GlJusajrDjWCyS3Rjb3,Alison Krauss & Union Station,So Long So Wrong,No Place To Hide,22,208240,False,0.607,0.748,6,-7.204,0,0.032,0.376,0.0201,0.0674,0.783,105.306,4,bluegrass
1BEfl5hd7hNJs6KjtGvANs,Dan Tyminski;Molly Tuttle,Church Street Blues (feat. Molly Tuttle),Church Street Blues (feat. Molly Tuttle),23,184453,False,0.558,0.592,3,-8.642,1,0.0287,0.729,4.79e-06,0.142,0.842,109.373,4,bluegrass
1seWKAWyryR97hIuhDy5mT,Chatham County Line,IV,Let It Rock,20,200266,False,0.744,0.82,8,-6.741,1,0.0279,0.342,1.05e-05,0.0812,0.947,124.389,4,bluegrass
6laLzRAweI0HEOYDMO4Kds,Alison Krauss & Union Station,Live,"Tiny Broken Heart - Live From The Louisville Palace, Kentucky / 2002",25,188400,False,0.466,0.815,9,-8.479,1,0.0355,0.159,0.000236,0.864,0.866,112.448,4,bluegrass
7v3No0Ib7ZcvsNOBahkrFZ,Flatt Lonesome,Flatt Lonesome,I’d Miss You,22,198173,False,0.671,0.595,4,-6.055,1,0.028,0.709,0.000115,0.111,0.734,99.01,4,bluegrass
3IP8Vd0laM4b4NHcEUhU2Z,Railroad Earth,Last of the Outlaws,Chasin' a Rainbow,22,246520,False,0.474,0.754,7,-5.684,1,0.0275,0.0738,0.00747,0.0949,0.632,148.091,4,bluegrass
5Oi9Kfwzw689QkKOsRHvEp,The Avett Brothers,A Carolina Jubilee,I Killed Sally's Lover,24,157120,False,0.61,0.792,7,-6.372,1,0.0305,0.183,6.49e-06,0.0801,0.961,140.149,4,bluegrass
2xGkuANyhyQQZ4yRIFDSum,The Dillards,Back Porch Bluegrass,Somebody Touched Me,23,145400,False,0.404,0.653,11,-11.771,1,0.0373,0.392,0.0,0.333,0.745,154.161,4,bluegrass
2lH4MX29QLQd0CABeNSzMb,The Devil Makes Three,Do Wrong Right,For Good Again,33,272333,False,0.634,0.609,9,-8.957,1,0.0396,0.728,0.000415,0.109,0.825,111.54,4,bluegrass
1XHwBwt031FfuWy3e6cPdP,Railroad Earth,Elko,Colorado,20,566200,False,0.435,0.891,7,-5.021,1,0.0333,0.436,0.00262,0.919,0.77,127.341,4,bluegrass
2yQJT5fopKSAdJB2aaLgwr,Ella Fitzgerald,World's Best Christmas Playlist,Sleigh Ride,0,175986,False,0.593,0.287,1,-12.472,1,0.0469,0.764,0.0,0.153,0.639,77.117,4,blues
0DnGfA1r8pAssJCuq4ojla,Gary Moore,Still Got The Blues,Still Got The Blues,68,370866,False,0.189,0.39,9,-14.497,0,0.0353,0.257,0.000152,0.122,0.32,169.563,3,blues
6FRwDxXsvSasw0y2eDArsz,Cream,Disraeli Gears,Sunshine Of Your Love,60,250000,False,0.684,0.481,2,-12.59,1,0.0384,0.475,6.57e-05,0.118,0.784,115.078,4,blues
3WBJcwnBI1eocuhkwTz8dg,Bachman-Turner Overdrive,On air 70's Hits,Takin' Care Of Business,0,291733,False,0.728,0.919,10,-5.751,1,0.0494,0.0495,0.0,0.152,0.963,130.22,4,blues
7CTtRVeuLsEYy1NlC16pCk,Ella Fitzgerald,Christmas Best Hits 2022,Rudolph The Red-Nosed Reindeer,0,171773,False,0.596,0.315,8,-9.175,1,0.0428,0.961,0.0,0.258,0.64,119.935,4,blues
6ENifBjrslwLx69tQFzHvj,Karen Wolfe,A Woman Needs A Strong Man,Sothern Soul Party Mood,32,250573,False,0.975,0.387,7,-3.691,0,0.0448,0.0308,2.75e-06,0.0312,0.907,109.009,4,blues
3y3Wayk7zGwKsffrbayBzl,Sir Charles Jones;Calvin Richardson;Omar Cunningham,The Masterpiece,Call on Me,34,283653,False,0.39,0.314,4,-16.44,1,0.153,0.491,0.0,0.114,0.601,76.179,4,blues
0SzNyaaHr8irGzhulluvli,Carbonas,Carbonas,Phone Booth,32,112600,False,0.338,0.985,10,-6.238,1,0.166,0.00717,0.000526,0.743,0.132,104.665,4,blues
2wuVLKBAcmvYUOhjCQDQNl,Lou Rawls,Helloween Party,Season Of The Witch,0,351160,False,0.627,0.706,2,-9.146,0,0.0353,0.146,5.46e-05,0.113,0.896,88.833,4,blues
6gJnxMZphJt3sk2JJXTkoJ,John Lee Hooker,Urban Blues (Expanded Edition),Boom Boom,58,160560,False,0.646,0.395,1,-12.828,0,0.254,0.269,0.00666,0.0741,0.848,155.839,4,blues
30QD4VRP9yEneOh0eGTrtJ,Billie Holiday,Solitude,Solitude,67,207600,False,0.462,0.15,8,-13.531,1,0.0522,0.984,0.000902,0.105,0.19,98.66,3,blues
4Lq2eCJPkusiiLBfoD05d0,Zayde Wølf,Golden Age,Born Ready,54,229583,False,0.432,0.866,2,-4.466,0,0.0657,0.0813,0.0,0.115,0.353,68.039,4,blues
4TY91MKgroBcAXmnnCk2UO,Irma Thomas,christmas but not christmas songs,Anyone Who Knows What Love Is (Will Understand),0,181293,False,0.389,0.29,2,-11.868,1,0.0393,0.406,4.13e-05,0.0758,0.158,185.01,3,blues
4YBtyQJz3DXZaZjHiFN5Dd,Dinah Washington,The Greatest Jazz Mix,September In The Rain,0,129332,False,0.401,0.213,1,-13.124,1,0.0544,0.342,1.01e-05,0.0596,0.678,110.623,4,blues
1gcESexgftSuLuML57Y69q,Free,Fire And Water,All Right Now,73,330643,False,0.787,0.472,2,-12.824,1,0.0832,0.221,0.000336,0.153,0.824,120.059,4,blues
4aChMGqE8sfqt97CZAvXKa,Tinariwen,Africa Rising Vol.1,Cler Achel,0,267533,False,0.685,0.797,2,-5.372,1,0.0558,0.506,0.00935,0.069,0.926,98.612,4,blues
5qI9gSVZRtAcbkw1Xzx0B9,Ella Fitzgerald,Christmas 2022,Frosty The Snowman,0,131733,False,0.579,0.502,8,-7.57,1,0.0513,0.733,0.0,0.281,0.836,76.783,4,blues
5QjuTblPokfD03fkfHUuVK,Dave Van Ronk,Folksinger,"Hang Me, Oh Hang Me",54,190106,False,0.504,0.0273,2,-21.441,1,0.0415,0.931,1.1e-05,0.109,0.395,120.24,4,blues
2op382Kdc0G9NKeVyzm7Vh,Donnie Ray,Best of Donnie Ray,Letter to My Baby - Part 2,35,322253,False,0.785,0.574,6,-8.497,0,0.0276,0.129,0.000757,0.116,0.787,99.973,4,blues
0InX6IpOB64A0E21eiOkIE,John Mayall & The Bluesbreakers,Fiesta temática 60s,Little Girl - Mono,0,153400,False,0.408,0.719,0,-3.409,1,0.0284,0.00611,2.89e-05,0.31,0.837,82.876,4,blues
4U6mBgGP8FXN6UH4T3AJhu,Joe Cocker;Jennifer Warnes,The Anthology,"Up Where We Belong - From ""An Officer And A Gentleman""",70,232666,False,0.624,0.306,2,-11.831,1,0.0318,0.634,2.67e-05,0.0632,0.227,139.912,4,blues
7hAZZj0Obta5dS1oYzWBcu,Esterly;Austin Jenckes,Bad Man,Bad Man,45,200823,False,0.397,0.536,10,-6.812,0,0.0685,0.0914,0.0,0.0884,0.301,81.183,4,blues
68zhLiVF3gEKnmgtfCCsen,Otis Redding,World's Best Christmas Playlist,"Merry Christmas, Baby [take 1] - Take 1",0,152933,False,0.746,0.458,11,-8.844,1,0.0312,0.0631,0.0,0.167,0.942,100.429,4,blues
0AXtdoJaVk6W8pcYstecgw,Raz Dwa Trzy,Muzyka Z Talerzyka-Najzdrowsze Kawalki,Czarna Inez,32,193226,False,0.595,0.806,2,-7.019,1,0.0442,0.199,8.02e-05,0.0204,0.718,120.172,4,blues
5Ofrnv2h5jrKQuc0WDAY5H,Z.Z. Hill,Down Home,Cheating In The Next Room,35,216373,False,0.682,0.347,10,-16.572,1,0.0628,0.145,5.26e-06,0.0686,0.694,82.115,4,blues
2zsBzaQiHi7oaOCVpYBUxN,Gabriel Brito,Incomparável Amor (Acústico),Incomparável Amor - Acústico,44,173871,False,0.494,0.206,7,-8.657,1,0.0323,0.822,3.13e-06,0.236,0.276,125.89,4,brazil
23l6b9hLwkNJGTZJoJPRAY,Yung Buda,Zero,Skin do Kof,44,84961,True,0.718,0.416,0,-7.583,1,0.0744,0.0117,0.0,0.341,0.459,130.105,4,brazil
3xmYT6XDkqMpQCA8hHdKip,Haikaiss;Salazar,"Fotografia de um Instante, Vol. 1 & 2",De Longe,44,190831,False,0.732,0.433,1,-8.723,1,0.302,0.716,0.0,0.107,0.695,94.005,4,brazil
2MlMI8EvmLlWYXVcdfSAxs,O Rappa,O Rappa - Acústico Oficina Francisco Brennand (Deluxe) [Ao Vivo],Uma vida só - Ao vivo,45,235864,False,0.46,0.898,5,-4.922,0,0.0412,0.0112,0.00108,0.649,0.746,92.148,4,brazil
2Adshg6ixiUmC5ljN4Anx5,Elis Regina,Ressaquinha,Corcovado,0,232786,False,0.396,0.44,0,-9.062,1,0.0459,0.915,5.1e-05,0.697,0.18,105.145,4,brazil
1XqWGzOdE6Q6FgFwAg0t9R,Xamã;Bagua Records;Luccas Carlos,O Iluminado,Uma Linda Mulher,54,208000,True,0.704,0.616,6,-7.042,0,0.0818,0.299,0.0,0.0856,0.161,89.974,4,brazil
60SVKic93qC7WC7cdm3y4U,Raul Seixas,Abre-Te Sésamo,Aluga-Se,50,158266,False,0.71,0.823,0,-8.713,1,0.0901,0.467,0.0,0.0982,0.967,143.138,4,brazil
6qQBEy6IctIb8cm3Q4SG9E,Fernandinho,Acústico,Mais Alto - Acústico,46,273493,False,0.513,0.442,0,-7.597,1,0.0295,0.589,0.0,0.128,0.12,138.982,4,brazil
2fK7vE5xZRvBAjKOOqkrSe,Eli Soares;Álvaro Tito,Memórias 2 (Ao Vivo),Não Há Barreiras - Ao Vivo,46,264164,False,0.565,0.526,9,-9.087,1,0.0578,0.518,4.47e-06,0.715,0.716,139.972,4,brazil
4AJSezeHRUJsQGlnhSQDUM,O Rappa,O Rappa - Acústico Oficina Francisco Brennand (Deluxe) [Ao Vivo],Cruz de tecido - Ao vivo,43,263894,False,0.506,0.793,5,-7.115,1,0.154,0.498,3.16e-05,0.947,0.429,98.582,4,brazil
0EVhfRiVBGjrIUFyW0Aaut,Maneva,Tudo Vira Reggae II (Ao Vivo),Apelido Carinhoso / Cigana - Ao Vivo,48,381045,False,0.765,0.534,2,-6.867,1,0.101,0.258,4.82e-06,0.102,0.512,143.865,4,brazil
32XOaqmQqFWggQzrwGSuRn,Froid;Alaska,Kyoto,Kyoto,49,186709,True,0.642,0.514,1,-8.357,0,0.27,0.626,0.0,0.129,0.675,170.975,4,brazil
0kMbVxfU2Wh02337pC54Ap,Um Barril de Rap,2ª Via,Carteira de Habilitação,49,160512,True,0.578,0.699,1,-9.192,0,0.36,0.4,1.17e-06,0.246,0.772,119.738,4,brazil
0udrtBC4E19RBX33bdQPLo,Don L,Roteiro pra Aïnouz (Vol. 2),enquanto recomeça,48,187504,False,0.686,0.637,1,-6.821,0,0.0737,0.057,0.00451,0.189,0.214,146.067,4,brazil
6rSNgGImNmGPcosJiPLgzs,Pedro Henrique,Descendência,Descendência,48,337416,False,0.525,0.665,11,-5.225,1,0.0443,0.0727,0.0,0.314,0.503,119.894,4,brazil
4eELP0HdMbzprczCQEqme4,Padre Marcelo Rossi,Ágape Musical,Meu Mestre,43,248760,False,0.52,0.451,4,-9.247,1,0.0254,0.686,0.0,0.225,0.367,129.951,4,brazil
7fpvwvVR2zhNaWUAUDXznF,Marcelo Markes,Melhor Lugar: Sessão Acústica,Melhor Lugar: Sessão Acústica,46,252874,False,0.335,0.298,8,-12.329,0,0.0328,0.859,0.00183,0.109,0.105,126.957,4,brazil
3c1MH4Rr0z7HP86NKvJkGL,Onze:20;Projota,A Nossa Barraca,Deixo Você Ir,43,235229,False,0.384,0.582,8,-9.035,1,0.0925,0.0264,0.0,0.494,0.611,139.91,4,brazil
467iefma0LTxEA2EiuQeNN,Israel Salazar;Gabriel Guedes de Almeida,Salazar (Ao Vivo / Deluxe),Canção Ao Cordeiro - Ao Vivo,46,365206,False,0.393,0.532,1,-11.796,0,0.0412,0.0122,0.0,0.111,0.225,133.993,4,brazil
6ael0a5FVQXGupOfzpkoOB,Lukas Agustinho,Milagres (Acústico),Milagres - Acústico,43,290000,False,0.246,0.26,2,-9.556,1,0.0334,0.776,0.0,0.146,0.129,90.369,3,brazil
2vfZqjFC0QsRMewYWAiY9Y,Kid Abelha,Só as Melhores do Pop Rock Brasileiro,Lágrimas e chuva,0,273426,False,0.706,0.8,9,-9.421,0,0.0516,0.0332,0.037,0.0488,0.725,122.396,4,brazil
4XuEiko0gQBN73HsRTNhkP,Ponto De Equilíbrio;Gabriel O Pensador,Essa É a Nossa Música,Nossa Música,45,232771,False,0.723,0.715,6,-4.999,0,0.093,0.065,0.0,0.161,0.773,90.014,4,brazil
21Y2IgF2u7IpXSjmOMYO90,Pouca Vogal,Pouca Vogal (Ao Vivo),Refrão de Bolero (Ao Vivo),48,182146,False,0.519,0.435,11,-8.348,0,0.0354,0.724,8.81e-05,0.746,0.311,150.154,4,brazil
0VpcSl7QEqVEiAZLQFW0rm,Tim Maia,Tim Maia In Concert,Sossego,44,237306,False,0.572,0.925,5,-5.049,1,0.0737,0.0817,0.0229,0.631,0.68,116.362,4,brazil
1svDKiz3n0VluHe1kxD0ay,O Rappa;Marcos do Pifano e João do Pife,O Rappa - Acústico Oficina Francisco Brennand (Deluxe) [Ao Vivo],Vida Rasteja / Vassourinha / Voltei Recife / Asa branca / Está bhegando a hora / Frevo no pé da serra (Participação especial João do Pife e Marcos do Pífano) - Ao vivo,42,303455,False,0.509,0.77,10,-7.735,0,0.0878,0.165,0.0296,0.707,0.477,91.41,4,brazil
3BlCwgDsg0FYDfsZuYz7CD,Dub Pistols;Ragga Twins,Addict,Two Generals,14,271567,False,0.532,0.948,7,-4.693,1,0.0955,0.00533,0.0,0.148,0.187,175.949,4,breakbeat
5bdXzykQmyiUB91lqrNvOC,Freestylers;Pendulum;SirReal,Against the Grain Classics,Painkiller,43,332200,False,0.532,0.934,7,-4.663,1,0.0758,0.000627,0.000836,0.185,0.448,174.953,4,breakbeat
2jv4OlzLv7sfhKiZmm9Eb2,The Prodigy,The Day Is My Enemy,Wild Frontier,34,268000,False,0.413,0.961,7,-6.937,1,0.062,0.000582,0.231,0.361,0.301,139.988,4,breakbeat
1bLJznOO8mA313bCGcwr5l,Rennie Pilgrem;BLIM,Classic TCR,2 Freaks - Unreleased Dub Mix,10,515480,False,0.784,0.972,1,-8.875,1,0.051,0.000671,0.903,0.299,0.628,132.002,4,breakbeat
11kxpeNcesgPcBkut0sgoj,CIRRUS,Back on a Mission,Abba Zabba,10,313800,False,0.595,0.963,0,-5.035,1,0.146,0.175,0.00896,0.961,0.725,169.718,4,breakbeat
7fUsp5n5w1qno9EfeTXKpP,The Breakfastaz,Psychopath/ Freefall,Freefall,16,394000,False,0.655,0.899,10,-7.95,0,0.0369,0.00013,0.83,0.0694,0.588,138.01,4,breakbeat
3MmAMXCl5e3oJFMzhpfXkM,The Crystal Method,Vegas,Keep Hope Alive,38,372666,False,0.545,0.971,5,-9.097,1,0.0567,0.00113,0.891,0.0876,0.35,125.035,4,breakbeat
6ItJiSoClzT0D2l1Hxc8QX,Lady Waks;Mutantbreakz;Kathika,Bass Shakers 2015,Soundboy - Original Mix,10,273230,False,0.718,0.946,7,-4.516,1,0.0686,0.00195,1.31e-06,0.0564,0.596,130.002,4,breakbeat
2yqxTNTqYdVVy1LpzpfTLn,Dub Pistols;Seanie Tee,Return of the Pistoleros,This Anthem,10,263386,True,0.713,0.877,7,-5.691,1,0.25,0.178,0.0,0.283,0.536,97.003,4,breakbeat
6SiIq2zc4Rs1au0gCC7YMO,Noisia,Outer Edges,Anomaly,32,243123,False,0.508,0.959,11,-1.417,0,0.0969,0.000163,0.806,0.195,0.149,171.905,4,breakbeat
2aRWAz05qiQ9j5HgX7xNHC,Noisia;Burr Oak,The Resonance IV,Stigma - Burr Oak Remix,32,273488,False,0.55,0.865,7,0.025,1,0.0473,0.0085,0.894,0.409,0.12,171.973,4,breakbeat
0gLgXjymQiOmMlnAfSVp9F,Rabbit In The Moon,Delusions of Grandeur,Out of Body Experience - Burning Spear,11,536377,False,0.728,0.718,2,-8.699,1,0.0467,0.00932,0.842,0.219,0.261,129.296,4,breakbeat
2QMWq7sh8rLhDTkNsXEjMG,The Crystal Method,Vegas (Deluxe Edition),Comin' Back,10,338813,False,0.556,0.963,5,-7.186,1,0.0845,0.0515,0.605,0.148,0.103,129.014,4,breakbeat
1YnQLetJmFSLelUte6sTzB,Ed Solo;Deekline,Welcome To The Jungle: The Ultimate Jungle Cakes Drum & Bass Compilation,Bongo Bong - Original Mix,12,323657,False,0.677,0.959,2,-3.876,1,0.0513,0.00097,0.00332,0.0509,0.818,174.973,4,breakbeat
6u72pIRsRCxA0nTdUfMr5c,Ed Solo;Darrison,Don't Stop,Green Light,10,247542,False,0.798,0.737,10,-5.343,0,0.205,0.00167,2.42e-05,0.137,0.707,175.057,4,breakbeat
29MNXSZGC5vL3ej4qewiFZ,The Prodigy,No Tourists,Need Some1,7,162895,False,0.398,0.988,2,-7.556,1,0.0978,0.0517,0.552,0.429,0.0961,184.076,4,breakbeat
4ao0wSlFZ8DphzPMZROwQK,Overseer,Superconductor EP,Superconductor,34,258131,False,0.504,0.937,1,-7.839,0,0.0455,4.58e-06,0.826,0.373,0.0657,140.045,4,breakbeat
7jf6Z36uFyJzZmhGMrhNi5,Deekline;Ed Solo;Ben Snow;Top Cat;Jappa,Bad Boys Remix,Bad Boys - Ben Snow & Jappa Remix,44,343636,False,0.733,0.91,4,-1.349,0,0.0439,0.174,0.256,0.111,0.296,87.995,4,breakbeat
4LrvBNKVRY2pBhpDPdzqUS,DJ Icey,Ride Mountain Ride,The Zapper (Zap VIP),11,190664,False,0.812,0.604,7,-6.579,1,0.0587,0.000842,0.753,0.109,0.172,127.99,4,breakbeat
2xETIuyVWAjWXFSbqngBYq,Rennie Pilgrem,Sp ace2feel,Sp ace2feel - Dub,11,322480,False,0.644,0.913,5,-8.782,0,0.0559,0.00656,0.883,0.0809,0.45,134.002,4,breakbeat
43F49A8ReVXhH7l0jGMViS,The Crystal Method,Vegas,Busy Child,45,445000,False,0.656,0.888,10,-7.137,0,0.0423,0.0153,0.0369,0.227,0.68,125.02,4,breakbeat
2tKXrorgfX5RzIyuHlv8Dn,Drumattic Twins,Heads Up High / 8-Track,8-Track,14,175145,False,0.677,0.931,1,-2.038,1,0.0491,0.000879,0.892,0.0137,0.962,131.941,4,breakbeat
1YOylgJbV4yKD1VITry6A1,Noisia,Devil May Cry (Original Game Soundtrack),Hunter Theme,28,249767,False,0.383,0.881,1,-6.417,0,0.0781,0.00219,0.784,0.115,0.26,110.799,5,breakbeat
0BrYmJGUDvvJLcpz0EXVwg,Aphrodite,Aphro Classics 4,Underworld,9,406190,False,0.744,0.933,2,-1.945,1,0.0594,0.00862,0.154,0.189,0.269,86.767,4,breakbeat
144adL7pGHEWRwute2wxzZ,The Prodigy,Invaders Must Die,Omen,59,216026,False,0.545,0.953,7,-5.172,1,0.0441,0.000941,0.117,0.281,0.558,140.002,4,breakbeat
6WISfiNXEcOMBFEQ5Gla1H,The Rolling Stones,(70's) Seventies Collected Volume 2,Fool To Cry - Remastered 2009,0,305920,False,0.384,0.448,5,-7.397,1,0.043,0.9,0.0561,0.114,0.27,135.128,4,british
1sjmKmR4u9xDeJHjDCn2bZ,The Beatles,Sgt. Pepper's Lonely Hearts Club Band (Super Deluxe Edition),Penny Lane,56,182053,False,0.633,0.385,9,-9.967,1,0.0358,0.411,8.72e-05,0.095,0.647,113.956,4,british
0Rpqo36TnUZplojq6qqI4J,Craig David;Galantis,DNA,DNA,24,177213,False,0.672,0.881,9,-3.142,0,0.0447,0.0588,0.0,0.406,0.68,122.012,4,british
4mGdjNMo0RonTlOEb7cYg4,YUNGBLUD;Halsey;Travis Barker,11 Minutes (with Halsey feat. Travis Barker),11 Minutes (with Halsey feat. Travis Barker),66,239507,True,0.464,0.852,11,-3.804,1,0.067,0.0116,0.0,0.108,0.233,160.075,4,british
5TFDKCg738tqykCuezzoL1,DragonForce,Ultra Beatdown,Heroes Of Our Time,50,435506,False,0.137,0.987,2,-3.367,1,0.167,0.000106,0.000475,0.379,0.28,199.964,4,british
53xdABEP9hyvBwvuXpzeXG,Henry Jackman,Captain America: The Winter Soldier (Original Motion Picture Soundtrack),The Winter Soldier,42,384666,False,0.252,0.378,1,-15.31,1,0.0393,0.00405,0.939,0.469,0.0351,114.955,4,british
0OdhpoWEDTLsUcTNFlYkY3,Simply Red,Supa Chill,Love Fire,0,238066,False,0.754,0.427,3,-14.662,1,0.0318,0.157,0.00406,0.107,0.871,124.839,4,british
7hhxzsZse96VD6lr4tullS,Roo Panes,Nightjar and the Nightingale,Remember Fall In Montreal,54,301413,False,0.455,0.297,0,-11.952,1,0.0304,0.921,0.191,0.12,0.179,135.879,4,british
4KzOYxD4qIkUtZV9ZYakGu,YUNGBLUD;Dan Reynolds,original me (feat. dan reynolds of imagine dragons),original me (feat. dan reynolds of imagine dragons),55,205320,True,0.471,0.786,1,-5.24,1,0.192,0.00888,1.89e-06,0.187,0.61,160.01,4,british
6NdG17SJBXKJeYS67f7E74,Adele,25,I Miss You,60,348625,False,0.382,0.578,5,-4.246,1,0.047,0.00982,1.44e-05,0.433,0.156,113.072,4,british
1J7wMZrvCtWZlXBdMM25Ce,The Beatles,Love,Strawberry Fields Forever,48,271973,False,0.383,0.558,11,-10.319,1,0.0514,0.0303,3.98e-05,0.555,0.207,102.508,4,british
3N4DI1vuTSX1tz7fa2NQZw,Amy Winehouse,Back To Black (Deluxe Edition),Rehab,73,214946,False,0.407,0.558,0,-13.609,1,0.0552,0.0541,1.51e-06,0.34,0.777,71.815,4,british
012JFkVnfxxnL0dN29j73L,The Spencer Davis Group,(60's) Sixties Collected Volume 2,Keep On Running - Remastered 2010,0,168280,False,0.671,0.689,9,-7.755,1,0.0932,0.328,2.95e-06,0.352,0.811,138.306,4,british
2uhEKg8kIzpdvz4gyy6x8W,Ben Howard,Every Kingdom,Only Love,71,249173,False,0.545,0.485,8,-9.941,1,0.151,0.3,0.00137,0.119,0.341,80.401,4,british
5Fcr7a1C9wAwReIOdzdZ30,Gustav Holst;Sheku Kanneh-Mason;Isata Kanneh-Mason,Weihnachten Klassik 2022,In the Bleak Midwinter (Arr. Kanneh-Mason),0,331121,False,0.261,0.0443,5,-25.362,1,0.0481,0.974,0.749,0.107,0.244,76.769,4,british
6cMa0G311OqrInQCboBJuI,Peppa Pig,Peppa's Club,Peppa's Club,44,218839,False,0.882,0.731,0,-8.118,1,0.0712,0.209,0.0,0.0871,0.963,127.013,4,british
0SR4CMLXoTqG4vcfjCrsl2,Lorne Balfe,Black Adam (Original Motion Picture Soundtrack),A Bad Plan Is a Good Plan,17,116220,False,0.208,0.32,4,-12.057,0,0.0321,0.724,0.695,0.129,0.034,74.574,4,british
0A8Mz80e71zqcEznJLniXS,Harry Gregson-Williams,"The Chronicles of Narnia: The Lion, The Witch and The Wardrobe (Original Motion Picture Soundtrack)",Lucy Meets Mr. Tumnus,46,250880,False,0.157,0.0403,5,-26.817,1,0.0403,0.944,0.857,0.0509,0.0397,92.129,4,british
4rZKchjDN84YyV6JlQZjPl,Lorne Balfe;Assassin's Creed,Assassin's Creed 3 (Original Game Soundtrack),Assassin's Creed III Main Theme Variation,39,93746,False,0.483,0.471,2,-14.204,0,0.0356,0.296,0.875,0.0637,0.0607,109.917,4,british
66790TBuwlIrGxWWTVc6yl,Nick Drake,Five Leaves Left,Day Is Done,56,146026,False,0.487,0.298,2,-15.225,0,0.0328,0.603,0.682,0.161,0.457,124.332,4,british
6pvrI3mB6OWCuO9cYwEwm0,Lorne Balfe,The Musical Anthology of His Dark Materials (Music from the Television Series),His Dark Materials,45,98099,False,0.303,0.526,0,-9.915,0,0.0314,0.303,0.854,0.0743,0.575,85.676,4,british
0DMRKqrpd0QO4RWiEdMib0,Amy Winehouse,Back To Black (Deluxe Edition),You Know I'm No Good,73,257186,False,0.694,0.496,9,-14.222,1,0.0329,0.0139,0.00356,0.0644,0.799,103.372,4,british
22H2KFYM3RJXFIezRQeaeG,Nicholas Hooper,Harry Potter and the Half-Blood Prince (Original Motion Picture Soundtrack),Harry & Hermione,53,172653,False,0.317,0.0436,0,-29.086,1,0.0317,0.891,0.922,0.157,0.0396,89.651,3,british
0UzsDmdpw0Q14KU4hieQss,Craig David,Born to Do It,Fill Me In,63,257200,False,0.682,0.744,8,-6.981,1,0.0365,0.376,0.00951,0.06,0.827,132.493,4,british
69ufW8tanyMTh5nhsSigpp,Joss Stone,The Best Of Joss Stone 2003 - 2009,Spoiled,30,243640,False,0.429,0.586,2,-6.772,1,0.0617,0.528,0.0,0.1,0.29,110.133,3,british
46dMEqSYXPLEQosHOse0H0,Karen Mok;Wu Bai,I SAY,堅強的理由,45,318160,False,0.507,0.472,9,-9.469,0,0.0261,7.66e-05,4.56e-05,0.091,0.446,131.915,4,cantopop
5f0GiCJlcKZEm0X3MyGbMP,梁釗峰,佚名,佚名,22,234000,False,0.744,0.492,2,-8.056,1,0.148,0.486,0.0,0.122,0.567,91.007,4,cantopop
57jgqH9etSfTvIJ7qYN1o5,Shiga Lin,到此為止,到此為止,54,261571,False,0.566,0.292,8,-11.589,1,0.0312,0.621,4.05e-06,0.152,0.396,135.818,4,cantopop
1swrpH455dVgN603huJl0J,Faye Wong,只愛陌生人,當時的月亮,39,231640,False,0.284,0.273,3,-12.115,1,0.0328,0.498,0.000248,0.106,0.139,143.084,4,cantopop
2W9MxlcyMWmeHgZNnCSosb,Kaho Hung,污糟兒,污糟兒,57,225257,False,0.642,0.452,11,-9.99,0,0.0336,0.837,0.0,0.134,0.521,124.002,4,cantopop
06sDxr7MbbwFyTP1f6rvvl,Edan 呂爵安,E先生 連環不幸事件,E先生 連環不幸事件,55,268536,False,0.497,0.454,10,-9.386,1,0.0303,0.543,0.0,0.0966,0.323,164.012,4,cantopop
3ltoPEEC9jFfMfMfmHqO9C,Ella Koon,真女人情歌,地平線,41,209186,False,0.771,0.553,4,-7.362,1,0.0353,0.452,0.0,0.0895,0.549,120.03,4,cantopop
1r2rzOx5kHt1B8PwsMIIUl,Edwin Siu,"轟天動地 (劇集 ""風雲天地"" 主題曲)","轟天動地 - (劇集 ""風雲天地"" 主題曲)",21,194148,False,0.527,0.649,9,-7.73,0,0.0367,0.498,0.0,0.0781,0.251,150.119,4,cantopop
5GXVv9R0Dr6SISbmrcQSwR,my little airport,I ALSO DON'T KNOW (Live),悲傷的採購 - Live,34,178292,False,0.359,0.551,2,-9.152,1,0.0568,0.137,4.63e-06,0.705,0.278,119.674,4,cantopop
5r9i76grSJLZl2owROTvty,my little airport,"我們在炎熱與抑鬱的夏天,無法停止抽煙","我愛官恩娜,都不及愛你的哨牙",32,126629,False,0.604,0.738,2,-6.714,1,0.0358,0.589,3.74e-06,0.344,0.815,159.948,4,cantopop
3kQvyf0lMEpcn0xGWM1blY,吳林峰;謝芊彤,我也難過的,我也難過的,52,278293,False,0.551,0.46,7,-8.049,1,0.0402,0.592,3.9e-06,0.101,0.253,134.406,4,cantopop
7H10smyqYA7G23KkZwfipP,Alan Tam,首麟影視歌,痴心的廢墟 - 電視劇「黃金十年」主題曲,18,259000,False,0.579,0.376,7,-11.764,0,0.0269,0.624,3.42e-05,0.146,0.143,75.616,4,cantopop
1lM4cYuhJHSsDRfD0ZCRN7,Eason Chan,陳奕迅 國語精選 (HQCDII),你的背包,45,238693,False,0.571,0.554,4,-7.539,1,0.0297,0.337,0.000118,0.0878,0.334,125.989,4,cantopop
63huDpEdqQBN43UgxhoIcX,Hins Cheung,酷愛,酷愛,49,234360,False,0.744,0.713,5,-6.178,0,0.0471,0.126,0.0,0.154,0.521,139.979,4,cantopop
2HR81zMSX5uRGIVO5oerjr,Janice Vidal,My Love,大哥,53,235800,False,0.595,0.435,9,-6.837,1,0.0382,0.55,0.0,0.102,0.402,135.719,4,cantopop
2WTRgaLFAuv8yNJYXV5FYN,The Hertz,末日快車,末日快車,41,306924,False,0.542,0.599,9,-8.639,0,0.0268,0.0752,0.0381,0.138,0.44,97.0,4,cantopop
4jeJIw8nPdUiqBYiWRIP3g,my little airport,"我們在炎熱與抑鬱的夏天,無法停止抽煙",讓我搭一班會爆炸的飛機,37,141545,False,0.375,0.774,0,-6.534,1,0.0325,0.00145,0.0,0.0848,0.773,121.254,4,cantopop
4yyHYUoZqQLDITFi2a2GFh,Eason Chan,EasON AIR,無底洞 - Live at EasON AIR,43,272873,False,0.673,0.497,9,-9.759,1,0.039,0.278,1.46e-06,0.255,0.378,120.031,4,cantopop
2bJCDeXpJe1EQhxllXI7Pf,陳美玲,浪漫情懷,欲斷難斷,26,242613,False,0.788,0.578,0,-9.998,1,0.0303,0.334,3.09e-06,0.247,0.561,119.089,4,cantopop
6AcdKwlWDTVEoc3gctxsji,Eason Chan,Life Continues,最佳損友,52,233560,False,0.605,0.542,4,-7.961,1,0.0339,0.81,7.92e-05,0.116,0.324,144.154,4,cantopop
5d4MvCqMJUgoVVCz16tvlD,Miriam Yeung,My Favourite Hits,再見二丁目,38,236840,False,0.645,0.3,5,-10.282,1,0.0362,0.815,0.0,0.115,0.214,143.928,4,cantopop
2kOF946ACR2MPDsuhTtsuA,Faye Wong,唱遊,"償還 - ""紅豆""廣東版",48,257640,False,0.561,0.355,0,-10.56,1,0.0301,0.16,5.53e-06,0.264,0.187,112.002,4,cantopop
1rHiqKONu3tM7TbcGxZSrY,C AllStar,人類世,共同望銀河那時,37,272500,False,0.676,0.552,11,-7.934,1,0.0492,0.425,0.0,0.0786,0.782,139.97,4,cantopop
4arcrPMPxXrUEPqn8oFXbr,Sandy Lam,呼吸 林憶蓮,詞不達意,41,266466,False,0.495,0.432,3,-7.914,1,0.0307,0.144,1.4e-06,0.0977,0.182,126.276,4,cantopop
7GPqd5gvMkn6Tj3dHBzZox,Janice Vidal,我的視角,我的視角,44,222855,False,0.518,0.401,6,-7.908,1,0.0665,0.862,0.0,0.112,0.401,129.652,4,cantopop
3f1q6bnC82qytVpsrjMeEM,Alinka,Universal Motion EP,Emotion 2 Emotion,5,363750,False,0.748,0.843,11,-8.09,0,0.0507,0.00102,0.896,0.0569,0.286,128.014,4,chicago-house
1JbfkcEGqvce81rU7msdRa,Bad Boy Bill;Gettoblaster,Hustling for Horns,Hustling for Horns,7,358064,False,0.904,0.907,4,-5.435,0,0.0571,0.000133,0.65,0.093,0.31,124.017,4,chicago-house
3xPq3bLYR6GOR1L1y9WEmi,Ten City,Judgement,That's The Way Love Is,17,247000,False,0.678,0.937,7,-5.56,1,0.0432,0.187,0.000159,0.13,0.96,120.002,4,chicago-house
0ODktM8J48ucTIrvgak5q7,Larry Heard,Missing You,Missing You - Jazz Cafe Mix,10,450893,False,0.803,0.364,6,-12.557,0,0.0646,0.0686,0.761,0.123,0.879,116.006,4,chicago-house
0StzJAbdUVdsCzBIEk5DPg,Ron Trent;Ivan Conti;Lars Bartkuhn,What Do the Stars Say to You (François Kevorkian Continuous Mix),Cool Water - Mixed,15,271059,False,0.571,0.797,0,-7.258,0,0.0446,0.139,0.713,0.258,0.71,170.012,4,chicago-house
7wqLWgZ0ieWkHEAtF1IoFn,"Farley ""Jackmaster"" Funk","Farley ""Jackmaster"" Funk",Give Yourself to Me,14,248306,True,0.781,0.894,7,-4.909,1,0.0929,0.00895,0.865,0.0258,0.854,117.4,4,chicago-house
4b5QHhUld8ba26ZJEHawFW,Larry Heard,Can You Feel It,Can You Feel It - Instrumental,43,340813,False,0.687,0.505,9,-12.141,0,0.0494,0.0959,0.9,0.0888,0.677,114.775,4,chicago-house
6YjTpkfl7Zic2PrESoqC1h,Felix Da Housecat,Kittenz And Thee Glitz,What Does It Feel Like?,18,155960,False,0.848,0.595,1,-7.728,1,0.284,0.000599,0.741,0.0604,0.916,163.072,3,chicago-house
432fh7rrlZKq9bmbY96w2S,DJ Sneak;Javi Bora,Rising,Rising - Javi Bora Remix,9,436721,False,0.812,0.809,1,-8.254,1,0.0899,0.00216,0.688,0.0419,0.887,123.991,4,chicago-house
2tOesqy3dQL8N4tqSaO79z,Felix Da Housecat;Röyksopp,The Glitz Part Deux Remix Edition,What Does it Feel Like - Royksopp Return To The Sun Remix,32,432177,False,0.798,0.506,9,-9.331,0,0.0824,0.00225,0.578,0.101,0.356,123.001,4,chicago-house
7JI08I7S0yqg1hUDwEcrkV,Paul Johnson;Angel Alanis,Get Get Down,Get Get Down - Angel Alanis Mix,7,518559,False,0.734,0.811,1,-5.988,1,0.188,0.0319,0.731,0.0897,0.197,130.013,4,chicago-house
52RANyomHjZMyuEZzNTHDO,Jomanda;Kenny Smoove,Nubia Soul,I Like It - Kenny Smoove Remix,14,261266,False,0.81,0.545,9,-12.579,0,0.0477,0.11,0.00318,0.246,0.726,95.31,4,chicago-house
028odW9VHEdtpcVVMxMs75,"Steve ""Silk"" Hurley;Risse",House Train (S&S Remixes),House Train - Steve Silk Hurley's Original House Mix,11,429471,False,0.79,0.875,7,-5.985,1,0.0604,0.00248,0.623,0.127,0.597,119.04,4,chicago-house
714aniKGPlybMjWeEoVeNY,Robert Hood,DJ-Kicks (Robert Hood) [DJ Mix],Focus - Mixed,9,279800,False,0.68,0.446,1,-16.186,1,0.0455,0.031,0.89,0.223,0.0388,130.612,4,chicago-house
1KISHt6G0ysLYNtd8sQnpe,"J.M. Silk;Sampson Butch Moore;Steve ""Silk"" Hurley","Peace, Love, Unity, Respect (P.L.U.R.) vol.1",All In Vain - Steve Silk Hurley House Mix,5,414351,False,0.84,0.868,1,-7.038,1,0.0887,0.000838,0.0918,0.097,0.966,119.724,4,chicago-house
3ri4l037qbMKLISmUjA5H5,Ron Trent,Pop Dip and Spin,Pop Dip and Spin - Original Mix,11,664130,False,0.921,0.611,7,-8.423,1,0.0637,0.0017,0.91,0.0374,0.561,114.963,4,chicago-house
2ho1su7JEdLuddsnvfH8pD,Gershon Jackson;Reset Preset,Glitterbox - Pump The Boogie!,Hands Together - House of Omni Hands Together Extended Club Mix,9,396503,False,0.64,0.779,5,-6.338,0,0.0826,0.000526,0.571,0.11,0.69,126.054,4,chicago-house
42YWj4CuDrjr46OtsGG4fb,Mr. Lee,Come to House,Come to House,29,301880,False,0.591,0.784,10,-13.84,0,0.0521,0.0303,0.917,0.11,0.688,122.588,4,chicago-house
6ACEyjinUNAzzSEHDLNnnW,Mike Dunn,Defected Radio Episode 152 (hosted by Simon Dunmore),If I Can't Get Down - Mixed,16,291747,False,0.819,0.7,10,-6.008,0,0.0958,0.00146,0.0198,0.0758,0.591,123.97,4,chicago-house
3eGovBod7F3kHHc3vQ4DwS,DJ Sneak;Tripmastaz;RareTwo Inc.,Flashback Volume 1,Some Oza Shit,7,378240,True,0.847,0.976,9,-5.969,0,0.0855,0.000591,0.566,0.175,0.423,125.001,4,chicago-house
3dEs4iCuSkChgGTzwzhIBz,Gershon Jackson;Reset Preset,Defected Radio Episode 114 (hosted by Sam Divine),Hands Together - Mixed,12,347908,False,0.685,0.819,5,-5.655,0,0.143,0.00464,0.0929,0.301,0.671,124.034,4,chicago-house
4ZDzmEYt23qDf1MAuOe4vR,Larry Heard,"Dance 2000, Part 2",Sunset,8,434200,False,0.828,0.561,8,-14.628,0,0.0538,0.00215,0.913,0.0617,0.728,120.04,4,chicago-house
4cX1TjwKUEPLGnJ1yK4Ty1,Larry Heard,Love's Arrival,When I Think of You,9,369210,False,0.684,0.461,7,-11.594,1,0.0301,0.000857,0.78,0.0903,0.557,104.079,4,chicago-house
3NAJcusJmjUchk4PMm2lvN,Ron Trent;Alex Malheiros,What Do the Stars Say to You (François Kevorkian Continuous Mix),Melt into you - Mixed,11,359999,False,0.663,0.702,7,-9.069,1,0.0268,0.0718,0.899,0.256,0.447,99.976,4,chicago-house
5TdfMjV97dTvKtyQ6iSmMU,Lidell Townsell,Nu Nu (2011 Remixes),Nu Nu - Todd Terry Club Mix,15,459133,False,0.757,0.911,1,-7.439,0,0.0447,0.000328,0.332,0.105,0.744,126.0,4,chicago-house
3NEgsdTwk3tIjt6x4d2VzE,CoComelon,"CoComelon Kids Hits, Vol. 2",Rock-a-Bye Baby,66,130496,False,0.715,0.217,5,-10.499,1,0.0319,0.822,0.0,0.102,0.509,119.902,3,children
4Jdlt3B3F6L50kmfHmbKrF,Kidz Bop Kids,KIDZ BOP Halloween,I Want Candy,39,179160,False,0.73,0.963,2,-3.667,1,0.0527,0.00124,0.478,0.392,0.823,106.986,4,children
3JA5Bdkrz5YTpS9Of71nTA,ChuChu TV,"ChuChuTV Nursery Rhymes & Songs for Children, Vol. 1",Head Shoulders Knees & Toes Kids Exercise Song,47,116363,False,0.935,0.587,7,-8.791,1,0.125,0.0178,7.94e-06,0.0612,0.574,109.973,4,children
0F1Yc1N29pSyBYHYlPRK1P,Rolf Zuckowski;Sasha;Oonagh;Benedikt Geiger,Rolfs neue Vogelhochzeit,Ein Vogel wollte Hochzeit machen,31,100453,False,0.652,0.208,0,-17.627,1,0.544,0.907,0.0,0.627,0.632,94.74,4,children
2zLZlLQFCvtMdLrw9tyX4D,Alvin & The Chipmunks;David Seville,Christmas Faves 2022,The Chipmunk Song (Christmas Don't Be Late) - Remastered 1999,0,141026,False,0.609,0.434,3,-9.478,1,0.0353,0.711,1.17e-06,0.148,0.777,152.166,3,children
4T9npu54o1Jw3OI6NYfhSS,One Voice Children's Choir,Glorious (2015 Album),Glorious,42,172882,False,0.424,0.259,9,-10.384,1,0.0308,0.916,8.59e-06,0.149,0.269,81.706,4,children
1ODuiU1H47mNBcxvfQkmUz,Rolf Zuckowski,Rolfs fröhlicher Familientag,Der Morgenmuffel,29,140560,False,0.549,0.518,9,-8.313,0,0.0445,0.377,0.0,0.185,0.587,118.741,4,children
2g8hlfRyyCln7XJveUubhb,Belle and the Nursery Rhymes Band,Nursery Rhymes,Skip to My Lou,48,67428,False,0.782,0.482,11,-6.683,1,0.03,0.653,0.000768,0.209,0.502,99.965,4,children
0Hecm5l2GDBfazqRyunuv6,Kinderen voor Kinderen,De leukste liedjes van de laatste 5 jaar,Bewegen is gezond,32,183382,False,0.612,0.907,4,-3.931,1,0.0451,0.196,4.2e-06,0.464,0.948,134.99,4,children
6KHzcVEKgg7DnlQsCtWcQs,The Countdown Kids,Happy Halloween! (Spooky Favorites for Kids),Thunderstruck,0,296384,False,0.532,0.824,4,-7.288,1,0.0377,0.0207,0.000145,0.224,0.19,133.05,4,children
5L43sOQdAwKFNAIqlyYDuJ,Pancake Manor,Happy and We Know It,Happy and You Know It,54,174329,False,0.553,0.572,1,-10.332,1,0.0443,2.94e-05,0.0,0.0773,0.66,164.046,4,children
11cSlsmHGtGELKOznBTyQk,Peppa Pig Stories,Goldie the Fish,Goldie the Fish,44,305260,False,0.637,0.368,8,-13.572,0,0.931,0.832,0.0,0.121,0.485,84.366,4,children
3AAsiwefE8spREBj95cERE,Play School,50 Best Songs,Twinkle Twinkle Little Star,38,93280,False,0.718,0.269,9,-12.19,1,0.0334,0.841,0.0,0.091,0.2,98.119,4,children
0fRUwcyUiNm6KTITio97gJ,The Wiggles,Sweet Dreams: White Noise Sleep Aid for Baby,White Noise Quiet Slumber,31,303967,False,0.387,0.166,9,-25.948,1,0.0388,0.945,0.974,0.159,0.0386,120.014,4,children
7ImvgDdmUPntMJY9jw9pzg,The Countdown Kids,Happy Halloween! (Spooky Favorites for Kids),This Is Halloween,0,196000,False,0.755,0.692,5,-3.495,0,0.0561,0.628,0.0,0.123,0.454,83.795,4,children
0DHoB41NjhjrpUkeTcN5z1,ChuChu TV,"ChuChu TV Tamil Rhymes & Songs for Children, Vol. 1",En Kudumbam My Family Song,18,121466,False,0.786,0.483,9,-13.677,0,0.0624,0.0897,0.00596,0.159,0.845,144.012,3,children
0uCJZLDovkNS8Ma7TZYkwC,ChuChu TV,"ChuChu TV Tamil Rhymes & Songs for Children, Vol. 1",Naragasuran Deepavali Story,20,182459,False,0.58,0.497,6,-13.079,0,0.21,0.538,0.0,0.0869,0.66,130.017,4,children
6BHDjTwsBQwZKjuFKfBgkK,Rolf Zuckowski;Sasha;Oonagh,Rolfs neue Vogelhochzeit,Sieh nur die Sterne,30,230373,False,0.366,0.0487,10,-22.989,1,0.0408,0.84,0.0,0.62,0.417,109.766,3,children
2yJEv3BkrYnYb3Qh0vmc8C,ChuChu TV,"ChuChu TV Tamil Rhymes & Songs for Children, Vol. 1",Mambalamam Mambalam Mango Song,22,92290,False,0.703,0.485,10,-12.522,1,0.0924,0.00978,0.41,0.276,0.905,79.575,3,children
4PU1y3MwA0S2weaQ7DAw2F,CoComelon,Nursery Rhymes by CoComelon,Rock-a-Bye Baby,42,130496,False,0.715,0.217,5,-10.499,1,0.0319,0.822,0.0,0.102,0.509,119.902,3,children
383D4yT1kW9tp5ibqVSMAH,Super Simple Songs,Baby Shark & More Kids Songs,Mr. Golden Sun,56,133111,False,0.775,0.337,0,-10.246,1,0.0303,0.0366,0.0,0.0754,0.645,121.888,4,children
1A5yCYzQoJCnUeHfFpbw5V,CoComelon,Nursery Rhymes by CoComelon,Three Little Pigs,40,189789,False,0.93,0.319,9,-12.852,1,0.0422,0.552,0.0,0.0907,0.732,130.009,4,children
6rzkGvobI2YxEtZud2lOvQ,LooLoo Kids,We have fun,We have fun,0,149893,False,0.802,0.569,0,-5.49,1,0.0326,0.123,0.0,0.189,0.653,129.995,4,children
3QgaD0gmVY1TdvwgM7KKFQ,The Laurie Berkner Band,Para pedir dulces,Monster Boogie,0,81035,False,0.751,0.379,2,-3.406,1,0.123,0.698,0.0,0.0464,0.801,109.521,4,children
7jQsK3UBMcr9DPZxjkZx4K,The Wiggles,The Emma & Lachy Show,When You're Tired and Feel Sleepy,31,77189,False,0.612,0.444,9,-9.748,1,0.0295,0.285,0.277,0.0851,0.43,120.371,4,children
6DLsynyv8bCZteUkhhsmR4,Jenevieve,Best R&B Tunes,Eternal,0,160346,False,0.506,0.717,7,-8.69,0,0.203,0.645,0.000292,0.115,0.233,159.811,4,chill
1Dn2wM6dfCNz0c3uGsbWfV,Alrahim Wright III,Before The Big Picture,I Watched Her Leave,59,173133,True,0.482,0.46,4,-12.716,0,0.577,0.357,0.0,0.51,0.434,82.686,4,chill
7KT7VGnPU5QVXN3q1BOeqb,ODESZA;Naomi Wild,A Moment Apart,Higher Ground (feat. Naomi Wild),60,215130,False,0.629,0.852,1,-5.094,1,0.0521,0.0865,0.0215,0.263,0.415,104.997,4,chill
49z2kxEp9AzpDY66YuD1jJ,Gentle Bones,Smile For Me,Smile For Me,51,166415,False,0.665,0.645,7,-6.056,1,0.0673,0.144,0.0,0.165,0.254,106.016,4,chill
0FDO64bveqjfNEIalB7HUr,Finding Hope,Crush On You,Crush On You,48,241714,False,0.636,0.288,1,-13.341,1,0.0583,0.888,0.184,0.109,0.289,140.07,4,chill
7wMLXhblVgMD1dKG4T0QQI,fenekot,Slowed + Reverb,Payphone (Slowed + Reverb),55,123343,True,0.507,0.306,8,-14.906,1,0.0583,0.94,0.631,0.11,0.124,88.106,4,chill
0ri0Han4IRJhzvERHOZTMr,Pink Sweat$,The Prelude,At My Worst,74,170344,False,0.813,0.415,0,-5.926,1,0.0349,0.777,0.0,0.131,0.667,91.921,4,chill
5DH0m3YAECTBEPnu0swBQU,Stapes,Flowering,Flowering,42,164594,False,0.454,0.243,6,-10.197,0,0.0359,0.283,0.883,0.111,0.239,82.923,4,chill
0X9MxHR1rTkEHDjp95F2OO,Anna Hamilton,Bad Liar,Bad Liar,62,248448,False,0.691,0.234,3,-6.441,1,0.0285,0.777,0.0,0.12,0.209,87.103,4,chill
3fUr3a6WI1j2zpvBm6YoD1,ZRobb;Shiloh Dynasty,Please Don’t Kill My Vibes,Losing It - Slowed and Reverb,50,208793,False,0.444,0.236,5,-12.968,0,0.172,0.914,0.494,0.271,0.402,80.795,4,chill
6EysQmO85xHsWce2bOm4OJ,Jessica Andrea,Love Like This,Love Like This,46,182426,False,0.65,0.514,9,-7.85,0,0.108,0.189,0.0,0.134,0.363,149.999,4,chill
4HrUDgx9kHWuIeNCwbPxey,Sarah Meow;Shiloh,Safe.,I'll Keep You Safe,58,116881,False,0.758,0.206,7,-16.333,1,0.112,0.922,0.00518,0.177,0.389,115.008,4,chill
53Ij4HRTp0f6DTlmXWh46h,SHRK;Shiloh Dynasty,Sad Hours,Sad Life,56,181198,False,0.613,0.428,1,-16.208,1,0.337,0.775,0.577,0.0932,0.219,101.041,4,chill
6rUtMKEej81ORTGtCpjyOJ,Tom Odell,Best Day Of My Life,Best Day Of My Life,69,146895,True,0.683,0.187,10,-13.185,1,0.0347,0.983,0.00246,0.107,0.101,117.92,4,chill
0WkapTWP1Z1kJqxj2Hjzcl,Mokita,More Than Friends,More Than Friends,53,159039,False,0.777,0.415,10,-8.746,1,0.033,0.608,0.0,0.309,0.609,129.917,4,chill
47isJpIIO8m7BJEhiFhnaf,dhruv,double take,double take,75,171743,False,0.456,0.437,8,-11.156,1,0.0867,0.839,0.0,0.218,0.209,108.678,4,chill
3DwkoCj5vhaKzgdbEpoDIu,creamy;untrusted;11:11 Music Group,tv,tv,2,286714,False,0.583,0.134,4,-15.024,0,0.0362,0.927,0.00367,0.133,0.149,140.047,4,chill
3oMiOuEGrVGjkQ3JDjcUFI,LRN Slime;Shiloh Dynasty,why am i crying,One Dance,54,72328,False,0.67,0.0781,7,-24.643,1,0.0995,0.892,0.712,0.11,0.365,164.121,4,chill
6YrAxoqTwEGmGI0NKQ4ugl,Zmeyev,Feelin' Good,Feelin' Good,55,132000,False,0.674,0.292,5,-13.884,0,0.0833,0.857,0.927,0.108,0.581,80.002,4,chill
5IISDoksKy4dnTauZzAOCc,dhruv,stable life,stable life,42,196428,False,0.502,0.446,2,-9.086,1,0.0365,0.466,9.03e-05,0.331,0.311,150.164,4,chill
08a3StAjIV2J1BbbqSOyKa,Finding Hope;Holly Drummond,Without You,Without You,43,225410,False,0.477,0.243,8,-17.551,1,0.0636,0.499,0.407,0.0743,0.0997,87.018,4,chill
2fIhX68Y1P0xLfnJh160tk,joan,partly cloudy,brokenhearted - sunset,48,261560,False,0.533,0.195,10,-10.012,1,0.0325,0.904,0.0,0.106,0.371,138.783,4,chill
30k0wGukDZlauyrRU4hTc2,Presence,"Dear Depression,","Dear Depression,",57,139285,False,0.476,0.549,4,-10.426,1,0.395,0.81,0.000226,0.141,0.167,182.104,4,chill
3atqfvHwNUtXwWhhhkVBm7,Pink Sweat$,Volume 1 EP,Cocaine,57,131500,False,0.614,0.228,5,-12.336,1,0.0316,0.835,0.0,0.106,0.146,109.569,4,chill
458EaCXcB9TRBoJEDVcdcr,Kid Travis,Strawberry Skies,Strawberry Skies,70,165333,False,0.65,0.462,11,-6.587,0,0.089,0.366,0.0,0.159,0.649,89.887,4,chill
6Paa21xzskYSJgTLaEZyPX,Erik Satie;Anne Queffélec,Stress Free Music,3 Gymnopédies: I. Lent et douloureux,0,212773,False,0.461,0.00214,7,-34.268,1,0.0526,0.996,0.945,0.0818,0.234,84.3,3,classical
6nQanke7CG03HzTKpjXlhV,Wolfgang Amadeus Mozart;English Baroque Soloists;John Eliot Gardiner,Mozart - All Day Classics,"Idomeneo, re di Creta, K.366 / Act 3: Marcia - Live",7,83666,False,0.199,0.00734,0,-39.346,1,0.0379,0.805,0.000513,0.542,0.327,94.799,4,classical
0ybRC3er244EuG42zjm83G,Wolfgang Amadeus Mozart;Concerto Köln;Anton Steck,Mozart - A Classical Dawn,"Les petits riens, K.app.10 (ballet): No. 14 without indication, attr. to Mozart",3,95453,False,0.536,0.248,2,-15.041,1,0.046,0.897,0.758,0.0764,0.406,124.555,4,classical
0Nlbz6Etm3bWe4OCYJ44hi,Wolfgang Amadeus Mozart;Danielle Laval,Mozart: A Night of Classics,"12 Variations on a Minuet by J.C. Fischer in C, K.179: 13. Variation XII",8,79876,False,0.268,0.216,0,-20.533,1,0.0374,0.986,0.813,0.124,0.845,129.633,3,classical
1lOhnZV1VVicEMHDEsUXVQ,Wolfgang Amadeus Mozart;Erik Smith,Mozart - Inspiring Classics,"Minuet in F, K.1d",3,79360,False,0.478,0.185,5,-16.501,1,0.037,0.693,0.907,0.0665,0.941,103.495,3,classical
6yb0QZdAhqirrsrsN35WTz,Wolfgang Amadeus Mozart;Erik Smith,Mozart - Inspiring Classics,"Modulierendes Präludium, K.deest",1,98000,False,0.278,0.145,9,-29.531,0,0.0394,0.807,0.004,0.271,0.61,90.405,4,classical
6X8jY9ucVRdfd3gO5WChAR,Wolfgang Amadeus Mozart;Jan Lisiecki,Mozart - A Classical Dawn,"12 Variations in C Major on ""Ah, vous dirai-je Maman"", K. 265/300e: Var. 8",14,54853,False,0.459,0.0757,7,-32.14,1,0.0488,0.995,0.881,0.16,0.395,117.11,4,classical
4lvfOnCUxyT3aKKamZ3WXu,Wolfgang Amadeus Mozart;Danielle Laval,Mozart - Inspiring Classics,"12 Variations in C Major on ""Ah, vous dirai-je Maman"", K. 265: 11. Variation X",6,41893,False,0.212,0.221,0,-20.543,1,0.0454,0.98,0.96,0.149,0.425,148.759,5,classical
4uaRUpAdVcjF5ME0QoZfuG,Wolfgang Amadeus Mozart;Danielle Laval,Mozart: A Night of Classics,"12 Variations in C Major on ""Ah, vous dirai-je Maman"", K. 265: 8. Variation VII",25,43586,False,0.367,0.175,0,-19.716,1,0.0428,0.974,0.853,0.232,0.816,74.077,5,classical
4g5gY2cBL8jg0AlArNCqjy,Franz Liszt;Daniil Trifonov,Relajación y siestas,"3 Études de Concert, S. 144: No. 3 in D-Flat Major ""Un sospiro""",0,319346,False,0.238,0.0568,1,-26.529,1,0.0409,0.984,0.91,0.0953,0.0335,68.981,4,classical
4yfFraZrNnh2zJTok5fzq7,Felix Mendelssohn;Christopher Herrick;Simon Preston;The Choir Of Westminster Abbey,Klassische Weihnachtsmusik,"""Hark! The Herald Angels Sing""",0,141000,False,0.158,0.21,7,-16.398,1,0.033,0.953,0.86,0.153,0.193,80.984,4,classical
2vu9K6AL2g5OpPOuuu3oUY,Sikkil Gurucharan,Tiruppaavai,Maargazhi Tingal,38,127712,False,0.707,0.606,2,-9.232,1,0.089,0.615,0.0,0.0896,0.918,89.911,4,classical
3tp3ij9dtY3CacQgd1OvRf,Bombay Jayashri;Swattrex,Hindi LoFi Vibe,Zara Zara - LoFi Chill,59,387716,False,0.583,0.308,7,-18.303,0,0.0465,0.581,0.0106,0.257,0.241,118.226,4,classical
2wmQki14Gwt1gZUQdrWI1W,Johannes Brahms;Karin Lechner,Refreshing Piano,"Four Pieces For Piano, Op. 119: II. Intermezzo in E Minor",0,289240,False,0.258,0.0478,4,-26.069,1,0.0505,0.993,0.902,0.113,0.0859,65.37,3,classical
63b3B7GI6GT7S6Pstyjkgo,S. Sowmya,S.Sowmya - Classical Vocal,Muddugare Yesoda - Sowmya,31,297869,False,0.517,0.327,0,-12.574,1,0.0948,0.99,0.214,0.071,0.694,151.747,4,classical
1dnVwpKHlDyTM8TJCEAOg5,Rashid Khan;Vidya Shah,Manto,Bol Ke Lab Azaad Hain,29,296591,False,0.381,0.41,8,-9.075,1,0.0341,0.576,0.00655,0.114,0.225,172.377,4,classical
3FRKJyEazxmrH3Ez8FFUIx,Johann Sebastian Bach;The Monteverdi Choir;English Baroque Soloists;John Eliot Gardiner,Classical Christmas,"Christmas Oratorio, BWV 248 / Part One - For The First Day Of Christmas: No. 1 Chorus: ""Jauchzet, frohlocket""",0,459360,False,0.499,0.327,1,-16.66,1,0.0382,0.937,0.161,0.131,0.43,134.882,3,classical
7uBroc53jwR7CErmQjAmDg,Antonio Vivaldi;Cet étrange éclat,Sfumato,"Sonate pour violoncelle, RV 47: II. Largo",0,201560,False,0.124,0.00798,11,-26.94,0,0.0464,0.818,0.934,0.101,0.0376,97.295,4,classical
040CvqW0wo3b77EBRfgC14,Wolfgang Amadeus Mozart;Isabelle van Keulen;Ronald Brautigam,Mozart - A Classical Dawn,"Andante and allegretto for Piano and Violin in C, K.404: 2. Allegretto",6,84653,False,0.446,0.106,7,-21.427,1,0.0459,0.987,0.696,0.101,0.844,157.273,4,classical
2R8XiBtNYYcvd5NNKtqyVt,Edvard Grieg;Una Bourne,"Mozart, Liszt & Others: Piano Works","Lyric Pieces III, Op. 43 (Excerpts): No. 4, Liden fugl",0,91426,False,0.49,0.159,2,-24.625,0,0.111,0.905,0.000296,0.119,0.294,47.78,4,classical
5A8k6g1JknnqaDmwORk0OO,Wolfgang Amadeus Mozart;Danielle Laval,Mozart - All Day Classics,"12 Variations in C Major on ""Ah, vous dirai-je Maman"", K. 265: 13. Variation XII",9,77613,False,0.262,0.136,0,-20.967,1,0.0347,0.98,0.898,0.163,0.188,151.539,3,classical
4GdCiwOXIpmQGUWl5XBqyr,Wolfgang Amadeus Mozart;Arthur Grumiaux;Walter Klien,Mozart - Inspiring Classics,"6 Variations in G minor for Piano & Violin on ""Hélas, j'ai perdu mon amant"" K.360: Var. I",6,55613,False,0.308,0.0647,7,-24.599,0,0.0446,0.994,0.971,0.178,0.769,179.916,4,classical
1puxlJmhITtjTkT9kHcENP,Chicago Symphony Orchestra;Claudio Abbado,Happy Christmas Instrumentals,"Lieutenant Kijé, Symphonic Suite, Op. 60: IV. Troïka",0,164000,False,0.375,0.145,2,-18.732,1,0.0361,0.963,0.889,0.128,0.329,77.903,4,classical
5Ib5W64RwrPCN3bnRO4C2W,Edvard Grieg;Una Bourne,"Mozart, Liszt & Others: Piano Works","Lyric Pieces I, Op. 12 (Excerpts): No. 5, Folkevise",0,59653,False,0.376,0.129,6,-23.677,0,0.0397,0.993,0.899,0.142,0.561,56.596,4,classical
2lTWvfqX8itVpHvQ8EMhS6,Wolfgang Amadeus Mozart;Academy of St. Martin in the Fields;Sir Neville Marriner,Mozart - All Day Classics,"The London Sketchbook, K. 15a-ss (arr. and/or orch. E. Smith) - Three Contredanses: in F, K.15h",23,47000,False,0.661,0.042,5,-29.017,1,0.0433,0.976,0.968,0.114,0.575,82.314,4,classical
3H5eCyts4yAaxhoZzde5Kh,Max Brhon,Can't Take This,Can't Take This,33,226295,False,0.564,0.88,11,-6.158,1,0.0366,0.0194,0.757,0.0971,0.0418,108.998,4,club
5fZE0TVp6FFesXodTd8Uvx,Glee Cast,Wrecking Ball (Glee Cast Version),Wrecking Ball (Glee Cast Version),39,219053,False,0.579,0.373,5,-7.003,1,0.0294,0.44,0.0,0.113,0.387,119.954,4,club
1oqIgJpPpW9wwXcitli8EF,Glee Cast,"Glee: The Music, The Complete Season Two",Telephone,44,222960,False,0.729,0.804,5,-5.183,0,0.0329,0.00363,3.12e-06,0.11,0.749,122.021,4,club
7Jlqg70T1RhZICoFJmj1Bm,Gesaffelstein,Aleph,Hate or Glory,44,288786,False,0.699,0.824,2,-5.176,1,0.0664,0.00741,0.939,0.198,0.0895,102.987,4,club
68RqzBNbrTlT5RPygZM4BM,SOPHIE,OIL OF EVERY PEARL'S UN-INSIDES,Infatuation,38,280286,False,0.355,0.335,7,-10.414,0,0.0357,0.195,0.0208,0.122,0.0395,74.533,4,club
4kRROniJRDFFhgzGv2pnD1,Glee Cast;Darren Criss,Glee: The Music presents The Warblers,"Hey, Soul Sister (feat. Darren Criss)",45,220546,False,0.664,0.533,2,-6.112,1,0.0279,0.587,0.0,0.225,0.628,97.032,4,club
08WLYptwEeNak4i7S32gh7,KLOUD;Gabriel Paris,LOVE ME,LOVE ME,50,204705,False,0.587,0.902,8,-2.506,1,0.049,0.0336,0.000112,0.1,0.0878,102.029,4,club
5Vgka1mo8i7kjlwKXCDlcE,Lyde,Augmentation,Peacebreaker,17,236312,False,0.626,0.812,1,-6.048,1,0.0364,0.0481,0.3,0.248,0.423,116.02,4,club
0qtEDu0RYKlSN13TS0c0Uk,Gesaffelstein,Hyperion,Vortex,29,157373,False,0.663,0.715,1,-12.426,1,0.123,0.0971,0.945,0.189,0.448,184.014,4,club
1wQ5iwSpQYl4Kp5JLYlz6o,Woesum;Oklou,Blue Summer,Empty Lightning,42,129548,False,0.801,0.651,11,-5.879,1,0.0344,0.574,0.000242,0.0985,0.58,113.02,4,club
6cNSOKvw5hYVrOCrLw8joJ,Glee Cast;Neil Patrick Harris,"Glee: The Music, Volume 3 Showstoppers",Dream On (Glee Cast Version) (feat. Neil Patrick Harris),49,274133,False,0.417,0.622,3,-4.706,1,0.0299,0.0128,2.46e-06,0.614,0.224,154.022,4,club
0NhaSNiyeNC2kzJYGSWEq8,ALEX;TOKYO ROSE;THE AKUMA;Power Glove,AKUMA II,RIVALS,42,260970,False,0.669,0.717,7,-8.019,1,0.0438,0.145,0.902,0.111,0.858,103.022,4,club
1c7h130PVLDvjuztyMlfSG,Glee Cast,"Glee: The Music, The Complete Season Two",As If We Never Said Goodbye,25,294933,False,0.326,0.263,3,-9.668,1,0.0375,0.599,2.3e-06,0.221,0.229,111.109,3,club
0I43ju6kU6lWOyElMDJEj9,Glee Cast;Ricky Martin,"Glee: The Music, The Complete Season Three",La Isla Bonita (Glee Cast Version) (feat. Ricky Martin),46,194586,False,0.694,0.724,1,-5.992,1,0.0529,0.00119,1.26e-05,0.108,0.335,113.02,4,club
4cKQXhrbTBXBspQdrDeAPR,Kyle Edwards;DJ Smallz 732,"We Are Young, Vol. 5 (Jersey Club)",I Dont Want Your Number,15,82378,False,0.92,0.452,8,-9.494,0,0.201,0.193,0.0182,0.0574,0.814,139.999,4,club
1gnASrgMSzNlqjmj9kiTqx,SWARM,Say Goodbye,Say Goodbye,43,268800,False,0.447,0.921,8,-5.879,0,0.101,0.000735,0.000237,0.183,0.148,149.844,4,club
3ZAyhJqf0ACUFsmPwE7F6P,MORIS BLAK;Pete Crane,The Irregularity Of Being,Erase Displace (feat. Pete Crane),17,250909,True,0.649,0.681,1,-5.817,1,0.0379,0.00957,0.222,0.0528,0.111,110.005,4,club
26K3adqoohq5BQh1K3qhNY,Glee Cast;Darren Criss,Glee: The Music presents The Warblers,Raise Your Glass (feat. Darren Criss),47,198466,False,0.756,0.659,4,-5.593,1,0.0709,0.135,0.0,0.355,0.861,122.022,4,club
2kXnOV5df9njPkGKOiYDfr,Glee Cast,"Glee: The Music, Volume 6",I Feel Pretty / Unpretty,51,239373,False,0.343,0.484,0,-8.173,0,0.0361,0.112,0.0,0.125,0.336,75.46,4,club
7melzi9ApEUgOUapxhTVKP,Glee Cast,A Katy or a Gaga (Music from the Episode),Wide Awake (Glee Cast Version),41,212133,False,0.427,0.23,5,-8.935,1,0.0338,0.927,0.0,0.173,0.27,133.347,4,club
29K9e80R1v6OesMQiUJ5AC,Linn da Quebrada,Pajubá,Pare Querida,20,176234,False,0.824,0.79,8,-4.899,1,0.235,0.5,0.0,0.0451,0.685,132.024,4,club
6sZxNeH1jyNEfBbD6WCuGN,death's dynamic shroud,Darklife,Light Left The Garden,40,333500,False,0.502,0.515,5,-9.099,0,0.0525,0.00848,0.602,0.0839,0.266,179.853,3,club
2bRs25TmImvXkYlR3mQhkT,DJ Flex;Kyle Edwards,Down in the DM,Down in the DM,36,100463,True,0.839,0.584,5,-10.214,0,0.072,0.238,0.0249,0.112,0.766,152.951,4,club
2eTmOAAlQd17DGnuAW9sVl,Tarik Bouisfi;ISEKXI,Lost Spirit,Lost Spirit,35,232571,False,0.532,0.978,2,-4.966,1,0.0474,0.145,0.895,0.45,0.311,120.013,4,club
7iMyX6FTRrY4fO8dHQhAUs,Glee Cast,"Glee: The Music, The Complete Season Three",What Doesn't Kill You (Stronger) (Glee Cast Version),48,221026,False,0.618,0.752,0,-4.828,1,0.0302,0.00863,0.000175,0.127,0.679,115.957,4,club
0uguTAc0yJY2vfmqiuYoob,Pink Guy,Pink Season,セックス大好き,51,142760,True,0.804,0.676,9,-3.749,1,0.236,0.102,0.0,0.235,0.485,89.984,4,comedy
4TgkyOyu6RkvpcYmsWEYQX,Bruce Bruce,Losin' It,You're Fat When,23,300100,True,0.561,0.514,6,-19.987,0,0.938,0.892,0.0,0.761,0.4,85.404,3,comedy
6b26Ss8JlicCqIWZuvbOar,Christian Finnegan,Two for Flinching,Fireworks Are Lame,24,208186,True,0.624,0.724,1,-8.575,1,0.939,0.825,0.0,0.853,0.324,111.818,4,comedy
6nGmAZrE0kpYShVo7GK5bc,Billy Gardell,Halftime,Old Couple,24,399000,True,0.533,0.93,6,-12.044,1,0.917,0.781,0.0,0.922,0.0383,85.216,4,comedy
3OOMdy6hHgG8XdjdJbAJn0,Jesse Joyce,Joyce To The World,The Squirley Coke Eyes,20,182106,False,0.478,0.633,10,-15.536,1,0.908,0.755,0.0,0.521,0.42,89.421,3,comedy
5orUhwRVuVCtRYxg3FzidD,The Lonely Island;Justin Timberlake;Lady Gaga,The Wack Album,3-Way (The Golden Rule),48,171026,True,0.736,0.747,6,-5.398,0,0.185,0.0762,0.0,0.312,0.574,89.99,4,comedy
6RbJ6SXAiOHK3IlgRzKCJ5,Craig Shoemaker,The Last Stand (Up),Racist Room-Check,22,232899,True,0.479,0.976,1,-3.143,1,0.595,0.892,0.0,0.756,0.391,126.727,4,comedy
6DPl2JQGyXlACUgi90WHfV,Marc Maron,Thinky Pain,Born a Jew,20,178494,True,0.623,0.688,11,-10.743,0,0.943,0.925,0.0,0.889,0.533,69.634,3,comedy
1m0cS6nJHKgqZjPj6hgWNR,Kyle Kinane,"""I Liked His Old Stuff Better""",This Track Is Not Called Quiet on Tha Set,25,310997,True,0.621,0.626,1,-6.38,0,0.915,0.67,0.0,0.632,0.519,87.589,3,comedy
2aFaohjL80TFYORXqlXzjb,Stephen Lynch,3 Balloons,Medieval Bush,26,158693,False,0.779,0.138,2,-13.018,0,0.0632,0.827,0.0,0.104,0.424,141.268,4,comedy
2coVkmm2fDPfoGDh6fOaMl,Mike Birbiglia,Two Drink Mike,The Guitar Guy at the Party,21,206000,False,0.414,0.713,7,-8.365,1,0.297,0.772,0.0,0.74,0.674,150.668,4,comedy
3serAvyVNdrr9ADfoH3xmd,Bert Kreischer,Bert Bert Bert,Blacks in a Subway,26,223733,False,0.506,0.54,8,-12.697,0,0.918,0.923,0.0,0.89,0.656,82.212,3,comedy
5ZL95ssvOkcmVkGNq4mv7f,Tom Papa,"Calm, Cool, and Collected",Big Head,20,72666,False,0.442,0.917,8,-9.436,1,0.805,0.837,0.0,0.834,0.415,84.049,1,comedy
62fPFa3Oxo9sI48JfBLtfF,Stephen Lynch,3 Balloons,America,24,204040,False,0.397,0.408,9,-9.955,1,0.0732,0.635,0.0,0.103,0.519,73.322,4,comedy
6I1mw5BBnLZhOXpKTAXKj7,Jim Florentine;Don Jamieson,Terrorizing Telemarketers 7,James the Painter,22,190083,False,0.616,0.795,0,-10.962,1,0.94,0.986,5.17e-05,0.779,0.581,81.987,4,comedy
0rUpN8C1eh52rDvmJ7fUAI,Alfred Carcieri,Hardcore Softy,Dating Solution,22,63164,True,0.48,0.637,11,-12.326,1,0.543,0.916,0.0,0.757,0.87,128.224,1,comedy
16mjHjHvZkz5SRv1BM7GDG,Chad Daniels,Busy Being Awesome,Eat Your Carrots,24,108413,True,0.577,0.733,8,-9.729,1,0.93,0.716,0.0,0.669,0.652,58.189,4,comedy
3tshTnnudBH7kGW3QMhFuI,"Joey ""CoCo"" Diaz",Sociably Unacceptable,Eat Your Yokes,21,138164,True,0.66,0.707,1,-10.819,0,0.928,0.839,0.0,0.819,0.692,78.296,4,comedy
3zx3ufwmoNEMDsYWyBQB1p,Jim Florentine;Don Jamieson,Terrorizing Telemarketers 7,Covid Mask,24,236655,False,0.625,0.885,8,-10.049,1,0.937,0.966,2.98e-05,0.392,0.346,71.55,3,comedy
4DpFu4gU9LJC2ncLGrZLGZ,Orny Adams,Path Of Most Resistance,Eye Muscle,23,127440,False,0.537,0.909,11,-12.651,1,0.907,0.808,2.59e-06,0.966,0.325,82.657,4,comedy
2SgUxBKd0BdwctY3Sv1GIN,Eddie Della Siepe,Little Jerk,Sleep on It,21,124827,True,0.727,0.489,1,-12.389,1,0.954,0.84,0.0,0.899,0.726,77.549,4,comedy
3t6tJx92OVwqK8KWmpM6Q6,Andy Hendrickson,Dry Bar Comedy Presents: Left Field,Travel,23,147600,False,0.497,0.713,1,-15.008,0,0.932,0.687,0.0,0.931,0.426,75.185,4,comedy
28OXkg6WmSeWnUHEqIZtD3,Rhod Gilbert,Rhod Gilbert and The Award-Winning Mince Pie,Escape to Afghanistan,21,540030,False,0.51,0.828,1,-9.211,1,0.923,0.801,0.0,0.868,0.57,81.499,4,comedy
6F2LQFCB81ikNieTTeqoF9,Matt Braunger,Shovel Fighter,Cheese Babies and a Hot Boy,24,294271,True,0.59,0.769,3,-8.678,1,0.925,0.821,0.0,0.918,0.367,101.609,4,comedy
3hqoHu39sFapb5HE5Fhy9O,Andy Hendrickson,Left Field,Brother and Bad at Sports,22,356257,False,0.528,0.573,9,-15.808,1,0.934,0.672,0.0,0.963,0.482,80.103,3,comedy
3VXroe2BrvpJh3O9dTgMWs,Bailey Zimmerman,Finest Country,Never Comin' Home - Live Acoustic,0,198958,False,0.585,0.51,10,-6.028,1,0.0322,0.427,0.0,0.0997,0.436,135.24,3,country
2OXidlnDThZR3zf36k6DVL,Lady A,Own The Night,Just A Kiss,64,218840,False,0.593,0.639,1,-5.826,1,0.0307,0.446,0.0,0.0998,0.332,142.881,4,country
5j41TsRGWaY3k9WLMTaDQu,Bailey Zimmerman,Change,Never Comin' Home,43,194270,False,0.556,0.59,10,-6.846,1,0.029,0.25,0.0,0.109,0.573,143.972,4,country
3PB2otu6Z5yToA9irqF1fN,Faith Hill;Tim McGraw,Chillin' It - Mellow Day Country,Let's Make Love,0,252893,True,0.35,0.459,5,-8.618,1,0.0274,0.339,0.0,0.111,0.153,147.035,4,country
0jZ26U5zgR9tTjM0dAnJx2,Midland;Jon Pardi,Sad Country Songs,Longneck Way To Go,1,188400,False,0.485,0.883,5,-4.906,1,0.0403,0.00177,6.38e-06,0.37,0.604,129.021,4,country
29zZmiBDLykYYTj7RN6VhV,Megan Moroney,Tennessee Orange,Tennessee Orange,78,223119,False,0.38,0.488,9,-6.637,1,0.029,0.126,7.23e-06,0.115,0.268,156.031,3,country
5jQxNgMrDlbuYO6LQ3aY4Y,Lasse Stefanz,Greatest Hits,Du försvann som en vind,47,208120,False,0.633,0.696,7,-6.626,1,0.0296,0.0914,4.08e-05,0.266,0.714,112.992,4,country
5hRHZvANw3Pm2k4NR7oGbK,Chris Janson;Eric Church,Hideaway - New Boots,"You, Me & the River",0,236320,False,0.332,0.452,2,-6.77,1,0.0319,0.505,3.27e-06,0.133,0.333,149.231,4,country
2SpEHTbUuebeLkgs9QB7Ue,Dolly Parton,Jolene,Jolene,73,161533,False,0.674,0.537,1,-10.971,0,0.0363,0.566,0.0,0.131,0.809,110.578,4,country
3wf8esPMWHNYuWoiCPgKHt,Kacey Musgraves;Lana Del Rey,All I Want For Christmas Is You,I'll Be Home For Christmas - From The Kacey Musgraves Christmas Show,0,132108,False,0.469,0.183,5,-15.414,1,0.0407,0.829,0.0,0.71,0.381,139.592,4,country
74Qd6pAZN3m4Rb1zYJDNHs,Carrie Underwood,Best Christmas Songs 2022 | For under the Mistletoe,O Come All Ye Faithful,2,194454,False,0.248,0.308,2,-6.746,1,0.03,0.797,0.0,0.118,0.348,91.29,4,country
3ndZWLxbJQ2RXTAVtCGrAt,Travis Tritt,Christmas Time,Santa Looked a Lot Like Daddy,0,148453,False,0.622,0.778,7,-8.987,1,0.0361,0.234,0.0236,0.0978,0.975,164.416,4,country
10VgkQlMqdck8KPIEDwkfA,Michael Ray,Just Best Covers,Blank Space,0,259370,False,0.529,0.825,4,-4.454,1,0.0324,0.158,0.0131,0.385,0.227,93.969,4,country
3opqy7HYeNHQaUwYVS7cLo,Thomas Rhett;HARDY,Tailgate Country,Put It On Ice,0,184800,False,0.554,0.757,0,-4.298,1,0.0355,0.0101,0.0,0.0604,0.629,75.049,4,country
32nkedxdwf3uW4jS8Jdxca,Zach Bryan,Cozy Country,Something in the Orange,0,228013,False,0.369,0.192,4,-12.151,0,0.04,0.555,8.35e-06,0.0954,0.148,175.212,3,country
0ZUo4YjG4saFnEJhdWp9Bt,Carrie Underwood,Some Hearts,Before He Cheats,78,199946,False,0.519,0.749,6,-3.318,0,0.0405,0.271,0.0,0.119,0.29,147.905,4,country
36kJAxLb04RxqtTETruUKM,Midland,Tailgate Country,East Bound And Down,0,177098,False,0.62,0.974,7,-4.175,1,0.0717,0.041,1.61e-05,0.339,0.711,118.06,4,country
3FOLF9tK1usNKU5EriOv4G,Zach Bryan,I'm Blue - Hits of 2022,Something in the Orange,1,228013,False,0.369,0.192,4,-12.151,0,0.04,0.555,8.35e-06,0.0954,0.148,175.212,3,country
3ZmOqbHp958pIFBjsufcN0,Kacey Musgraves;Leon Bridges,All I Want For Christmas Is You,Present Without A Bow,0,230480,False,0.693,0.492,10,-6.962,1,0.0378,0.559,3.66e-06,0.0972,0.595,76.017,4,country
6S3JlDAGk3uu3NtZbPnuhS,Badfinger,Straight Up (Remastered 2010 / Deluxe Edition),Baby Blue - Remastered 2010,67,217346,False,0.623,0.876,11,-7.788,1,0.066,0.0189,0.0134,0.0728,0.515,124.431,4,country
4RttQSlgO2ijW0wQNLz4GM,Cody Johnson;Clara Johnson;Brandi Johnson;Cori Johnson,Happy Country Christmas,Silent Night,0,218826,False,0.442,0.131,7,-10.49,1,0.028,0.687,0.0,0.127,0.277,76.991,3,country
1rpcfLhLC5gu1xOmFSsI14,Big & Rich,Country Christmas Time,Blue Christmas,0,177165,False,0.514,0.901,9,-5.674,1,0.114,0.0915,1.47e-05,0.076,0.422,120.647,4,country
0wQCiHAgUJdlBdRtdrnLFK,Riley Green,Riley Green EP,North On 21,44,207360,False,0.614,0.589,6,-8.38,1,0.0351,0.472,0.0,0.109,0.351,148.076,4,country
2S8UMuLJ0z8agFgFGJ6Ztt,Niko Moon,GOOD TIME,GOOD TIME,70,214720,False,0.802,0.59,5,-7.189,1,0.0493,0.0874,0.0,0.275,0.687,138.084,4,country
5WJTVtdhtZRYdLdVfZHXDC,Kacey Musgraves,Lonely Christmas 2022,Christmas Makes Me Cry - From The Kacey Musgraves Christmas Show,0,183372,False,0.506,0.21,11,-12.534,1,0.0569,0.808,0.0,0.75,0.414,104.181,3,country
39glqzRVRAy4vq3PqeTGb8,SLANDER;Dylan Matthew,Love Is Gone,Love Is Gone,67,256042,False,0.452,0.465,4,-10.006,0,0.0344,0.0589,0.000524,0.095,0.0832,149.586,4,dance
1fkKTSAmrguXmlZ1we0BQp,David Guetta;Becky Hill;Ella Henderson,Baddest of Them All,Crazy What Love Can Do,0,169756,False,0.601,0.713,4,-3.758,0,0.0449,0.0282,0.0,0.158,0.464,122.872,4,dance
27rdGxbavYJeBphck5MZAF,Mark Ronson;Miley Cyrus,Nothing Breaks Like a Heart (feat. Miley Cyrus),Nothing Breaks Like a Heart (feat. Miley Cyrus),78,217466,False,0.601,0.794,7,-5.844,0,0.0671,0.00987,1.36e-06,0.388,0.244,114.066,4,dance
04Rwlix3S6i0JeprqsC8Cx,Bruno Mars;Anderson .Paak;Silk Sonic,20's R'n'B,Love's Train,0,307014,False,0.71,0.625,6,-9.008,0,0.0295,0.029,1.1e-05,0.108,0.784,140.994,4,dance
2M4AqxOWmUWaSRP7E4TMDm,Jason Derulo;Kodak Black,20's R'n'B,Slidin',0,156300,True,0.695,0.884,11,-1.953,0,0.172,0.106,0.0,0.134,0.803,100.088,4,dance
12eaW6wPDSW4EXNkapb4nK,Jason Derulo;Kodak Black,Good Vibes,Slidin',3,156300,True,0.695,0.884,11,-1.953,0,0.172,0.106,0.0,0.134,0.803,100.088,4,dance
3iLBFgaQJ94iarMgzrTuWb,Charlie Puth,CHARLIE,I Don’t Think That I Like Her,65,188507,False,0.587,0.548,8,-5.846,0,0.0339,0.396,0.0,0.109,0.713,186.073,4,dance
5KomSS7roeHMj6r3THWiWo,Tiësto;Charli XCX,Cardio Tracks,Hot in It,0,129817,False,0.748,0.841,7,-5.08,1,0.177,0.00445,1.33e-06,0.0413,0.717,123.045,4,dance
4fkM7M4Uo5AUASnnsRC7EZ,Ava Max,Not Your Barbie Girl,Not Your Barbie Girl,68,186520,False,0.745,0.642,6,-4.138,0,0.0506,0.103,0.0,0.0335,0.35,120.063,4,dance
4GsD2QeWDNtpJiZk9xzvfL,Black Eyed Peas,Sunny Mornings,Where Is The Love?,0,273813,False,0.832,0.702,5,-3.236,1,0.173,0.103,0.0,0.128,0.814,94.097,4,dance
6cmm1LMvZdB5zsCwX5BjqE,Jay Sean;Lil Wayne,All Or Nothing,Down,78,212506,False,0.727,0.68,2,-4.498,1,0.0286,0.0101,0.0,0.0821,0.728,132.012,4,dance
08AVok9laWpSSpX42guJ2K,Katy Perry,Silent Night,Cozy Little Christmas,0,182520,False,0.775,0.608,7,-6.264,1,0.128,0.128,0.0,0.0895,0.56,137.494,4,dance
4ypHsbn2y6aXKuDCHDrYT6,Jason Derulo,Tropical Vibes,Acapulco,0,139672,False,0.774,0.792,10,-4.021,1,0.0523,0.051,0.0,0.155,0.507,122.062,4,dance
3HSWaauCSlQ8TSdvEZYjVh,DJ Snake;Justin Bieber,Girls Night,Let Me Love You,0,205946,False,0.475,0.715,8,-5.371,1,0.058,0.0863,2.67e-05,0.135,0.159,199.892,4,dance
7GDGbF9PMU3sjxtmZFXWN4,Joel Corry;Mabel,House Anthems,I Wish,1,181728,False,0.686,0.856,9,-2.717,0,0.0426,0.0896,0.0,0.0648,0.733,123.997,4,dance
4In9tfYkdjm3Qro0XhjI0u,Jason Derulo,New Pop Icons,Pull-Up,0,186973,True,0.643,0.759,1,-4.693,1,0.156,0.00258,2.68e-06,0.0612,0.46,191.959,4,dance
66tPJue1SdDqvK9ifs6H3t,Burna Boy;Stormzy,Sundown Rap,Real Life,0,197933,False,0.488,0.572,9,-7.29,0,0.0901,0.138,0.000235,0.27,0.415,132.45,5,dance
6fhREmtQ6u923XlvcnaNkD,Bruno Mars;Anderson .Paak;Silk Sonic,20s Love Songs,Love's Train,4,307014,False,0.71,0.625,6,-9.008,0,0.0295,0.029,1.1e-05,0.108,0.784,140.994,4,dance
7xoUc6faLbCqZO6fQEYprd,Ariana Grande,My Everything (Deluxe),One Last Time,83,197266,False,0.628,0.593,8,-5.036,1,0.0323,0.093,1.65e-06,0.096,0.104,125.026,4,dance
73a6lQjS5yhvTwSg9iWoJE,Katy Perry,Best Christmas Playlist Ever 2022,Cozy Little Christmas,0,182520,False,0.775,0.608,7,-6.264,1,0.128,0.128,0.0,0.0895,0.56,137.494,4,dance
63o9JidC0SUwdzdIn8RbRS,Anne-Marie;Niall Horan,Autumn Hits,Our Song,1,163733,False,0.572,0.759,2,-4.312,1,0.0506,0.127,0.0,0.224,0.519,80.95,4,dance
02q48eRgkja20qgxTKdXk4,Kim Petras,Happy Haunted Halloween Tunes,Close Your Eyes,3,235615,False,0.548,0.728,5,-5.678,0,0.0507,0.0104,0.000126,0.146,0.337,105.961,4,dance
3tj1y5eQNFMcXnkH0AcXTm,Sam Smith,pov: it's 2020,Diamonds,3,213869,False,0.653,0.667,10,-6.764,0,0.0423,0.154,0.0,0.107,0.556,104.181,4,dance
7uzmGiiJyRfuViKKK3lVmR,Bazzi,COSMIC,Mine,76,131064,True,0.71,0.789,4,-3.874,1,0.0722,0.0161,2.77e-06,0.451,0.717,142.929,4,dance
33KJ2xFYONOlIYDBg6wPx8,HRVY,Talk To Ya - EP,Personal,70,198040,False,0.755,0.536,8,-5.605,1,0.12,0.114,0.0,0.0282,0.882,138.969,4,dance
2uNF7QNBgw7NlTM0eAlMQ3,Cestar;Stailok,Fuego,Si Tú Me Quisieras,39,189789,False,0.599,0.726,6,-5.004,1,0.384,0.101,0.0,0.0848,0.491,189.975,4,dancehall
0SZnNcNheo7VHHdGY2cFTH,Chronic Law;Malie Donn,Rifle Power,Rifle Power,28,163160,True,0.556,0.509,1,-7.426,1,0.245,0.33,0.0,0.15,0.206,137.215,5,dancehall
6FNR3CddkzolYzctA2CY6b,Sean Paul,Dance Dance Dance,She Doesn't Mind - Gregori Klosman Remix,0,299520,False,0.733,0.812,0,-4.559,0,0.122,0.00125,0.0261,0.0895,0.619,125.027,4,dancehall
3tdI9STqxU4lBRrKeDLrQ0,450,Save Me Life,Save Me Life,31,170997,False,0.609,0.454,0,-8.016,0,0.186,0.119,0.0,0.111,0.352,130.104,5,dancehall
4HpIGUXnLp05BdloHiP1P5,Shatta Wale,CruiseControl: How I Met The Biggest Bird (DJ Mix),Only One Man (Mixed),2,90500,False,0.796,0.629,4,-8.808,0,0.417,0.526,0.0,0.612,0.851,108.211,4,dancehall
4jAvGKPgjfWAMYzyABI9rF,Rygin King;Stalk Ashley,Glu (Remix),Glu - Remix,28,153032,False,0.536,0.564,1,-7.625,1,0.312,0.684,0.0,0.132,0.297,111.989,5,dancehall
0155LMjVeBPqe3MDmXHjMg,Yxng Bane;D-Block Europe,Afro Hits,Cut Me Off,0,228837,True,0.806,0.769,6,-5.127,0,0.111,0.158,2.25e-05,0.0824,0.478,104.981,4,dancehall
5OaRqgnamUsa99HzxSTdDv,Sean Paul;Ellie Goulding,Mad Love The Prequel,Bad Love,45,214270,False,0.646,0.877,1,-5.228,1,0.313,0.0115,0.000259,0.108,0.649,104.101,4,dancehall
1qLCR7vzJv9hZ2ZNPq5V0K,Jony Roy;Ciju Bless,HEAD SHOT (Riddim),Dame - Riddim,33,156734,True,0.81,0.717,7,-3.476,0,0.245,0.115,0.0,0.417,0.904,97.947,4,dancehall
1rHkptmZCVqf1xlalyXWML,Cestar,El Verdadero Amor,Son Tus Besos,39,181106,False,0.621,0.72,9,-4.261,1,0.0375,0.158,1.08e-05,0.0902,0.831,78.918,4,dancehall
0nhpEyfRlP20GR75sJfMRJ,Beenie Man,Reggae Gold 1996,Old Dog,27,164426,False,0.708,0.41,11,-15.231,0,0.34,0.069,0.0,0.305,0.753,179.81,4,dancehall
2kTFI5CLvUTC6Dp7ea5UpS,Chronic Law,Dominance,Nuh Trust Nobody,29,155904,False,0.76,0.554,9,-5.52,0,0.373,0.39,0.0,0.14,0.385,66.747,5,dancehall
1QRxAfOiGWKuOWW5Lb2qRM,Tanya Stephens,Tanya...Collection Of Hits,Big Ninja Bike,26,217946,False,0.579,0.67,1,-5.87,1,0.46,0.0606,0.0,0.0675,0.583,189.019,4,dancehall
056l0NdK5ZmSG9Z31QC8ii,Shamanes Crew,Reden-Zion,Linda,33,235838,False,0.652,0.844,8,-6.806,0,0.0656,0.193,0.0,0.234,0.714,92.006,4,dancehall
4N5y4c34CIyWv9sSASGxHY,Almeyda;Energizer,De Mí para Tú,De Mí para Tú,27,194194,False,0.797,0.636,10,-6.227,1,0.2,0.233,2.53e-06,0.113,0.565,99.936,4,dancehall
1mL049WdQx0AkXwyleFhcw,Franco Wildlife,6ix out Here,6ix out Here,28,176692,True,0.787,0.675,4,-6.88,0,0.29,0.117,0.0,0.259,0.546,100.129,4,dancehall
38UKbt0qxGxnwYLGKKxyLi,General Knas,Kärlek & Revolt,En God Vän,29,231473,False,0.484,0.739,0,-8.363,1,0.405,0.172,0.0,0.121,0.793,167.097,4,dancehall
5UX9kezPyfYcLYWfhLJryU,Stalk Ashley,New RnB,Young,0,154282,True,0.506,0.588,6,-4.061,0,0.161,0.33,0.0,0.0915,0.467,86.529,4,dancehall
3B5slaBuBK0BsuNw570pmx,Fireboy DML,"Laughter, Tears & Goosebumps",Like I Do,53,232800,False,0.561,0.515,5,-6.226,1,0.0527,0.419,1.2e-05,0.109,0.503,100.268,4,dancehall
2YPzIIHkWLxxFoFAu3DAkL,Sarz;DJ Tunez;Flash,Best Afrobeat Tunes,Get Up,0,203389,False,0.838,0.602,6,-8.279,0,0.173,0.0311,6.43e-05,0.0887,0.793,118.022,4,dancehall
3wrlAsyyrqVoC9fuDWyziG,Fireboy DML,APOLLO,Airplane Mode,46,177600,False,0.552,0.527,0,-5.836,0,0.111,0.267,8.12e-05,0.11,0.518,92.342,1,dancehall
4231MOdd64jKGGdjxtROU1,Roze Don;Aalvero;Marksman,Little Bit (Remix),Little Bit - Remix,32,183448,True,0.933,0.683,9,-3.69,1,0.314,0.162,0.0,0.14,0.656,106.072,4,dancehall
5nUiz96J8ZSmwoSuL4sGvh,Burna Boy;Jorja Smith,African Giant,Gum Body (feat. Jorja Smith),62,195073,False,0.747,0.624,2,-5.532,1,0.0864,0.182,0.0,0.0864,0.755,97.053,4,dancehall
1neQ0MJbFV4O1eYwa7Hj2x,Ajebutter22,King of Parole,King of Parole,58,196529,False,0.961,0.727,11,-8.089,0,0.155,0.0229,0.000895,0.347,0.794,113.008,4,dancehall
4tLTmAru7JOcP3zJD5otpb,Escala Mercalli,Mi Bless,Mi Bless,34,186000,False,0.673,0.738,1,-4.177,0,0.29,0.403,0.0,0.118,0.926,91.797,4,dancehall
4ciXhLtw8bQbyGDS6mEDlc,The Browning,Burn This World,I Choose You,24,190040,False,0.512,0.986,0,-4.229,0,0.0657,3.12e-05,0.0047,0.0693,0.181,108.738,3,death-metal
2WNjQBE2ELqnOMdPDyEg7T,Burgerkill,Adamantine,Undefeated,26,266391,True,0.332,0.988,7,-5.591,1,0.0962,7.4e-05,0.0088,0.367,0.344,200.11,4,death-metal
4mOlv94AfgVN7fRcdi8A1S,See You Next Tuesday,Parasite,Let's Go Halvsies on a Bastard,24,80013,False,0.341,0.981,11,-2.575,0,0.149,0.000613,0.000196,0.42,0.0465,125.018,4,death-metal
4JIfgJkxaWu9I2gdNR3wi5,Opeth,Ghost Reveries,The Baying of the Hounds,44,641280,False,0.283,0.868,2,-6.864,1,0.0653,0.00395,0.00201,0.121,0.077,99.789,3,death-metal
4X5norWDCL1vfqFL0eaXMA,Xaon,The Lethean,And yet I Smile,20,448533,False,0.492,0.865,7,-9.286,1,0.0605,3.02e-05,0.0567,0.244,0.293,105.0,4,death-metal
6EfakWtzal4GMETNR7xymd,Opeth,Blackwater Park (20th Anniversary Edition),Dirge for November,28,473666,False,0.275,0.377,9,-8.181,0,0.0409,0.0124,0.658,0.117,0.123,139.089,4,death-metal
4ZABAuJUiMTL7MchRV80yy,D.F.C.,Sequência Animalesca De Bicudas E Giratórias,Não São Casos Isolados,26,60133,True,0.451,0.995,1,-5.452,0,0.0829,6.77e-05,0.000898,0.145,0.548,111.256,4,death-metal
0x5TiIRvtUWsomumh9s67l,Children Of Bodom,Hate Crew Deathroll,Angels Don't Kill,42,313733,False,0.415,0.88,5,-3.788,1,0.0339,6.76e-06,0.155,0.254,0.189,92.022,4,death-metal
5XX3kOTIOEf8aFu2YCbHQi,The Browning,Burn This World,Forgotten,22,174200,False,0.412,0.983,8,-4.296,1,0.0914,2.08e-05,0.213,0.255,0.307,150.009,4,death-metal
3ffljpjKfPISFjCt4zpYUk,Make Them Suffer,Hollowed Heart,Hollowed Heart,11,231899,False,0.302,0.985,11,-2.869,1,0.164,5.67e-05,0.000497,0.154,0.364,90.814,4,death-metal
3xbow5OCNoe0BUlaAodIR4,The Acacia Strain,It Comes in Waves,Names,23,527166,False,0.273,0.837,5,-5.36,1,0.106,0.000709,0.059,0.0931,0.0792,117.156,4,death-metal
4QN84nnyjO2fhZMbrQJk1g,Annihilator,Metal,Alison Hell,0,300746,False,0.382,0.979,1,-6.113,0,0.0623,0.000213,0.00328,0.17,0.122,101.784,4,death-metal
4wxm46qMm1P7JH1ivm1BQ2,Eluveitie,Ategnatos,Ambiramus,52,173213,False,0.434,0.908,6,-4.715,1,0.0936,0.00791,0.0,0.662,0.461,126.331,4,death-metal
0ftQHCFyMVXCjiwocMJNzi,Whitechapel,Brimstone,Brimstone,25,205247,False,0.381,0.968,2,-4.341,1,0.0951,4.05e-05,0.13,0.375,0.346,170.227,4,death-metal
41DA32rbYp3PoLCAJeup0J,Gojira,Fortitude,The Chant,50,312751,False,0.494,0.874,8,-3.831,1,0.031,1.74e-05,0.0621,0.0873,0.485,124.064,4,death-metal
13ORo6nuNhNLniacmJVocI,Deicide,Serpents of the Light,The Truth Above,20,165573,False,0.243,0.968,1,-5.706,1,0.135,0.00966,0.952,0.162,0.0792,100.255,4,death-metal
4cJhBmeJ7KiBeuy7oxRnZ3,Slayer,Show No Mercy,Black Magic,54,243360,False,0.148,0.908,9,-7.336,1,0.117,4.66e-06,0.614,0.0723,0.0707,93.888,4,death-metal
4lPvQJ48sGao1zQPfnGDPj,Opeth,Still Life (Remastered),Face Of Melinda (Remastered),46,478933,False,0.315,0.398,9,-8.615,0,0.0265,0.0716,0.176,0.0687,0.0981,73.064,4,death-metal
55oksqIJzQHW604TLqYoCI,Kataklysm,Meditations,Narcissist,49,162520,False,0.483,0.951,11,-4.587,1,0.0685,0.000731,0.000793,0.124,0.141,87.484,4,death-metal
3cGTVw2edl88fQqQXy3m6P,Burgerkill,Venomous,Under the Scars,31,317786,True,0.528,0.997,7,-2.463,1,0.185,0.000522,0.000364,0.143,0.13,139.923,4,death-metal
0JBQnLKfLXmlkquabLtAgd,In Flames,Clayman,Only for the Weak,63,294866,False,0.418,0.835,0,-4.824,0,0.0449,2.33e-06,0.766,0.289,0.549,104.986,4,death-metal
7B53YWR8f7vYY6FBzsUY3N,iwrestledabearonce,Post-Millennial Noise,Green Eyes,0,216360,False,0.233,0.935,6,-3.387,1,0.165,0.00062,0.077,0.199,0.358,159.879,4,death-metal
7qaaixGlCzurV30loAGNyz,Unearth,III: In The Eyes Of Fire,This Glorious Nightmare,26,261920,False,0.309,0.981,11,-3.609,1,0.179,0.000211,0.0768,0.297,0.268,147.269,3,death-metal
6pPZ2i39Eaptz9yBWxH8Nd,Scar Symmetry,The Unseen Empire,Astronomicon,22,243782,False,0.469,0.991,9,-3.702,1,0.155,0.0136,0.00283,0.0732,0.0628,110.022,4,death-metal
55phx17AxbonvXWipSlHON,Destinity,In Continuum,Reflections,43,293000,False,0.442,0.973,11,-6.024,0,0.08,4.43e-06,0.00763,0.133,0.258,120.02,4,death-metal
7sfpydlJrHpTi533idUuZV,Lucas Estrada;PLANT,Medicine,Medicine,62,158031,False,0.781,0.715,8,-8.043,1,0.0406,0.614,0.069,0.0974,0.63,120.026,4,deep-house
2CNYxrbpznawrX4k3FGy6X,Milk & Sugar,Selection ADE 2022,Stay Around - Earth n Days Remix,0,236250,False,0.64,0.971,6,-3.455,0,0.105,0.00418,0.28,0.246,0.865,123.956,4,deep-house
0q6ty9Ga2ebtTKa2C74jrC,CID;Westend,Let Me Take You,Let Me Take You,64,154761,False,0.874,0.908,6,-3.573,0,0.0593,0.00839,0.0891,0.343,0.905,125.981,4,deep-house
66B30LEHJfPv8r3YNKUV99,Tony Junior;Luis Rodriguez,In da Club,In da Club,37,240000,False,0.79,0.871,11,-4.105,1,0.0832,0.00129,0.265,0.0771,0.245,125.994,4,deep-house
6x1Fl07O0nOfltAnGPU3yw,The Avener,Le Rouge Verbier apres ski,Fade Out Lines,26,276000,False,0.855,0.693,8,-5.662,0,0.0308,0.0165,0.0794,0.118,0.687,119.005,4,deep-house
6oTwOCKqIGCSHsO5KJit9V,Axero,Energetic Takeoff EDM,Breeze,0,289090,False,0.514,0.802,9,-7.21,0,0.0313,0.0416,0.522,0.106,0.295,176.088,4,deep-house
397W12CqjA788iknS81yMB,Kideko;SHELLS,Touch,Touch,59,167056,False,0.723,0.767,6,-7.324,0,0.0389,0.00364,0.0782,0.279,0.275,124.016,4,deep-house
3XsNRi2cypsksscysYbyaF,Black Coffee;David Guetta;Delilah Montagu,Subconsciously,Drive - Edit,59,191258,False,0.721,0.789,11,-8.779,0,0.0382,0.00123,0.0454,0.0791,0.429,118.024,4,deep-house
6WLZljpPR8EiUT2LDubJ6T,HUGEL;Westend;Cumbiafrica,Aguila ft. Cumbiafrica,Aguila ft. Cumbiafrica,66,168600,False,0.812,0.816,6,-5.584,0,0.0432,0.00304,0.000128,0.112,0.211,125.001,4,deep-house
3Efi1Za9jvExuHtNKH1NBa,Sebastien;Hagedorn,High On You,High On You,42,156000,False,0.798,0.549,4,-10.646,0,0.0474,0.134,0.000145,0.119,0.419,120.05,4,deep-house
4lkARggU1higL8Uszt8cPY,Purple Disco Machine,Emotion,Emotion,49,184918,False,0.721,0.897,8,-6.489,1,0.0384,0.0134,0.00819,0.0663,0.834,122.025,4,deep-house
33oQaDZex8PFThfgpCpOdH,Autograf;Tiina,Love Runs Deep,Love Runs Deep,60,166004,False,0.815,0.705,11,-4.934,0,0.135,0.0294,1.62e-06,0.173,0.516,123.981,4,deep-house
0uUY4lhQxKdGOwGcuSpDRg,Lucas Estrada;Alex Alexander;Blinded Hearts,Won't Let Go,Won't Let Go,46,159310,False,0.671,0.793,8,-4.725,1,0.035,0.0449,1.33e-05,0.112,0.405,116.074,4,deep-house
2w1JSr3I1BXnTRyGskbJ45,Matador,Ramaha,Juniper,48,414193,False,0.765,0.702,7,-7.879,0,0.0486,0.121,0.906,0.666,0.239,123.993,4,deep-house
3EtXo9cEurLpblcdWHuBjT,Dallerium;Olive,How Do I Sleep Now,How Do I Sleep Now,57,194362,False,0.74,0.759,0,-7.911,1,0.0379,0.139,0.116,0.0707,0.147,123.992,4,deep-house
3Tu1j8B9SO8i8VSjd9d2kB,James Hype;Tita Lau,B2B,Disconnected,27,194523,False,0.842,0.811,2,-6.476,1,0.109,0.00579,0.176,0.0702,0.594,125.995,4,deep-house
2fZlFi5a86CFPT0Xd96ns5,Tep No,"Breathe, Be Happy","Breathe, Be Happy",57,159699,False,0.68,0.67,0,-6.7,0,0.089,0.461,0.00502,0.0981,0.437,99.966,4,deep-house
6KybXlftuqmAxRI05yqDfk,Hadise,Küçük Bir Yol,Küçük Bir Yol,69,280739,False,0.561,0.658,3,-6.023,0,0.028,0.0123,0.0,0.15,0.417,112.014,4,deep-house
7kyiBfD6aY6qsfLd0Hja3w,Westend;Role-Models;Eluera,Moderation (At Night),Moderation (At Night),53,174720,False,0.674,0.856,6,-6.454,1,0.0317,0.25,0.0107,0.042,0.311,124.965,4,deep-house
4CrDai0clHlKcgizJJThV6,Jan Blomqvist,Empty Floor,Empty Floor,53,218754,True,0.748,0.524,2,-10.287,0,0.0365,0.0355,0.188,0.131,0.21,122.056,4,deep-house
0gtZ8DwXXeqGTc09iFWRBv,James Hype,Crank,Crank,61,178804,False,0.846,0.906,1,-5.157,1,0.0468,0.0227,0.883,0.0703,0.325,126.02,4,deep-house
3dSufNX8zV2Dz6vmxcQW2w,Alex Cruz;Brascon;Rubenson,Crazy,Crazy,64,232733,False,0.849,0.563,11,-8.471,0,0.0438,0.228,0.000448,0.0664,0.623,117.009,4,deep-house
5BAJDNTutBFJL27pKunac1,Maceo Plex;Chromatics,Shadow (Remixes),Shadow (Maceo Plex Remix),51,298705,False,0.657,0.727,11,-5.435,0,0.0319,0.000297,0.881,0.0907,0.776,126.01,4,deep-house
1pJwEPkqfgtmV68vYQ7RyD,Gorgon City;DRAMA,Olympia,Nobody,59,199013,False,0.697,0.664,1,-8.962,1,0.0275,0.0256,0.0173,0.112,0.265,120.041,4,deep-house
5IQGREio8IGThOqLN7eiIl,Chris Lorenzo;High Jinx,EDM Gaming Music Autumn/Winter 2022,California Dreamin',0,196899,False,0.685,0.911,9,-4.977,1,0.144,0.00552,0.0247,0.285,0.351,128.02,4,deep-house
5Cl4jnLuWbB0oXFm26bqXT,Jeff Mills;Rafael Leafar,The Override Switch,Homage,14,317310,False,0.563,0.884,1,-9.667,1,0.0521,0.0257,0.799,0.282,0.518,116.038,4,detroit-techno
4cQSzZtlnVyWVT1cnRe2aE,Moodymann,Silence In The Secret Garden,Liveinla 1998,14,486533,False,0.857,0.86,10,-10.679,0,0.0822,0.0037,0.851,0.334,0.467,121.239,4,detroit-techno
2N1vE6dO6wlZvUGKEwN3tC,Aril Brikha,Forever Frost,Glaciär/For Minou - Original Mix,6,473910,False,0.802,0.79,11,-11.754,1,0.0549,0.00127,0.898,0.0728,0.479,126.02,4,detroit-techno
4yuRuQDT6Bm42MBWLePGLI,Underground Resistance,Electronic Warfare 2.0,Hunting The Program Director,8,186306,False,0.83,0.279,7,-21.032,1,0.138,0.0241,0.897,0.0857,0.293,132.983,3,detroit-techno
3pogMJe1ThDsCCwk5RQtBG,Aaron Carl,Uncloseted,Sky,5,464320,False,0.848,0.602,4,-6.933,1,0.0406,0.00413,0.00172,0.0872,0.666,120.008,4,detroit-techno
5TAWsi9qrxg1NJvk9v6YdA,Aaron Carl,Ovum: The Fall Collection: 2004,My House - Dennis F Remix,7,322812,False,0.748,0.589,11,-9.163,0,0.043,0.00156,0.746,0.356,0.619,125.016,4,detroit-techno
6IO6Bej5U0Qqh7zoUTTtdm,Kenny Larkin,Metaphor (Expanded Edition),Loop 2,11,268600,False,0.665,0.87,6,-12.887,0,0.0517,0.00429,0.259,0.0781,0.369,135.018,4,detroit-techno
2zk3zK4HXFV6BRHdXIUxAN,Octave One;Random Noise Generation,Burn It Down,Whatever She Wants - Original Mix,11,419997,False,0.657,0.719,8,-5.701,0,0.0351,2.86e-05,0.175,0.0863,0.909,119.945,3,detroit-techno
0pqT3X5eT87l1CFmpTjdNb,Drexciya,DJ-Kicks (Lone) [DJ Mix],Bubble Metropolis - Mixed,5,250689,False,0.722,0.698,2,-10.66,1,0.0423,0.00012,0.83,0.115,0.464,125.993,4,detroit-techno
6oJduNyGLnBzY12NeIlRvh,Jeff Mills,SIGHT SOUND AND SPACE,Spiral Galaxy,5,251320,False,0.555,0.995,1,-4.28,1,0.0597,0.0258,0.904,0.108,0.758,119.171,4,detroit-techno
0gWbsvG8ok3Q3kTcNvlBaj,Seth Troxler,Evangelion,Evangelion - Jonson & Siminski Remix,5,440000,False,0.811,0.667,7,-12.026,1,0.0693,0.000338,0.922,0.0948,0.505,126.004,4,detroit-techno
0Yxvhep05R6vGjRRXxDgYK,The Other People Place,Lifestyles Of The Laptop Café,It's Your Love,31,451133,False,0.805,0.259,6,-14.105,0,0.13,0.0081,0.884,0.0937,0.853,126.378,4,detroit-techno
5qbfRraRy2F1cOOmCnKBzK,Theo Parrish,American Intelligence,Drive,7,650053,False,0.668,0.798,1,-11.956,1,0.0406,0.0136,0.94,0.432,0.0362,128.055,4,detroit-techno
5qfEmjeLreWeSI0Sntk9f0,Carl Craig,Deviation Classics,Sandstorms - C2 2011 Version,7,474424,False,0.582,0.685,1,-13.318,1,0.0359,0.00215,0.897,0.106,0.374,119.142,4,detroit-techno
6uPqQek01SYgD1T2C6M2H3,Carl Craig,More Songs About Food and Revolutionary Art,Frustration,6,418626,False,0.242,0.562,5,-13.15,0,0.0366,0.000168,0.508,0.109,0.144,127.905,4,detroit-techno
0HJFJ9GcgBEj3ag7vSBYOV,Theo Parrish,Roots Revisited,Walking Thru the Sky,11,646000,False,0.776,0.483,8,-14.678,1,0.0705,0.051,0.38,0.128,0.0964,120.036,4,detroit-techno
3BCUomazV8Hs6BcUAkphls,Blake Baxter,When We Used To Play,When We Used To Play - Blake Baxter Remix,8,281959,False,0.801,0.905,11,-7.587,0,0.0495,0.0064,0.864,0.154,0.678,120.09,4,detroit-techno
6j2HQ1kkjgx7y7bEOq4Kgw,Kenny Larkin,Integration,Integration,17,286126,False,0.713,0.745,7,-8.683,1,0.0385,0.000159,0.873,0.155,0.854,124.984,4,detroit-techno
0vyNn6RZ6U4BXpUkKfJ5T6,Underground Resistance,Intersteller Fugitives,Aquatacizem,11,213960,False,0.775,0.974,10,-7.503,0,0.0525,0.12,0.824,0.105,0.139,135.276,4,detroit-techno
7s5r0wxGA8YAG9LswkHreu,Kevin Saunderson;Inner City,History Elevate Remixed,Good Love - Luciano's Good Love Remix,9,593560,False,0.793,0.806,2,-11.473,1,0.0522,0.000831,0.374,0.51,0.755,125.011,4,detroit-techno
6OEdPvDY90N7jxb2KslTB8,Carl Craig,More Songs About Food and Revolutionary Art,Televised Green Smoke,13,375893,False,0.708,0.448,0,-13.805,0,0.0561,0.00107,0.907,0.145,0.741,121.024,4,detroit-techno
2Wgp8j6Y1QoGEE1qxAeXQN,Derrick May,Innovator (Mayday),Salsa Life,6,329093,False,0.662,0.992,3,-5.761,0,0.0835,0.0063,0.907,0.47,0.862,130.92,4,detroit-techno
2xeXLuW9d7i0QSdr7GDuQn,Kenny Larkin;Ben Klock,Glob - Remixes,Glob - Ben Klock Remix 1,8,404720,False,0.854,0.667,10,-12.485,0,0.118,0.00798,0.937,0.0584,0.552,125.008,4,detroit-techno
79Fc9TqcgjcUCySLRHeIS4,Carl Craig,Just Another Day,Twilight,7,488500,False,0.753,0.298,5,-10.219,0,0.0688,0.222,0.848,0.118,0.679,81.28,5,detroit-techno
0ITThluJ75byBK7SdUwR5W,Surgeon,Basictonalvocabulary,Rotunda,6,267306,False,0.724,0.941,6,-13.646,0,0.0555,8.61e-06,0.93,0.105,0.219,134.312,4,detroit-techno
569uHYIB0X324FZOBEhvit,Ray Parker Jr.,Greatest Hits,Ghostbusters,70,239133,False,0.778,0.719,4,-9.698,1,0.0345,0.0123,0.0262,0.297,0.729,115.4,4,disco
3xrTVXjrIs3zTO2WA7yCLQ,Faster,Volkswagen Z Hagen,Volkswagen Z Hagen,32,191992,False,0.67,0.963,2,-4.141,1,0.0753,0.0906,0.0,0.143,0.769,149.911,4,disco
1QLFXOQauPQ9VxYE54x2rg,Bayera,Obrączki Szczerozłote,Obrączki Szczerozłote,33,241777,False,0.749,0.864,4,-4.552,0,0.0302,0.123,0.0,0.313,0.878,134.976,4,disco
6HMvJcdw6qLsyV1b5x29sa,Lionel Richie,Can't Slow Down,Hello,68,246933,False,0.424,0.222,9,-15.053,0,0.0391,0.646,0.0,0.148,0.0606,61.648,4,disco
3hWOGUIOcqKDoVpFBLp9Qc,Barry Manilow,The Greatest Songs Of The Seventies,Copacabana (At the Copa),56,241346,False,0.763,0.665,9,-7.914,0,0.0444,0.542,3.28e-05,0.0972,0.803,108.035,4,disco
2GuIRSthEpYN5MO6PGD7Vx,Polo & Pan,Dorothy,Dorothy,59,316372,False,0.803,0.427,8,-10.819,1,0.0509,0.0245,0.405,0.0953,0.439,118.008,4,disco
0Yqpt7kDMhHoFhU2xqUA9f,Bobi,Cudny Aniele,Cudny Aniele (Radio Edit),31,237761,False,0.728,0.809,7,-5.372,1,0.0356,0.288,0.0,0.175,0.822,134.033,4,disco
0vdNhG2CoWoBM1UbsioEpV,Level 42,Classic,Something About You,31,264600,False,0.721,0.672,6,-9.029,0,0.0339,0.0547,0.0106,0.201,0.804,104.976,4,disco
7KkdYJqxvq4ZFq9gvFy06v,Ottawan,D.I.S.C.O.,D.I.S.C.O. - Single Version,57,196506,False,0.714,0.867,7,-6.295,0,0.0569,0.11,8.98e-05,0.325,0.872,122.915,4,disco
7vqcDtNvoJn5pXhktc8qe8,Maceo Plex;Gabriel Ananda,Solitary Daze,Solitary Daze,51,463405,False,0.69,0.739,3,-11.513,0,0.059,0.0127,0.905,0.0744,0.384,125.007,4,disco
1o3JXj4ATUt9XzKXp9xSWq,Jagoda & Brylant,Zatańcz ze mną,Zatańcz ze mną,29,209308,False,0.627,0.868,11,-6.325,0,0.0926,0.127,1.31e-06,0.104,0.817,142.037,4,disco
2aUL3K9oSKea7rzFJRcFlQ,MiłyPan,Discopolot,Królowa,30,210460,False,0.856,0.823,9,-9.701,1,0.12,0.0538,4.96e-05,0.0489,0.968,138.013,4,disco
35U4PXL3W3XIkAjEUdhr36,Poolside,Pacific Standard Time,Harvest Moon,64,368783,False,0.782,0.622,2,-5.832,1,0.0411,0.288,0.53,0.58,0.921,106.022,4,disco
786L4Xusovado7jav3PdK7,Diana Ross,On air 70's Hits,Ain't No Mountain High Enough - Short Promo Version,1,247533,False,0.413,0.562,8,-6.548,1,0.0274,0.515,0.0,0.585,0.461,100.883,4,disco
6gJdDnF2TzfA1WPMXuCa3x,Tina Turner,What's Love Got to Do with It?,Proud Mary,67,327400,False,0.397,0.499,2,-10.972,1,0.0685,0.0766,1.55e-06,0.111,0.367,171.067,4,disco
1Jj6MF0xDOMA3Ut2Z368Bx,Cyndi Lauper,She's So Unusual: A 30th Anniversary Celebration (Deluxe Edition),Time After Time,72,243066,False,0.724,0.436,0,-9.321,1,0.0282,0.576,1.19e-06,0.0908,0.324,130.439,4,disco
4KzT6yADxxseulgMqzlUtl,The Isley Brothers,The Essential Isley Brothers,Groove With You,34,288866,False,0.62,0.462,6,-10.173,0,0.0501,0.635,0.0232,0.117,0.414,163.277,3,disco
17CPezzLWzvGfpZW6X8XT0,Lionel Richie,Dancing On The Ceiling (Expanded Edition),"Say You, Say Me",69,241066,False,0.636,0.405,8,-11.113,1,0.0287,0.355,0.0,0.0804,0.257,128.068,4,disco
3koCCeSaVUyrRo3N2gHrd8,"Earth, Wind & Fire",Raise!,Let's Groove,79,339320,False,0.869,0.648,11,-8.698,0,0.0633,0.121,2.17e-05,0.126,0.9,125.035,4,disco
3ZP18us6p6LHOZMG1LLUjF,Bee Gees,How Can You Mend A Broken Heart,"How Deep Is Your Love - From ""Saturday Night Fever"" Soundtrack",74,241093,False,0.594,0.5,5,-5.586,0,0.0255,0.076,9.86e-05,0.184,0.537,104.996,4,disco
1086exBf2pqakZyajkocU9,Crazibiza;Frank Caro;Alemany,"Amsterdam After Disco, Vol. 5","Fresh - Frank Caro, Alemany Remix",0,315967,False,0.735,0.852,2,-4.307,1,0.0441,0.000224,0.669,0.424,0.689,124.001,4,disco
1tL5a9jowsWMtn3wkFYsG9,The Isley Brothers,Go for Your Guns,"Footsteps in the Dark, Pts. 1 & 2",61,306800,False,0.679,0.374,11,-10.565,0,0.0482,0.402,2.49e-05,0.0541,0.871,80.86,4,disco
3K7Q9PHUWPTaknlbFPThn2,Kool & The Gang,Celebrate!,Celebration,72,298866,False,0.885,0.664,1,-11.795,1,0.0524,0.145,0.0483,0.0767,0.906,121.632,4,disco
2tIEMvF9ppqUKauyGjXeRO,Jürgen Milski;Deejay Biene,Ihr könnt mich alle alle alle,Ihr könnt mich alle alle alle,32,181745,False,0.623,0.998,6,-3.026,1,0.287,0.0357,0.0,0.347,0.41,147.917,4,disco
7wq9dxlN8HS91W4lIiwDlh,Jocelyn Brown,Jocelyn Brown,Somebody Else's Guy,28,392881,False,0.707,0.813,6,-6.354,1,0.0693,0.252,0.0196,0.212,0.738,102.996,4,disco
6c36ktJ74HqoKj1hidDxV6,Mickey Mouse;Goofy,Mickey Mouse Clubhouse,Clubhouse Birthday Party,47,144106,False,0.595,0.612,0,-5.913,1,0.05,0.295,0.0,0.257,0.942,99.941,4,disney
5ojKJaUakPsK8SOuh5g3vw,China Anne McClain;Disney,Descendants 3 (Original TV Movie Soundtrack),Dig a Little Deeper,46,177544,False,0.464,0.902,0,-4.347,1,0.549,0.0395,0.0,0.0549,0.641,203.133,4,disney
1GQc37FbWylRis3ScDOOcy,Billboard Baby Lullabies,Lullaby Renditions of The Beatles,Hey Jude,18,440596,False,0.531,0.293,10,-15.36,1,0.043,0.994,0.87,0.129,0.101,76.005,4,disney
3DzGOhLHOKhrUmH2L6lGom,Anders Aldgård;Daniel Andersson,The Lion King: Special Edition Original Soundtrack (Swedish Version),Morgonrapport,21,96506,False,0.483,0.583,8,-8.789,1,0.463,0.571,0.0,0.0911,0.822,81.4,3,disney
6TkuxYrZC64d66EimnPBTq,Frank Churchill;David Huntsinger,Piano Songs for Kids,Someday My Prince Will Come,0,141973,False,0.443,0.0228,5,-26.317,1,0.0468,0.992,0.867,0.163,0.156,98.36,4,disney
0JWAGB0kw1rT2vPR1r8IKo,George Bruns,Walt Disney Records The Legacy Collection: Disneyland,The Rainbow Caverns - From Mine Train Through Nature’s Wonderland,29,155293,False,0.182,0.254,0,-16.058,1,0.0312,0.99,0.934,0.115,0.0381,93.902,5,disney
4rMDmLfDYo0cWZjNSabgwy,João Pedro Gonçalves;Ermelinda Duarte,Coco (Banda Sonora Original em Português),Lembra-te de Mim (Reunião),21,73480,False,0.48,0.0449,6,-16.909,1,0.0778,0.938,0.0,0.111,0.369,76.389,4,disney
6oYkwjI1TKP9D0Y9II1GT7,Samuel E. Wright;Disney,The Little Mermaid Special Edition,Under the Sea,69,195146,False,0.511,0.475,10,-14.667,1,0.161,0.708,0.0,0.105,0.819,98.957,4,disney
5aQo0YEgGT3IEujA4Bj8kf,Piano Radiance,Romantic Piano Hits: past and present,My Heart Will Go On,20,173589,False,0.382,0.11,3,-21.227,1,0.035,0.981,0.971,0.139,0.186,103.551,4,disney
4h6gRAzBb0ANAKouRXLspd,Lebo M.,El Rey León (Banda Sonora Original en Español),He Lives in You,18,305653,False,0.692,0.632,1,-9.365,0,0.0488,0.423,2.7e-05,0.0971,0.29,114.977,4,disney
1oyuj530QTwgG6VD6dZ97q,Kristen Anderson-Lopez;Robert Lopez,Die Eiskönigin 2 (Deutscher Original Film-Soundtrack/Deluxe Edition),Zeige dich - Instrumental,22,258788,False,0.382,0.321,6,-11.959,1,0.0325,0.619,0.732,0.0464,0.124,124.186,4,disney
7adqfTHQR0yib9WaSM3Vy6,George Bruns,Country Bear Jamboree,Polly Wolly Doodle,19,135840,False,0.685,0.513,5,-9.72,1,0.035,0.687,0.00212,0.0976,0.964,91.31,4,disney
6qxVuPqwTgR44MiBFuEDQ6,Dickie Jones,Pinocchio Original Soundtrack,I've Got No Strings,21,142960,False,0.51,0.289,3,-16.077,1,0.0677,0.698,0.0469,0.0893,0.874,92.272,4,disney
3iemW4O7Aew76rGEb2HXeV,George Bruns,Walt Disney Records The Legacy Collection: The Aristocats,The Goose Steps High,19,132586,False,0.889,0.0907,2,-22.56,0,0.0905,0.921,0.0161,0.0989,0.413,120.023,4,disney
3GoiG5kOIEF1fZxj0Cc6h7,Jon Sarta,Magic Kingdom Piano Classics,Love,20,173267,False,0.682,0.02,0,-26.997,1,0.0392,0.994,0.77,0.109,0.296,103.952,4,disney
5LetrnFg10VXkAyOE7UH4d,Haruki Sayama;Ryoichi Fukuzawa;Syuhei Tsutsui;Masahiro Anzai;Music Creation,Pocahontas (Original Motion Picture Soundtrack/Japanese Version),Savages (Part I),21,103466,False,0.475,0.422,0,-15.096,1,0.0759,0.902,0.0,0.107,0.668,140.009,4,disney
28Xo5FjGAPF3JP0jYiSMDU,Ewa Konstancja Bułhak,Bambukalambu,Boogie boa,23,105000,False,0.768,0.297,3,-10.294,1,0.0533,0.853,0.0,0.118,0.414,87.537,4,disney
2eKcH1Vww6L6ZAR76RIUfy,Doctora Juguetes;Felpita;Lambie;Chica Surfer,Doctora Juguetes: Ya Llegó la Doctora,Todo el Mundo a Natación,23,49986,False,0.605,0.802,2,-3.276,1,0.0401,0.176,0.0,0.159,0.914,152.187,4,disney
2p9OhUXRl2hACpmw9M9JvO,Germaine Franco,Encanto (Original Motion Picture Soundtrack),Meet La Familia,53,128345,False,0.808,0.316,0,-14.883,1,0.0847,0.434,0.746,0.0797,0.315,96.393,4,disney
2yqVwgPoCzIwbRjrVmfFWW,The Sleep Diaries,Lullaby Versions of Disney Classics,"Remember Me (from ""Coco"")",18,175000,False,0.414,0.0153,2,-26.892,1,0.0428,0.981,0.933,0.0857,0.066,77.399,4,disney
5GGtoBwQtvoXRvfeKBToG1,Pedro Gonçalves,Chama Por Mim,Chama Por Mim,19,189428,False,0.656,0.633,6,-7.093,1,0.0375,0.367,1.57e-06,0.179,0.473,139.899,4,disney
28I6SySveV5hhOIwPZIBUJ,George Bruns,Country Bear Jamboree,Red River Valley,18,163480,False,0.65,0.535,7,-8.792,1,0.0293,0.259,0.372,0.232,0.901,102.757,4,disney
0PoBQipVRs9DMhH5evtQCP,David Healer,Studio Ghibli Piano Lullaby,"Catbus (from ""My Neighbor Totoro"")",23,128666,False,0.69,0.0971,0,-21.26,1,0.0526,0.992,0.964,0.111,0.487,120.036,4,disney
2uuQMp2ElQw11WBuGDQpTD,Per Myrberg,Svenska Tokhits,Trettifyran,24,140880,False,0.628,0.582,7,-5.424,1,0.071,0.717,0.0,0.177,0.908,93.569,4,disney
6rRuG3E12B4azISq3s8mfO,Laus Høybye,"Børnehits 1 - TV, Film & Radio Hits","Krummes Sang (Fra filmen ""Krummerne"")",30,181520,False,0.836,0.691,4,-4.169,1,0.0298,0.279,0.0,0.334,0.928,114.74,4,disney
0amRrbYl4vKvp9ZvlmKsm0,The Prototypes,Rocket Guns Blazin',Rocket Guns Blazin',21,296551,False,0.516,0.983,1,-2.377,1,0.0838,0.000186,0.92,0.361,0.212,174.038,4,drum-and-bass
5ami95W9OOWQPwrBb5tud5,Pendulum,Immersion,Watercolour - Full Version; Single,58,304106,False,0.421,0.896,5,-5.696,0,0.103,0.000174,0.039,0.323,0.169,174.065,4,drum-and-bass
6MtMKc5nknnbr5TDVKLUte,Alix Perez,Numbers EP,The Raven,16,300515,False,0.689,0.861,2,-3.333,1,0.0873,0.000883,0.713,0.276,0.0302,171.974,4,drum-and-bass
1lZi0ulnmx8lbFucUpMhnF,Sigma;Labrinth,Collide (Original Motion Picture Soundtrack),Higher,19,181026,False,0.361,0.838,11,-4.416,0,0.0756,0.011,0.0,0.164,0.532,84.753,4,drum-and-bass
1GCE5VlXjguhtBwOOZ2dvI,Netsky;Rita Ora,Barricades (with Rita Ora),Barricades (with Rita Ora),54,154222,False,0.648,0.88,11,-3.53,0,0.13,0.0408,0.0,0.16,0.378,149.791,4,drum-and-bass
3RXZa1CHQTBYXDE68rslkQ,Dr Meaker;Romaine Smith;Serum,Dirt & Soul Collaborated (Remixes),Remedy - Serum & Dr Meaker Remix,25,322880,False,0.553,0.95,8,-1.975,0,0.0669,0.0177,0.019,0.0766,0.199,174.978,4,drum-and-bass
2vS2LgcY2FclC21sJ4ukJm,Kove;Ben Duffy,Echoes,Echoes,53,194482,False,0.538,0.952,10,-1.977,0,0.038,0.00825,0.0713,0.198,0.152,87.016,4,drum-and-bass
2jwJIaPyTu7oRLotDg5qmI,Pola & Bryson,Running Away EP,Flat Jam,7,300689,False,0.539,0.72,8,-6.877,0,0.0433,0.00112,0.758,0.221,0.342,173.996,4,drum-and-bass
2pTfNuajiEwpIq7zk66N21,Brookes Brothers;Danny Byrd,Orange Lane,Climb High,19,309024,False,0.46,0.587,7,-9.938,1,0.052,0.000997,0.069,0.13,0.145,173.997,4,drum-and-bass
5nhbj6BKDgXoqnqWw8XHp4,Kanine,Division,Division,50,227658,False,0.372,0.93,5,-3.066,0,0.0597,0.000888,0.73,0.19,0.182,175.0,4,drum-and-bass
4HJlg5yHdpaSIbqiuCH62b,High Contrast,Night Gallery,Ambient Recovery,16,258920,False,0.626,0.7,6,-6.414,1,0.0262,0.0859,0.0222,0.0931,0.367,122.01,4,drum-and-bass
2UUX5bJSHdHmUP9J7CYff1,Krust,"Retrospect, Vol. 1 (Compiled by Krust & Jumpin Jack Frost)",Angles,16,412400,False,0.707,0.905,0,-4.874,1,0.0778,0.00384,0.827,0.0691,0.69,164.843,4,drum-and-bass
6ppDxOHyZT1dvnIBp3UY7N,Noisia;The Outsiders,The Resonance IV,Sinkhole - The Outsiders Remix,28,267906,False,0.493,0.739,8,-2.681,1,0.127,0.082,0.139,0.472,0.148,114.473,5,drum-and-bass
7o0ucA1yNNZTdCwclllu90,Taxman,Ganja / Ratty Badboy,Ganja,16,273488,False,0.515,0.976,2,-0.868,1,0.0441,9.92e-05,0.667,0.426,0.0397,171.93,4,drum-and-bass
4KaYnQBP5CUorQKKuKmRUO,Camo & Krooked;Mefjus;Sophie Lindinger,No Tomorrow,No Tomorrow,50,271542,False,0.322,0.651,1,-0.137,1,0.0333,0.0116,6.35e-06,0.14,0.168,86.351,4,drum-and-bass
6U3KzIa82ZCKAROmpg7PqT,A.M.C,ENERGY,The End,18,316534,False,0.568,0.995,0,0.651,1,0.216,0.000282,0.213,0.788,0.4,172.021,4,drum-and-bass
1RP57IhDU2nBu8x2mjqFQi,Netsky;Stargate;KYLE,Abbot Kinney,"Big Hearts (feat. Stargate, KYLE)",35,201426,False,0.766,0.705,2,-5.01,0,0.048,0.066,3.56e-05,0.122,0.154,112.02,4,drum-and-bass
54qdcvuMH6tvbxjkFG4iDG,Wilkinson,Lazers Not Included (Extended Edition),Direction VIP,17,312068,False,0.416,0.932,3,-3.405,1,0.126,0.00422,0.716,0.338,0.0611,173.962,4,drum-and-bass
3DTOoh0U3t1iCaeA3D3VFx,Keeno,Futurist,Eos,17,206593,False,0.625,0.709,3,-7.104,0,0.0393,0.00496,0.733,0.0798,0.0574,116.009,5,drum-and-bass
4rg9217qF5ITlIMH1u5OTO,Friction;Stylo G;Tantrum Desire,Bring It Back (Tantrum Desire Remix),Bring It Back - Tantrum Desire Remix,23,282598,False,0.626,0.953,5,-2.564,1,0.241,0.000479,0.0779,0.357,0.25,174.07,4,drum-and-bass
1KxsajqnPwZIk0LmVG1Y67,Teebee,Archives 3,The Force V3,18,314806,False,0.555,0.982,4,-3.445,0,0.0533,5.95e-05,0.907,0.0672,0.103,174.988,4,drum-and-bass
2jtlU6H5C9WFB0x72f6YGo,Hybrid Minds;Catching Cairo,Elements,Touch,62,313562,False,0.582,0.821,9,-4.304,1,0.0497,0.0354,0.121,0.083,0.0373,86.013,4,drum-and-bass
7cpkBCCnsI1sM8nRocYlc0,Pendulum,Hold Your Colour (Bi-Polar Remixes),Hold Your Colour,17,328480,False,0.43,0.889,5,-4.821,0,0.0374,0.00142,0.218,0.397,0.18,173.964,4,drum-and-bass
2a2SVYLpz0JjnbFvWh6PSL,Wilkinson;Wretch 32;Nu:Logic,Flatline (Nu:Logic Remix),Flatline - Nu:Logic Remix,17,268565,False,0.617,0.749,1,-3.562,0,0.0819,0.104,0.000237,0.0696,0.307,174.914,4,drum-and-bass
1Jf5PyufpsLNeeMF32zHJ8,SHY FX;T. Power,Diary of a Digital Soundboy,Sheets,19,297533,False,0.356,0.902,9,-2.658,0,0.0578,0.0228,0.06,0.294,0.449,89.995,4,drum-and-bass
25ysC9uw0bpwgcxOhnrwjk,Tritonal,Tritonia 400,Adelphi '88 (Tritonia 400),0,316091,False,0.543,0.97,9,-6.097,0,0.0386,0.00195,0.833,0.102,0.126,122.981,4,dub
0G5N8E8nEQXtlnxi2Xfrj3,William Black;Amidy,Pieces,Closer Than You,45,219200,False,0.501,0.505,10,-6.428,1,0.0284,0.098,0.0,0.112,0.227,149.916,4,dub
7JiWFKym2XX7vgQDt0uUmB,Said The Sky;William Black;SayWeCanFly,On My Own,On My Own,57,255448,False,0.463,0.773,7,-5.01,1,0.091,0.0322,0.0,0.1,0.203,150.064,4,dub
1FaBhUg1WojOEMpTCWUzDQ,Horace Andy,Serious Times,Rumors Of War,26,238506,False,0.701,0.518,7,-9.114,1,0.0615,0.212,0.0,0.455,0.609,81.162,4,dub
640lN9B5fAsPrqMr9HUJ0m,Whales;ggnoaa,Paranoia,Paranoia,37,235202,False,0.525,0.754,8,-7.161,1,0.0489,0.0028,0.000159,0.391,0.378,149.884,4,dub
6yQAwPJmFn0OBTKWOnQFfv,Said The Sky;The Maine,Sentiment,"Go on Then, Love",54,201076,False,0.558,0.852,9,-4.07,1,0.0752,0.0905,2.38e-05,0.123,0.28,110.02,4,dub
0JZZ3Ae4P3jlH3R4wZUbN5,Steel Pulse,African Holocaust,Global Warning,29,292866,False,0.806,0.679,1,-6.579,1,0.259,0.0465,0.0,0.0431,0.811,77.139,4,dub
3GKa3RctO1YHniUDerjAij,Tritonal,Tritonia 399,"Tritonia (Tritonia 399) - Coming Up, Pt. 1",22,37533,False,0.852,0.684,1,-12.282,1,0.349,0.0124,0.0,0.122,0.48,125.93,3,dub
6H0zRPEV1ezBHOidNXSt1D,ILLENIUM;Nevve,Fractures (feat. Nevve),Fractures (feat. Nevve),55,245250,False,0.41,0.711,4,-3.064,1,0.0432,0.373,0.00179,0.139,0.266,159.837,4,dub
36tSNnMctCGaxQp0JVGBLC,Pinch,Qawwali,Qawwali,30,319416,False,0.787,0.292,7,-15.108,0,0.0772,0.141,0.929,0.11,0.0854,136.013,4,dub
7uI2wckyoA7wqSBAfwWEWt,Awakend;Herrin;Luma,Feels Like a Dream,Feels Like a Dream,43,259075,False,0.538,0.688,8,-4.254,1,0.0329,0.114,1.18e-06,0.332,0.19,92.059,4,dub
7LruMTRs2v4J45wPfOz4vf,Danakil,Rien ne se tait,Rendez-nous la justice,25,267146,False,0.675,0.638,7,-8.522,0,0.0547,0.00903,1.57e-05,0.0836,0.715,78.021,4,dub
46RvocxUkMUhCtDxk1BUyT,ILLENIUM;Dana Salah,Ashes,Reverie,51,299656,False,0.376,0.692,0,-4.474,1,0.0558,0.0197,0.000393,0.111,0.0903,173.899,4,dub
1DegLHuaZdLmOvhUgsNV9I,Kayzo;RIOT,Wake Up,Wake Up,52,316420,False,0.624,0.939,7,-2.449,1,0.071,0.00102,0.00559,0.131,0.391,160.014,4,dub
5smthiQvz7Nn5IKIy6d38W,GG Magree;Royal & the Serpent,Dichotomy,BITCH,47,221028,True,0.415,0.769,4,-5.756,0,0.0497,0.107,1.11e-06,0.129,0.14,159.93,4,dub
7dUeGRu9gaXSjkjKO4I8F3,Jason Ross;MitiS;Dia Frampton,Take You Home (feat. Dia Frampton),Take You Home (feat. Dia Frampton),46,218322,False,0.505,0.73,4,-4.907,1,0.0539,0.595,8.03e-06,0.104,0.208,155.004,4,dub
6WVgEuHcBrrTWFGMJHF38I,SLANDER;NGHTMRE,Thrive,Monster,49,234000,False,0.361,0.773,4,-5.039,0,0.0444,0.000563,0.000353,0.089,0.0652,159.553,4,dub
2V26vjCy384SOkQgl0dpsA,Vincent;JT Roach,Marathon,Marathon,36,219230,False,0.398,0.347,4,-9.647,1,0.0351,0.595,0.00166,0.0858,0.344,129.891,4,dub
4ngQO2l7l5hAGKDo9q8QDw,ILLENIUM;Spiritbox,Worst Day,Shivering (feat. Spiritbox),0,300916,False,0.428,0.907,4,-3.063,0,0.163,0.00594,1.71e-06,0.129,0.244,149.955,4,dub
4sXc3d5u0z6N6xt3EW3xPS,DJ Noiz;Kennyon Brown;Donell Lewis;Konecs,Senorita,Senorita,51,183954,False,0.807,0.737,6,-7.777,1,0.0317,0.267,0.0,0.428,0.926,105.053,4,dub
29QAPQkjqokFyQZ18VKAdy,Max Romeo,Best Of,Chase The Devil,63,177000,False,0.874,0.591,2,-5.213,1,0.143,0.013,0.0,0.138,0.76,76.004,4,dub
6jnOCITdl4EypDC4YzU3bA,Cidade Verde Sounds,Missão de Paz,Missão de Paz,33,252073,False,0.725,0.544,0,-7.627,1,0.0726,0.336,0.0,0.32,0.75,164.078,4,dub
3mYP2JXlrv2iLyU8GIAszA,KDrew,"Free, Vol. 4",Bullseye,50,248571,False,0.66,0.729,6,-5.244,0,0.0529,0.000851,0.00679,0.108,0.439,105.015,4,dub
1Ic5GlyRW3eTYC9Yx6kHnb,Mendum;Brenton Mattheus,Tell Me Why,Tell Me Why,34,204000,False,0.392,0.828,7,-3.842,0,0.129,0.00385,0.000478,0.127,0.0946,139.964,4,dub
560Ac5wm8qT64yGNRKRhpN,NERO;ZHU,Dreams,Dreams,46,268043,False,0.521,0.55,1,-6.222,1,0.0709,0.0029,0.171,0.0955,0.0391,184.018,4,dub
7L9DZ59G0e4UnNoGBydJNJ,Seven Lions;GG Magree,Beyond The Veil,Miss You (feat. GG Magree),0,354473,False,0.568,0.799,0,-5.518,1,0.037,0.121,1.92e-05,0.506,0.119,114.997,4,dubstep
6G1i0Uv6Nkhb9CnksXCfAx,Virtual Riot;Virus Syndicate,German Engineering EP,Show Up,41,267200,False,0.628,0.893,9,-4.206,1,0.146,0.00279,0.00173,0.0791,0.181,150.154,4,dubstep
6Vhd1f9ezZEVxc4BkZMyGX,MUZZ;F.O.O.L;TOKYO ROSE,Horsepower (F.O.O.L & TOKYO ROSE Remix),Horsepower - F.O.O.L & TOKYO ROSE Remix,43,200920,False,0.598,0.765,2,-3.588,1,0.0365,0.00624,0.778,0.102,0.0395,109.982,4,dubstep
3ETynfxvVCozp7I6qnqC17,Eliminate,Belly Of The Beast EP,BREAKSH!T,46,232000,False,0.519,0.908,10,-1.348,0,0.111,0.151,0.0193,0.0985,0.0894,75.145,4,dubstep
2cFbDTppIxkKRfDltzKGnx,Sonic Journey,Crying For Love,Crying For Love,45,209986,False,0.482,0.756,6,-6.963,1,0.0331,0.00269,0.000783,0.0976,0.472,150.043,4,dubstep
3N6B80cmfOnaQGG7KWppyb,Cookie Monsta;Flux Pavilion;Koven,I'm Delighted,I'm Delighted,55,339200,False,0.363,0.759,10,-5.447,0,0.0447,0.00857,0.00113,0.125,0.108,74.964,4,dubstep
67k9neQm9nlnMnejMpRXSN,yetep;Olmos,Daisies,Daisies,41,219870,False,0.316,0.582,4,-7.653,1,0.0601,0.297,0.0,0.387,0.206,154.786,4,dubstep
4d42YQbGZxwYq7YZiCkTDb,ILLENIUM;Dia Frampton,Awake,Needed You,52,305571,False,0.412,0.717,1,-4.293,0,0.0363,0.158,0.000403,0.089,0.336,140.103,4,dubstep
1ONKjaDIhaRpfXZM6Aissj,Far Out;Karra,On My Own,On My Own,51,270224,False,0.403,0.779,4,-2.981,1,0.0535,0.125,7.7e-05,0.385,0.103,145.084,4,dubstep
3kIM6HdKsk7iKkOFqdSCoz,if found,YOU,Need You,34,196800,False,0.512,0.777,8,-5.169,0,0.122,0.0125,0.0809,0.0646,0.439,150.054,4,dubstep
3IWkjBkiR4pHOkaHV52OMl,Excision,Dimension,Dimension,50,159162,False,0.398,0.928,2,-1.203,1,0.436,0.00261,0.348,0.31,0.227,149.855,4,dubstep
2tPzQueGEjxjmBvJrYe02u,ILLENIUM;Chandler Leighton,ASCEND,Lonely (with Chandler Leighton),53,270967,False,0.451,0.402,9,-4.63,1,0.0286,0.597,3.77e-06,0.294,0.129,92.93,4,dubstep
0Rz2MaUfMUkWZR6jbhtRkP,William Black;Fairlane;Dia Frampton,Butterflies,Butterflies,47,201931,False,0.563,0.72,3,-4.194,1,0.0384,0.173,0.0,0.213,0.263,145.085,4,dubstep
2p1taQKLDOA4tIsLTlLSoj,Trivecta;Gem & Tauri;Tyler Graves,Hear My Call (feat. Tyler Graves),Hear My Call (feat. Tyler Graves),42,188571,False,0.565,0.929,7,-5.287,0,0.0379,0.109,0.286,0.603,0.249,125.999,4,dubstep
7wC9cG5EgruIiQe6Xt6SFm,Sikdope,Snakes,Snakes,50,174375,False,0.86,0.956,11,-1.611,1,0.0727,0.0262,0.722,0.183,0.0794,128.013,4,dubstep
5UNtPhsi8vPmJI3yeaiKTS,NURKO;Autrey,So Far Gone,So Far Gone,45,212571,False,0.505,0.61,5,-5.673,0,0.0362,0.458,0.00194,0.104,0.189,140.013,4,dubstep
144VylfhBHydi2xvqy9yw6,Krewella;Far Out,Alibi & Runaway (Remixes),Alibi (Far Out Remix),52,219553,False,0.602,0.758,7,-5.261,0,0.068,0.134,0.0,0.0853,0.156,99.896,4,dubstep
2z5zyZaP6J9sh74mMKytUo,Krewella,Ammunition,Ammunition,38,206120,False,0.509,0.761,0,-4.259,0,0.0397,0.0991,1.7e-05,0.309,0.344,144.974,4,dubstep
1KUYxwsFpCgpwygaWQu4JL,Whales;Shiah Maisel,Death of Me,Death of Me,42,168428,False,0.516,0.775,6,-4.701,0,0.032,0.0117,6.23e-06,0.0947,0.321,139.947,4,dubstep
6f1oG9hTx3NETgV6q4rkw5,ILLENIUM,ASCEND,Take You Down,54,221398,False,0.275,0.657,11,-3.9,1,0.0431,0.396,0.000148,0.305,0.219,169.638,4,dubstep
54zrIs7UXX7kp3sFj7mlvG,Kai Wachi;YMIR,SKINS,Skins,49,310607,False,0.523,0.562,2,-3.504,1,0.0445,0.0405,6.72e-05,0.15,0.206,139.997,4,dubstep
4HQwS0eDQ57zOER0fp7DoD,ILLENIUM;Josh Golden,ASCEND,That’s Why (with GOLDN),51,252912,True,0.487,0.621,2,-4.676,1,0.0333,0.091,0.0,0.132,0.178,140.04,4,dubstep
0PjDVyVAkT8vfWD0pVmpPx,Ekali;ILLENIUM;Chloe Angelides,A World Away,Hard To Say Goodbye (feat. Chloe Angelides),41,197100,False,0.546,0.764,5,-4.641,1,0.053,0.0803,8.84e-06,0.0971,0.355,152.994,4,dubstep
5zJkRl2lsuP1bD1djEodCZ,ATLiens,Obsidian Vortex,Obsidian Vortex,48,162253,False,0.743,0.986,1,-3.117,1,0.0914,0.0573,0.0286,0.122,0.185,141.997,4,dubstep
3bEkAkaKjxaC7DubsfCo1t,ILLENIUM;Skylar Grey,From The Ashes (with Skylar Grey),From The Ashes (with Skylar Grey),67,253983,False,0.404,0.789,2,-4.516,1,0.0566,0.0243,0.000231,0.226,0.159,154.858,4,dubstep
6Hos4orKluXCWp7j06fLQn,Clean Bandit;A7S,Pop Hits Now,Everything but You,0,198014,False,0.679,0.764,6,-5.301,1,0.0391,0.031,9.05e-06,0.0951,0.471,124.977,4,edm
5ZSl6gDoV6bPPxzmLeneV9,Jonas Blue;Jack & Jack,Blue,Rise,71,194407,False,0.687,0.785,1,-4.65,1,0.0333,0.327,0.0,0.203,0.655,106.046,4,edm
5y0nMZC5kF6uLYaLc97mSo,DJ Snake;J Balvin;Tyga,Fiesta portatil,Loco Contigo,0,185194,False,0.827,0.757,6,-2.985,0,0.0564,0.283,1.56e-06,0.102,0.374,95.983,4,edm
6KfqrM6To2CjbXqJN3Pulw,Felix Jaehn;Robin Schulz;Georgia Ku,Night Drive Autumn/Winter 2022/23,I Got A Feeling,0,144734,False,0.598,0.833,2,-3.716,0,0.048,0.0196,0.0,0.292,0.406,124.973,4,edm
4aFEI0dqQcF0w5fg8qiadd,Avicii;Reeva & Black,10's Dance Classics,Last Dance - Reeva & Black Dub Mix,0,318750,False,0.645,0.844,4,-6.835,0,0.046,0.0118,0.873,0.0761,0.425,127.995,4,edm
6KOI9Op0fdvmPBG4RMemZc,Nucleya;Benny Dayal;Amaal Mallik;Tanishk Bagchi;Badshah;Arko;Armaan Malik;Arijit Singh;Asees Kaur;Fazilpuria;Sukriti Kakar;Neha Kakkar,"Kapoor & Sons Mashup (By DJ Chetas) (From ""Kapoor & Sons (Since 1921)"")","Kapoor & Sons Mashup (By DJ Chetas) (From ""Kapoor & Sons (Since 1921)"")",43,221000,False,0.654,0.951,5,-4.062,0,0.107,0.0308,0.00011,0.427,0.521,130.094,4,edm
1zTb5yhsu2Zq4A4Q3ZvRwF,Clean Bandit;French The Kid;Rema,Sad Girls (feat. Rema) [MOTi Remix],Sad Girls (feat. Rema),48,163472,True,0.799,0.847,5,-7.808,1,0.0956,0.254,2.14e-05,0.339,0.529,115.016,4,edm
6arE1lr4B2jsrWP1GBIkYH,David Guetta;MistaJam;John Newman,Upbeat 20's,If You Really Love Me (How Will I Know),1,184390,False,0.692,0.883,7,-4.698,1,0.0582,0.0512,0.0,0.228,0.614,122.984,4,edm
2FqkTu4FhwDWn9hzEaWWCE,The Chainsmokers,So Far So Good,I Love U,69,185522,False,0.651,0.719,8,-5.804,1,0.0318,0.143,3.62e-05,0.0948,0.81,103.981,4,edm
3TKpJrY9q49Mj1JOsM9zGL,The Chainsmokers;Kygo,World War Joy,Family,61,194826,False,0.584,0.607,11,-6.605,1,0.0356,0.426,0.0,0.101,0.374,117.817,4,edm
0RTqRMNHselkQSCxbnsGYz,Armağan Oruç,Gun Double,Gun Double,52,168638,False,0.77,0.533,1,-11.022,1,0.0885,0.0331,0.463,0.0935,0.493,95.017,4,edm
4OkD8oWu6iojf76kkk9LiU,Clean Bandit;French The Kid;Rema,Sad Girls (feat. Rema) [Clean Bandit VIP Remix],Sad Girls (feat. Rema),31,163472,True,0.799,0.847,5,-7.808,1,0.0956,0.254,2.14e-05,0.339,0.529,115.016,4,edm
5HOlPj1GPGrp8sbad1BPDU,Topic;A7S,Weekend Baby,Breaking Me,0,166793,False,0.789,0.72,8,-5.652,0,0.217,0.223,0.0,0.129,0.664,122.031,4,edm
1bBIW9ldf7Ehk0oLeNeTj7,David Guetta;Chris Willis;Fergie;LMFAO,EDM Hits,Gettin' over You - Aviccii's Vocal Mix at Night,0,377013,False,0.624,0.81,1,-8.307,1,0.039,0.00269,0.0186,0.169,0.271,127.989,4,edm
1HGtTmgl1sEycuS9lJviWQ,Zaeden,Genesis 1:1,dooriyan,63,161624,False,0.735,0.593,11,-7.473,1,0.0885,0.731,0.178,0.135,0.475,160.07,4,edm
4tERsdVCLtLtrGdFBf9DGC,Daya,New,New,65,230879,True,0.715,0.742,0,-4.331,1,0.0347,0.052,2.47e-05,0.364,0.322,106.971,4,edm
3kCn3zYPp9suJLSZGM2Yma,Mabel,"Anímate, es viernes",Let Them Know,1,148773,True,0.725,0.864,9,-5.601,1,0.0838,0.0121,0.0,0.0796,0.839,124.981,4,edm
1wLp6kHSEGXGMHfONnUaxN,Alesso;Tove Lo,Electro sounds,Heroes (we could be),0,211573,False,0.504,0.748,5,-4.124,1,0.062,0.0308,0.0,0.295,0.356,125.889,4,edm
5x4vgABKiGp4Vg7ZyFRxhn,DJ Snake;Rick Ross;Rich Brian,Shang-Chi and The Legend of The Ten Rings: The Album,Run It (feat. Rick Ross & Rich Brian),69,163373,False,0.688,0.725,2,-7.806,1,0.044,0.0195,7.63e-06,0.0726,0.225,104.006,4,edm
5JDmVwlWTzbwpxm1Qx9oFh,Robin Schulz;David Guetta,From The Ashes - New Beats,On Repeat,0,190217,False,0.609,0.801,1,-8.483,0,0.0694,0.0246,0.00255,0.37,0.202,122.958,4,edm
7o2G318KZiekaMH0tNEwQB,Jax Jones;Years & Years,Queda poco para la PAES,Play,0,186386,False,0.759,0.815,11,-6.544,0,0.0428,0.0127,0.0,0.269,0.597,125.052,4,edm
57lzmrirh8ORbMLrSMoEnI,twocolors;Pascal Letoublon,Arbeitsmusik Herbst/Winter 2022/2023,Break Up,0,157804,False,0.679,0.683,11,-7.739,0,0.112,0.0219,0.0,0.182,0.287,123.064,4,edm
0RzEfVy07ukh7GxnwVjPmr,Tiësto;Charli XCX,For the Girls: Summer Hits,Hot in It,1,129817,False,0.748,0.841,7,-5.08,1,0.177,0.00445,1.33e-06,0.0413,0.717,123.045,4,edm
15OwisPfzn1zVzz2NpEhKp,Alesso;Sentinel,EDM Gaming Music Autumn/Winter 2022,Only You,0,145174,False,0.483,0.917,3,-2.528,1,0.0438,0.00235,0.000347,0.119,0.323,129.035,4,edm
0YammaEkYSeo9vQYZ1OwS6,David Guetta;Bebe Rexha;J Balvin,7,Say My Name,73,198946,False,0.703,0.66,10,-5.119,0,0.123,0.137,0.0,0.192,0.79,95.031,4,edm
0KoiMHhqKLoL4xM54rcWYY,DJ Snake;Selena Gomez;Ozuna;Cardi B,Carte Blanche,"Taki Taki (feat. Selena Gomez, Ozuna & Cardi B)",73,212500,True,0.842,0.801,8,-4.167,0,0.228,0.157,4.82e-06,0.0642,0.617,95.881,4,electro
36Bu1ED7D3OiNzq48VoRYf,Charli XCX;Rina Sawayama,Running Songs,Beg for You,0,168053,False,0.788,0.945,9,-5.091,1,0.0599,0.223,2.97e-06,0.115,0.466,128.036,4,electro
3IT6wMBpuSOiTmM79vanaE,Nessa Barrett,Your Perfect Soundtrack,die first,0,177108,False,0.444,0.669,8,-6.727,0,0.125,0.0669,0.0,0.124,0.44,183.441,4,electro
3TLpjiEOF1b2jbzp0SqBB6,Afrojack;R3HAB;Au/Ra,Electro sounds,Worlds On Fire,1,174193,False,0.621,0.756,5,-5.623,1,0.114,0.0752,1.17e-06,0.65,0.265,124.039,4,electro
5nmLyv44kBygz9RWHshhG6,Alessia Cara,Frühstücksmusik Herbst/Winter 2022/2023,Sweet Dream,0,181881,False,0.76,0.532,0,-9.177,1,0.127,0.252,0.0,0.252,0.5,123.064,4,electro
6S0oUreJ0D0gUlUZVz01u0,Charli XCX,New Arrivals,Used to Know Me,0,145840,False,0.711,0.931,1,-4.042,1,0.0323,0.0914,4.41e-05,0.0892,0.775,118.009,4,electro
500mvzh7TRZ0YdnVeHhj8b,Major Lazer;Nyla;Fuse ODG,Peace Is The Mission (Extended),Light It Up - Remix,67,166138,False,0.747,0.877,9,-3.782,0,0.0664,0.0375,0.000833,0.233,0.752,107.991,4,electro
5ajjAnNRh8bxFvaVHzpPjh,Madison Beer,Reckless,Reckless,80,203384,False,0.386,0.426,3,-6.642,1,0.0363,0.807,0.0,0.14,0.261,180.104,3,electro
5DU0TdZSrSldWJd8Xtnh7C,Juan Magán;Maffio,Perreo Tenebroso Vol. 2,Tentándome,0,168746,False,0.647,0.816,0,-4.824,0,0.0648,0.179,0.0,0.314,0.725,119.826,4,electro
1Ph65gYzHdiNDs9yWh4ePY,Alan Walker;salem ilese,World Of Walker,Fake A Smile,56,165335,False,0.427,0.541,0,-5.726,1,0.0362,0.21,0.0,0.442,0.257,149.802,4,electro
25FtOoGhTwf1u9LLBLgHVb,Nessa Barrett,Daily Pop Mix,die first,0,177108,False,0.444,0.669,8,-6.727,0,0.125,0.0669,0.0,0.124,0.44,183.441,4,electro
2DpCdPMg1BADE4HDnxt3Rd,Daya,"Sit Still, Look Pretty","Sit Still, Look Pretty",63,202226,False,0.655,0.787,2,-3.031,1,0.264,0.122,3.11e-06,0.178,0.554,181.799,4,electro
46lFttIf5hnUZMGvjK0Wxo,Galantis,Pharmacy,Runaway (U & I),75,227073,False,0.506,0.805,1,-4.119,1,0.0469,0.00711,0.00193,0.0856,0.383,126.008,4,electro
5f43UmxJTBjUTQKcKRN292,Kylie Minogue,Perfect Christmas Hits,Santa Baby,0,202546,False,0.685,0.391,1,-7.183,1,0.0435,0.744,0.0,0.142,0.443,87.101,4,electro
4SjdRYD8opGTO3dQLf0YIP,Alec Benjamin,Hits Hits Hits,Devil Doesn't Bargain,1,163613,False,0.448,0.606,3,-4.565,1,0.0609,0.577,0.0,0.217,0.483,121.15,4,electro
3Z8FwOEN59mRMxDCtb8N0A,Marshmello;Halsey,Be Kind (with Halsey),Be Kind (with Halsey),77,172761,False,0.63,0.633,4,-7.088,1,0.0457,0.00776,0.0,0.0541,0.452,93.995,4,electro
6wXeRgZClAnD88ypGDaVuQ,Topic;Bebe Rexha,Night Drive Autumn/Winter 2022/23,Chain My Heart,0,146880,False,0.663,0.849,11,-4.462,0,0.0334,0.0791,1.2e-06,0.192,0.722,123.992,4,electro
0ZnwzjB40zdTZrEwPvaRqG,Otnicka,Babel,Babel,60,198962,False,0.883,0.366,2,-9.731,0,0.0706,0.14,0.915,0.102,0.397,107.998,4,electro
1kwHrBWAlucOE57lWugotk,Felix Jaehn;Zoe Wees,Do It Better (feat. Zoe Wees),Do It Better (feat. Zoe Wees),76,170045,False,0.677,0.804,1,-5.337,0,0.0677,0.0818,1.92e-05,0.158,0.41,122.111,4,electro
5HMJgPXgoCbBKwgRvnrhTm,Years & Years;Gryffin,Beats Electro Mood,Desire - Gryffin Remix,0,268840,False,0.543,0.875,10,-5.069,0,0.0514,0.0622,0.0,0.157,0.415,122.058,4,electro
0jllH0usRFD4LJkJnGK9Lf,Olivia O'Brien,Complicated,Complicated,71,189000,False,0.657,0.355,7,-12.044,1,0.0714,0.694,0.000427,0.123,0.0808,74.99,4,electro
1JDIArrcepzWDTAWXdGYmP,Zedd;Selena Gomez,True Colors,I Want You To Know,66,240000,False,0.58,0.846,9,-2.876,0,0.0573,0.00537,6.62e-06,0.145,0.366,129.998,4,electro
3g0mEQx3NTanacLseoP0Gw,The Chainsmokers;ILLENIUM;Lennon Stella,World War Joy,Takeaway,75,209880,False,0.528,0.511,3,-8.144,1,0.0324,0.126,0.0,0.101,0.351,100.1,4,electro
6hF9F76wq0rpXxZxvmEA2e,Alan Walker,Faded (Lost Stories Remix),Faded - Lost Stories Remix,41,211165,False,0.611,0.912,6,-3.719,1,0.038,0.0126,0.117,0.0842,0.363,102.997,4,electro
2W8Y6xiyEnDsz4zABKAxQf,Alec Benjamin,Hit After Hit,Devil Doesn't Bargain,0,163613,False,0.448,0.606,3,-4.565,1,0.0609,0.577,0.0,0.217,0.483,121.15,4,electro
052z2UsE2wPrHsBJ9tly0g,Air;Gordon Tracks,The Virgin Suicides (Original Motion Picture Score),Playground Love,63,211500,False,0.33,0.423,7,-10.504,0,0.0279,0.265,0.731,0.347,0.117,143.086,4,electronic
4exGSaz6lVTxxZVF1xVD4k,Faithless;David Guetta,God Is a DJ,God is A DJ,60,155000,False,0.598,0.964,6,-4.173,1,0.0523,0.0444,0.654,0.234,0.115,126.015,4,electronic
00TFDHSe7s8cWm5CzDY8UP,Moby,18,Extreme Ways,29,237640,False,0.504,0.777,9,-7.916,0,0.0583,0.00106,0.00109,0.12,0.549,100.006,4,electronic
55kDJdv7pymmG4URJlVTYR,Oliver Koletzki,The Arc of Tension,Tankwa Town,50,453506,False,0.736,0.401,7,-11.285,1,0.0476,0.102,0.293,0.0938,0.0543,100.008,4,electronic
0IoJNiqfeORsU6nMY9zC85,DJ Snake;Malaa,Pondicherry,Pondicherry,44,202380,False,0.749,0.874,9,-6.019,1,0.111,0.00463,0.746,0.227,0.834,125.98,4,electronic
3Zm5WTuC4K98XAMw5h2V4T,Juicy M;Willy Van Florence;Amyss,Actuation ADE 2022 Pre-Party,Pump This,0,161484,False,0.73,0.935,11,-8.25,1,0.0615,0.0124,0.754,0.366,0.491,128.013,4,electronic
51HFeDr7a2mpaZP12J2vQS,Miranda!,El Templo del Pop,Chicas,37,196920,True,0.768,0.764,11,-7.13,0,0.0333,0.0106,0.00203,0.344,0.947,100.988,4,electronic
1CMJ5Wd3AlCbV2ki0COI7v,Yellow Claw;Rochelle,Shotgun (feat. Rochelle),Shotgun (feat. Rochelle),45,193659,False,0.656,0.908,4,-3.195,0,0.0327,0.0114,0.209,0.17,0.232,144.978,4,electronic
3r44Otr6SVUja3SYsCuhVY,Izzamuzzic;Julien Marchal,Shootout (Sped Up),Shootout (Sped Up),76,242142,False,0.684,0.605,10,-8.678,0,0.0634,0.216,0.941,0.103,0.768,104.647,4,electronic
7N3FYEwyWxcGEOWQEgYHVK,Babasónicos,Desde Adentro - Impuesto de Fe (En Vivo),Sin Mi Diablo - En Vivo,37,189760,False,0.632,0.963,4,-5.655,0,0.0584,0.448,0.173,0.743,0.576,121.043,4,electronic
3LnoLo62GjfKDYIN7eJpPB,San Holo;Chet Porter,bb u ok?,"you’ve changed, i’ve changed",50,311625,False,0.416,0.615,5,-7.898,1,0.0452,0.123,0.00171,0.273,0.181,130.228,4,electronic
0d2yUkzvqA85zHqiKA9IuE,Anthony Keyrouz;offrami;Jeannette,Tell Me How,Tell Me How,50,132742,False,0.706,0.867,9,-5.129,1,0.113,0.0548,5.94e-05,0.159,0.566,122.932,4,electronic
6QWWAAktMqnx50kzSzjLVd,6091,Yajña,Yajña,25,305263,False,0.859,0.633,9,-9.894,1,0.0637,0.0157,0.863,0.0977,0.0457,109.998,4,electronic
32I2h44BnVpewxELlFpInh,Poshlaya Molly,Грустная девчонка с глазами как у собаки,Райские цветы,48,138512,True,0.313,0.828,7,-5.075,0,0.0541,0.00412,0.000176,0.395,0.66,169.852,4,electronic
4d8QCee0JKfsBwZFAzfLy1,Martin Jensen;Loote,Wait,Wait,50,165083,False,0.649,0.664,8,-4.768,0,0.0617,0.178,0.0,0.15,0.339,110.041,4,electronic
5LuQvkBG365ue36BMujtSz,Dabin;Trella,Between Broken,Starbright,50,243027,False,0.458,0.67,10,-4.993,1,0.0397,0.025,3.78e-06,0.358,0.107,160.05,4,electronic
0suLmBuEbatdochI4tHduq,NGHTMRE;SLANDER;Matthew Santos,FEELING GUD,FEELING GUD,63,190682,False,0.484,0.94,5,-3.682,0,0.257,0.0145,0.000323,0.266,0.334,173.741,4,electronic
0DRqAaqeBsDh8m7RyVsckz,KOKÔ CECÊ,Marginado,Marginado,34,204660,False,0.45,0.67,5,-6.284,1,0.0292,0.262,0.0,0.1,0.471,111.733,4,electronic
2k5SEAK05D29ZkqbnFgIVL,Catching Flies,Silver Linings Remixed,Satisfied (Ambient Reprise),61,195959,False,0.386,0.304,4,-12.215,0,0.0531,0.892,0.749,0.102,0.057,122.001,4,electronic
6fxq63aKjMmi1WMI9iKX5w,Oliver Koletzki,The Arc of Tension,Spiritual but Not Religious,54,246706,False,0.671,0.497,0,-9.787,0,0.0552,0.171,0.536,0.101,0.114,95.005,4,electronic
2vsLYhay0arlPRWJVOsNDq,Usted Señalemelo,II,"Puedo Morir, Puedo Caer",34,246600,False,0.595,0.571,9,-5.257,1,0.0627,0.0612,0.211,0.107,0.519,137.931,4,electronic
66YEDcrJdUYuvXznH5zrDq,Orgy,Metal,Blue Monday,0,267000,False,0.589,0.695,8,-8.109,1,0.0341,8.65e-05,3.6e-05,0.0778,0.938,129.837,4,electronic
655UslbCYFKUnSB4IFkYtF,Babasónicos,Repuesto de Fe (En Vivo),Vampi - En Vivo,38,173453,False,0.739,0.574,7,-6.474,1,0.0276,0.0129,0.0,0.906,0.627,112.027,4,electronic
7cZXR7MmUEtIE5FqNV9Cl2,Babasónicos,Discutible,Cretino,43,181946,False,0.638,0.907,9,-3.286,1,0.0427,0.0108,6e-06,0.209,0.649,135.917,4,electronic
2brgW2rPRbY5Zn0aU2USgc,Fabian Mazur;Kazu,RISE,Pop Off,50,160874,True,0.709,0.747,10,-4.705,0,0.347,0.0172,2.06e-05,0.131,0.573,140.024,4,electronic
7bHF1evAhX18G3BdKLblFH,Milion Plus;Jickson,#hot16challenge2,YVGN (#hot16challenge2),34,92307,True,0.934,0.539,10,-9.253,0,0.29,0.0665,0.0,0.125,0.831,130.019,4,emo
79hOg2OcECgvRGGeX0XJuZ,PHARAOH;Mnogoznaal,Акид,Акид,47,161008,True,0.882,0.654,8,-5.766,1,0.279,0.0154,2.18e-05,0.114,0.308,133.039,4,emo
0jyR7nQUAo5Wfazfq57MYp,The Spill Canvas,One Fell Swoop,Lust A Prima Vista,34,205146,False,0.598,0.812,5,-5.638,0,0.0469,0.0236,1.57e-05,0.0886,0.702,134.996,4,emo
3wMU8cMoirUw2nAdPWLOh4,Psycho Rhyme,АЖАМИЈA,22,36,157070,True,0.689,0.512,8,-9.104,0,0.0905,0.402,0.00425,0.223,0.281,114.993,4,emo
1HUONmrq0euHYmiIrmYqPq,XXXTENTACION,Tik Tock 2021,Hope,33,110886,True,0.598,0.457,9,-6.081,0,0.0602,0.661,0.000331,0.146,0.225,146.052,4,emo
6T7MAQCekVb3UnCykjX3BP,My Chemical Romance,The Black Parade,Disenchanted,65,295000,False,0.343,0.692,2,-3.926,1,0.0355,0.00218,0.0,0.112,0.153,174.07,4,emo
1tf1CVuAsK3X1s42riww5u,Lil Peep;Wicca Phase Springs Eternal,crybaby,absolute in doubt,65,227066,True,0.733,0.655,4,-7.574,0,0.0472,0.0246,0.0,0.156,0.265,138.023,4,emo
52KFX9aaIwEuUX1mjlbgvp,Lil Peep,crybaby,"skyscrapers (love now, cry later)",63,121920,True,0.659,0.423,2,-8.433,1,0.0379,0.0144,0.0,0.135,0.0364,112.223,4,emo
6RM5WJcShIHsxrja11M1iK,RADWIMPS,Your Name.,Nandemonaiya - movie edit.,51,196906,False,0.395,0.331,11,-8.439,1,0.0307,0.404,0.00046,0.0964,0.296,112.114,5,emo
2pzoaKZyoPkQIKmspn70rq,PHARAOH,Phosphor,Выродок,50,152999,True,0.76,0.753,9,-6.03,0,0.0456,0.0623,0.000361,0.0621,0.249,104.969,4,emo
2WetC8JAhHprkgIP4RXIki,Microwave,Much Love,Homebody,34,202146,False,0.596,0.886,1,-5.508,1,0.0296,0.000174,0.00101,0.251,0.675,131.963,4,emo
1UYZWCuMG9N2do5ZnvWh9x,Fresno,Redenção,Alguém Que Te Faz Sorrir,45,196906,False,0.588,0.507,6,-6.357,1,0.0259,0.702,0.0,0.121,0.236,104.012,4,emo
4FzvV0haqBRwiLaIDrb3cL,eli.,the way we used to love.,attached,54,220000,False,0.753,0.501,1,-5.495,0,0.124,0.663,0.0,0.0829,0.0485,143.873,4,emo
5n9O3DqswW3Vm5b3Z07zcB,XXXTENTACION;Ky-Mani Marley;Stefflon Don;Vybz Kartel,Bad Vibes Forever,Royalty,50,203519,True,0.907,0.571,8,-5.345,0,0.227,0.012,0.0183,0.0974,0.612,124.973,4,emo
2PAwhchKPd8F5FDYXQmZgL,Seon;Kado,Float,Float,56,162901,True,0.802,0.579,6,-4.12,0,0.0325,0.189,0.0,0.219,0.647,111.994,4,emo
7g7or6ba1mBgq5Ydj2ixjs,LIL DUSTY G,UNDERGROWTH,INBETWEEN,60,114845,True,0.682,0.653,6,-7.043,0,0.0988,0.138,0.0016,0.0554,0.682,92.007,4,emo
1AtGjfnhavmpMPy9WQyW2u,Slowly Slowly,St. Leonards,Ten Leaf Clover,33,249258,False,0.381,0.897,1,-4.74,1,0.0651,0.122,0.00194,0.294,0.551,183.847,4,emo
5D5fiDX8MhK3lfHJmZZmpt,ONE OK ROCK,Luxury Disease,Save Yourself,58,197995,False,0.503,0.849,5,-2.709,1,0.0615,0.00428,0.0,0.0667,0.762,165.096,4,emo
00hTw7P6jPUio5Qgojw38w,A Rocket To The Moon,Wild & Free (Deluxe),Wherever You Go,44,200600,False,0.521,0.616,6,-6.11,1,0.0288,0.377,5.85e-06,0.11,0.469,169.038,4,emo
4Xn89qH8uKOumgvAGSvY3U,iamjakehill,Solace,Stay,67,185070,True,0.634,0.658,7,-8.537,0,0.314,0.814,0.0,0.134,0.86,166.05,4,emo
32Ntr8rYMAfuTEyrNeMtpg,THRILL PILL,2017,2017,48,106002,True,0.807,0.525,5,-8.235,0,0.16,0.166,0.0,0.0829,0.575,153.9,4,emo
5maosvba9QkQP14u6vtxog,Roosevelt,Elliot - EP,Montreal,58,236335,False,0.669,0.642,5,-9.004,1,0.0515,0.00221,0.834,0.203,0.838,115.973,4,emo
08iw6awsYK5FDd7lhXyPIe,kizaru;Pearly Pride,Никто не нужен (feat. Pearly Pride),Никто не нужен (feat. Pearly Pride),51,202103,True,0.678,0.383,5,-14.101,1,0.131,0.384,1.86e-06,0.152,0.174,127.934,3,emo
0E37RLXlilaFJDfA4ByYb2,Ketama126,Rehab,Potrei,37,195000,False,0.765,0.649,0,-6.16,1,0.104,0.00288,0.000259,0.108,0.251,124.043,4,emo
4upK9OgMepvBFEGD8CDE9A,Lil Yung Pharaoh,"I Hate You, But I Love You","I Hate You, But I Love You",50,132951,False,0.462,0.371,10,-11.201,1,0.0522,0.503,0.0,0.135,0.255,139.637,4,emo
6cIYjXRwQwKnZas3JE3DFT,Four Tet,Eat Your Own Ears Recordings EP 1 / 2,Scythe Master,4,480253,False,0.644,0.815,1,-8.538,1,0.0469,0.00854,0.845,0.351,0.494,129.998,4,folk
7hN5TKSdRb56uytwIpcUES,Hugo,Old Tyme Religion,99 Problems,62,137426,False,0.529,0.557,9,-7.762,1,0.0738,0.0357,3.93e-05,0.0734,0.592,162.599,4,folk
57TrQP3nPUoc92VsooFB7p,When Chai Met Toast,Kahaani,Kahaani,41,215173,False,0.596,0.358,0,-12.993,1,0.0255,0.9,0.0503,0.108,0.43,94.932,4,folk
2NqfkA2lQHqAezTY5h2EZ1,Don McLean,Sweet Home Alabama,If We Try,0,215226,False,0.565,0.403,2,-12.425,1,0.0303,0.674,0.0,0.103,0.48,109.62,4,folk
4T3SkqoVATAGpizjUyrMzE,Almir Sater,Almir Sater,Boiada,46,226266,False,0.421,0.346,11,-9.351,1,0.0255,0.875,9.27e-06,0.0895,0.318,95.842,3,folk
5cJJdUtacwBrphoMjh3tKG,When Chai Met Toast,Believe,Believe,44,236700,False,0.25,0.618,2,-7.705,1,0.0378,0.16,0.0169,0.109,0.12,66.632,4,folk
4ur5qPqrVjxu9DmdK0cdni,Mercedes Sosa;Charly García,Música para casa,Cuando Ya Me Empiece A Quedar Solo - En Directo,0,224586,False,0.355,0.24,7,-11.187,0,0.0346,0.935,1.62e-05,0.708,0.1,124.084,4,folk
5OiWcsIPt3KU9nbFkPhGjs,Mirtha Iturra,Estudio y Música de Nuestro Folklore (Vol. 1),Pañuelo para la Cueca,42,129266,False,0.5,0.523,7,-6.86,1,0.0338,0.369,0.0,0.159,0.655,111.958,3,folk
7huPZuYrinI8IETL1ihSq4,Andrew Bird,Christmas Vibes But Not Christmas Songs,Alabaster,0,192160,False,0.377,0.362,7,-7.255,1,0.0354,0.686,2.92e-05,0.135,0.262,180.991,3,folk
15BFn2VmEtonsXfNL1lUmy,The Civil Wars,Chill Christmas Dinner,I Heard The Bells On Christmas Day,0,154440,False,0.492,0.145,2,-14.504,0,0.0422,0.872,9.68e-06,0.107,0.218,90.078,4,folk
6OfmhEOHcKhOUlh3vNE2zh,The Band,Home For Christmas 2022,Christmas Must Be Tonight - Remastered 2001,0,218666,False,0.668,0.665,7,-8.55,1,0.0267,0.0519,6.68e-05,0.109,0.766,128.619,4,folk
4cJsJdwEp3y4K1slV5fRZm,Hollow Coves,Wanderlust,Interlude,66,60013,False,0.584,0.0831,7,-21.379,1,0.0395,0.988,0.934,0.111,0.591,100.079,4,folk
2dEfpsiyIttecwUxkGH2yD,Kailash Kher;Pritam,Ajab Prem Ki Ghazab Kahani (Original Motion Picture Soundtrack),Tu Jaane Na - Unplugged Version,47,343160,False,0.655,0.325,9,-5.529,1,0.0302,0.833,0.0,0.11,0.614,119.886,4,folk
7gUpHwmxXyJ4JVra6UHpKA,Vancouver Sleep Clinic,Middle Of Nowhere,Middle Of Nowhere,58,402654,False,0.474,0.425,8,-11.412,1,0.0327,0.502,0.00196,0.0873,0.183,123.747,4,folk
4EAJpL69BNHitVKbebzScl,Silvia Infantas Y Los Condores,Chile Tipico Vol.4 Rio Rio,Los Lagos De Chile,42,123733,False,0.733,0.612,0,-8.517,1,0.0487,0.693,0.0,0.435,0.801,117.132,3,folk
4tmLVGL1ibYRipc9E736Uf,Papon,Jajabori,Rode Rodaale Saa,35,223973,False,0.495,0.314,2,-13.306,1,0.0289,0.881,0.000102,0.0908,0.283,132.007,4,folk
1YMVXl39bk37KZGuUhzRw6,Passenger,Sunday Night Sessions,Fast Car (Cover),57,235812,False,0.582,0.421,9,-8.731,1,0.029,0.155,9.06e-05,0.0905,0.333,92.881,4,folk
5FcQcDHuwpzP70vhlCqVi2,Steppenwolf,Fiesta temática 60s,The Pusher,0,349826,False,0.508,0.47,0,-9.339,1,0.0262,0.201,0.0553,0.14,0.69,81.016,4,folk
3A47sbm8jQSMNyAtLHk9Em,James Taylor;Toots Thielemans,12 Days of Christmas 2022,The Christmas Song (Chestnuts Roasting On An Open Fire),0,232106,False,0.388,0.334,4,-9.886,1,0.0314,0.364,8.45e-06,0.256,0.22,120.82,3,folk
5Tbc2O2q1NCux8F0lYiEo0,Kalle Moraeus;Orsa Spelmän,Underbart,Underbart,43,188560,False,0.481,0.671,9,-4.483,1,0.0343,0.373,0.0,0.514,0.578,102.226,3,folk
6vXQ12lw0BOY8ZAwT80wJy,The Avett Brothers,sadsadchristmas,Winter In My Heart,0,294960,False,0.409,0.198,9,-10.832,1,0.0293,0.751,0.000712,0.082,0.14,132.782,4,folk
5377z0OljWvRR7CdSQrJxP,Hollow Coves,Wanderlust,The Woods,61,241546,False,0.802,0.41,9,-12.793,1,0.0455,0.411,0.00107,0.0941,0.224,106.05,4,folk
0RHSxCtBBdjDsJAqArtTSt,Papon;Monali Thakur,Chakki (Original Motion Picture Soundtrack),Aankhein Judi,39,320000,False,0.578,0.277,11,-11.86,1,0.0305,0.711,0.031,0.0907,0.131,114.978,4,folk
6ydqEdlzueCGmQE2oosecr,The Little Willies,For The Good Times,For The Good Times,45,226213,False,0.424,0.161,0,-10.407,1,0.0339,0.866,0.00178,0.11,0.295,85.499,4,folk
2GmDKB7skBipPXBBkM0RBt,Meghdhanush,Kehvu Ghanu - Single,Kehvu Ghanu,44,262500,False,0.56,0.314,2,-10.601,1,0.032,0.525,1.48e-05,0.104,0.172,140.044,3,folk
0J6aKunMwPshmlByHXi7QJ,Dorgival Dantas,Simplesmente Dorgival Dantas (Ao Vivo),Eu Não Vou Mais Chorar - Ao Vivo,40,236733,False,0.443,0.919,9,-5.026,1,0.0734,0.475,0.00231,0.8,0.536,172.489,4,forro
6LpB4VapxWfbQqfRWpaj1T,Japãozin;Mc Morena,Pen Drive Atualizado,Quer Casar Comigo,45,129473,True,0.731,0.78,9,-3.35,1,0.0544,0.135,0.0,0.0863,0.972,159.941,4,forro
1CUY6IWzjtrKEvXYL6saou,Vitor Fernandes;Unha Pintada,Piseiro Atualizado,Cancela esse amor,42,188437,False,0.638,0.805,3,-3.412,0,0.0377,0.463,2.58e-05,0.0385,0.962,156.072,4,forro
0Oqe13tiFTboDuPSPNXTf1,Cavaleiros do Forró,"Campeões do Forró, Vol. 05",Não Pegue Esse Avião,39,184736,False,0.488,0.788,7,-4.311,1,0.0381,0.482,0.0,0.0506,0.8,176.116,4,forro
4d25P8ZpLeH8kCyLW44Eud,Danieze Santiago,Intimidade,O Mundo Vai Cobrar,43,174445,False,0.84,0.733,5,-4.788,1,0.031,0.625,0.0,0.271,0.473,113.965,4,forro
5ZLnbIxypN3bu7rzJz6Zio,Catuaba Com Amendoim,Acústico,Saga de um Vaqueiro,38,509986,False,0.723,0.856,10,-3.394,1,0.0427,0.451,0.0,0.0583,0.95,108.884,4,forro
7rkp1ysBSmKiVLb4T6fMsR,Taty Girl,"Baú da Taty Girl, Pt. 1 (Ao Vivo)",Perfeito Demais - Ao Vivo,40,194429,False,0.592,0.938,0,-3.578,0,0.116,0.165,1.22e-06,0.238,0.783,91.358,4,forro
2EiVLz6irHr0sYvhiHubCh,Kevi Jonny,Caixa de Saudade (Ao Vivo),Caixa de Saudade - Ao Vivo,49,178415,False,0.55,0.665,0,-2.608,1,0.0662,0.301,0.0,0.126,0.643,143.441,4,forro
65mSI1Rt8gJ30b2cZJrp4S,Os Barões Da Pisadinha,Batom de Ouro,Fake News,39,137482,False,0.768,0.801,7,-5.994,1,0.0436,0.665,2.51e-05,0.0701,0.905,172.046,4,forro
6GidmeWQfdToRtcfrqWgte,Pablo,Arrocha Brasil (A Voz Romântica),Você Vai Ficar em Mim,39,150946,False,0.658,0.631,11,-10.12,0,0.0294,0.11,7.33e-05,0.568,0.727,131.763,4,forro
1Rs9ecHoATzaBXb1BaSl2p,Humberto & Ronaldo;Ícaro e Gilmar,"Ao Vivo em Goiânia, Completo",Eu Também Não Vou - Ao Vivo,59,222271,False,0.495,0.754,9,-5.168,1,0.0514,0.581,0.0,0.771,0.599,155.612,4,forro
0u8vLdKjqe63Lrs8bTw6ka,Reginaldo Rossi,"20 Super Sucessos, Vol. 3",A Raposa e as Uvas,48,226561,False,0.788,0.619,5,-7.313,1,0.0431,0.419,0.0,0.651,0.874,130.063,4,forro
4M5cQfczdKFxPdfS8oKrLJ,Luan Estilizado;Jerry Smith,Tá Faltando Eu,Tá Faltando Eu,42,146632,False,0.602,0.913,5,-2.721,1,0.0394,0.183,1.14e-06,0.195,0.963,165.071,4,forro
1Nj7fZGwoFzjGjdSAgzlu1,Os Barões Da Pisadinha,Agora Eu Pego Mesmo,Sou Eu,43,147252,False,0.759,0.882,7,-6.331,1,0.0503,0.559,1.35e-06,0.0589,0.966,172.065,4,forro
5ML1UZX5jvk9R0QivABet4,Os Barões Da Pisadinha,As Melhores 2018,DNA Do Interior,42,163996,False,0.83,0.86,6,-5.873,0,0.0522,0.461,0.0,0.0698,0.963,172.009,4,forro
63LGAn2Jz3dxciWxGt0NCu,Japãozin,Arraiá pra Paredão,Balanço da Saveiro,40,133733,True,0.767,0.835,4,-4.212,1,0.0654,0.159,3.48e-05,0.0499,0.962,160.043,4,forro
6Zq0m2q09khefAnsZWlPr0,Pablo,Desculpe Aí,Imprevistos,41,237933,False,0.662,0.659,2,-4.371,0,0.0285,0.427,0.0,0.713,0.538,132.0,4,forro
3WwLC6FZsy3DeXOxBIxnep,Forró Boys,"Forró di Katiguria, Vol. 3",Nossa História,38,276240,False,0.717,0.822,8,-4.765,1,0.0334,0.0874,0.0,0.116,0.901,92.998,4,forro
6yVglASetPTTmsEeyNuhsi,Pablo,Desculpe Aí,Tem Dó,40,193413,False,0.654,0.61,11,-3.468,1,0.0322,0.217,0.0,0.783,0.596,131.644,4,forro
4vJ7HCql6RfIdMOMYOSj49,Zé Vaqueiro,Do Melhor Jeito,Volta Pro Seu Nego,48,149210,False,0.684,0.922,0,-2.383,1,0.0401,0.492,0.00318,0.349,0.947,158.066,4,forro
6o4AWPmqbT4KymHawEZ7Kw,Pablo,Êee...Paixão!,A Casa ao Lado,47,316613,False,0.738,0.743,7,-2.12,1,0.0377,0.255,0.0,0.449,0.68,131.78,4,forro
427VV6oe3I7lKyGlkZPWuf,Forrozão Sela Rasgada;Zezinho Aboiador,A Rainha das Vaquejadas,Feitiço Matador,41,219226,False,0.861,0.629,0,-8.4,1,0.0329,0.492,0.0,0.0426,0.962,107.98,4,forro
2oP9KGCvD2DPwWB1hH6RJh,Pablo,Um Novo Passo,Desapeguei,45,207253,False,0.689,0.533,0,-7.293,1,0.0326,0.354,0.0,0.581,0.567,131.935,4,forro
4314LW5253Jja088tJ8AOp,Asas Livres,Asas Livres & Pablo: Retrô (Ao Vivo),Voa Livre,37,159973,False,0.764,0.533,0,-9.202,1,0.0333,0.0277,0.000136,0.232,0.703,126.455,4,forro
5EcjFvi2ptqJ1J6b9PSh8Q,Forró dos Plays,Verão dos Plays,A Nossa Primeira Vez,44,171467,False,0.662,0.923,10,-2.661,0,0.0443,0.385,0.0,0.336,0.964,169.844,4,forro
7e9aJrCb2fMRSv6CAlf8bJ,Raft,Madagascar,Debout les gazelles,20,257666,False,0.783,0.734,4,-11.311,0,0.0331,0.317,0.00017,0.335,0.981,126.26,4,french
1iE8JCcL0rAVPjRFGEmFaT,Dosseh,RAP MUSCULATION RENTRÉE 2022,Cardio,0,181408,True,0.937,0.658,0,-6.42,0,0.177,0.207,0.0,0.193,0.401,130.057,4,french
0Jh6iWjna1wk5le0Ahn7No,Ninho,Destin,La vie qu'on mène,73,193443,False,0.8,0.756,7,-4.4,0,0.0367,0.687,2.06e-06,0.111,0.456,113.204,3,french
2tr24VBF280hvO14tSNBEO,Laurent Voulzy;Véronique Jannot,Belle Ile En Mer,"Désir, désir, Pt. 1",35,296506,False,0.748,0.466,7,-14.149,1,0.0366,0.0542,6.21e-06,0.241,0.891,115.045,4,french
2WCcNcnj6YIiKTNMmQiBKI,Saco;Sebastiën,Gotta Give Me,Gotta Give Me,63,199016,False,0.864,0.707,8,-7.335,0,0.0387,0.469,0.0,0.129,0.721,115.034,4,french
5BZZZkbsiVldS3g6juDBna,Tiken Jah Fakoly,Africa Rising Vol.3,La porte de l'histoire,0,252400,False,0.694,0.951,6,-2.223,0,0.0338,0.119,0.00112,0.248,0.87,105.123,4,french
7Fv5i7pS4an7WxmTE0dkbF,RK,Neverland,La flamme,33,159973,True,0.73,0.581,6,-6.6,0,0.168,0.139,0.0,0.112,0.441,140.088,4,french
3tpr03iAT3ZMUdJBNMHptV,Limsa d'Aulnay,"Logique, Pt. 1",Avec Moi,32,186666,True,0.933,0.337,1,-14.25,0,0.37,0.239,1.12e-05,0.0875,0.331,126.021,4,french
2blJsYMS9VSHcEqYUQhCkM,Ben Mazué,Ben Mazué,Je regrette,33,218240,False,0.689,0.8,7,-5.94,1,0.253,0.364,0.0,0.174,0.632,123.092,4,french
1Kiidpd9HxHWIIiDKackZf,Gérard Lenorman,Olympia 75,"La ballade des gens heureux - Live à l'Olympia, 1975",35,213840,False,0.592,0.436,5,-11.694,1,0.0578,0.755,0.0,0.712,0.657,124.063,4,french
3IZ5QRmjEDflLTZgRyTppR,Marina Kaye,Fearless (Deluxe),Freeze You Out,49,247000,False,0.399,0.672,0,-6.185,0,0.0318,0.00359,0.0,0.567,0.275,89.233,4,french
0lLom788MgNXvKTj9rQ0Ua,Jean-Baptiste Lully;Clément Debieuvre;Davy Cornillot;David Witczak;Ensemble Leviathan;Lucile Tessier,"Purcell: See, even Night herself is here (The Fairy Queen) - Rameau: Dormons, dormons tous (Atys)","Atys, LWV 53: Dormons, dormons tous",0,454360,False,0.136,0.0503,5,-22.275,0,0.0407,0.962,0.221,0.11,0.073,89.42,4,french
4DN8e56DFCEXISA8Uqz5Pw,Lucenzo,No Me Ama,No Me Ama,61,167474,False,0.799,0.675,7,-5.999,0,0.0772,0.418,0.0,0.0958,0.678,96.797,4,french
4w4fTlQRxtXaTpvSqSqDaM,Else,Ambre,Ambre,49,240625,False,0.492,0.806,8,-6.31,1,0.0427,0.221,0.67,0.225,0.143,96.065,4,french
7j1WLY4GfFuUYCw5CTugiE,Carbozo;Sasso,"Carbozo, Vol. 1",J'en veux encore,34,183253,True,0.807,0.844,10,-4.425,0,0.0544,0.0678,0.0,0.11,0.436,127.976,4,french
2myvu5uXaNBDZ5dYecilSC,Georgio,XX5,Coup pour coup,32,215166,False,0.796,0.633,1,-6.515,1,0.365,0.415,0.0,0.227,0.428,138.018,4,french
3uJSlXVVZvIz7mqp4ujysy,La Rue Kétanou,Los Pájaros,Los Pájaros,30,268482,False,0.638,0.65,5,-7.266,1,0.0337,0.813,0.00764,0.21,0.904,88.945,4,french
44h041D14k51xKXPG0KztZ,Swift Guad,La chute des corps,J'attends un miracle,33,214388,True,0.55,0.522,6,-7.685,0,0.228,0.739,0.0,0.212,0.63,76.603,4,french
3NZ4hVNi8K7PLR2TZhwRSb,Louis Chedid;Yvan Cassar,La belle (Version Piano – Voix),La belle - Version Piano – Voix,37,195480,False,0.688,0.407,2,-12.53,1,0.0665,0.82,0.0191,0.0895,0.234,102.545,4,french
6DXazvidTcZ7Nx78cm5hZE,Mike Brant,20 Chansons D'or,Laisse moi t'aimer,31,203093,False,0.422,0.392,1,-8.577,1,0.0278,0.676,0.0,0.13,0.315,83.788,3,french
0nScvODJ2v8DIUlmrmskYx,Davodka;Dooz Kawa,À juste titre,Petit miroir,32,265053,True,0.711,0.694,2,-7.783,1,0.4,0.292,8.6e-06,0.203,0.634,179.995,4,french
5czoeqJk0IQc8c7kCSqQRL,Stupeflip,Stup Religion,35 animaux morts,32,161573,False,0.716,0.988,1,-2.715,1,0.165,0.11,0.0,0.768,0.642,115.058,4,french
685AfgP5HgLrsa01uU1h4C,Les Fatals Picards,Pamplemousse Mécanique (Edition Eurovision + 1 titre bonus),Bernard Lavilliers,37,177853,False,0.727,0.889,0,-2.208,1,0.178,0.162,0.0,0.195,0.815,147.284,4,french
2nYuEm5rCCiQWqGgUq5ptt,ISHA,Labrador bleu,À plat ventre,34,161845,True,0.814,0.586,10,-10.072,0,0.246,0.472,0.0,0.372,0.651,123.989,4,french
0KuO7KFCTgcGbQTVteJG0V,Dinos,Plug Walk,Tulum,0,147840,True,0.863,0.561,11,-9.924,0,0.161,0.178,0.000844,0.0814,0.472,119.9,4,french
5Lpng2G5cFmswU5MCOmjA1,KayBlack,Bandido Mau,Bandido Mau,44,150062,True,0.783,0.597,4,-5.85,0,0.411,0.417,0.0,0.0797,0.532,119.96,4,funk
274sq7UtbMqE8hoswJPagJ,Snoop Dogg;Wiz Khalifa;Bruno Mars,Rap Party,"Young, Wild & Free",0,207333,True,0.722,0.655,0,-6.425,1,0.137,0.0525,0.0,0.115,0.532,95.022,4,funk
4oxLMRYgu8UBUchMm4OR3V,Clean Bandit;French The Kid;Rema,Sad Girls (feat. Rema) [Clean Bandit VIP Remix],Sad Girls (feat. Rema) [Clean Bandit VIP Remix],53,198263,True,0.794,0.818,5,-7.758,0,0.0744,0.104,0.328,0.101,0.792,124.036,4,funk
2qOm7ukLyHUXWyR4ZWLwxA,Ice Cube,The Predator,It Was A Good Day,82,260000,True,0.798,0.744,7,-5.328,0,0.136,0.33,0.000106,0.292,0.794,82.356,4,funk
5LSyKM2bsIpSHhPgAjatKW,Xamã;Bagua Records;Gustah;Irineu Barsé,Acústico Cancún,Avareza (Santa Maria) - Acústico,47,195428,False,0.58,0.496,6,-7.995,0,0.362,0.646,0.0,0.109,0.61,139.953,4,funk
4dnca34rORxwEy37z08BSX,Xamã;Bagua Records;MC Kevin o Chris,Adrenalina,Adrenalina,44,154289,True,0.62,0.539,9,-8.343,1,0.52,0.391,0.0,0.215,0.72,83.836,5,funk
3exrP8BsX7hx42k5WfLvQ6,Caio Passos;MC Ryan SP;Mc Davi;Mc Magal;MC PH;Mc Don Juan;Mc IG,O Espetáculo,To em Frente ao Mar,49,350823,True,0.601,0.641,5,-0.18,0,0.195,0.123,0.0,0.144,0.546,112.105,5,funk
0OCa1PunDKY1cfsiiD7UzA,Stevie Wonder,Soulful Christmas,One Little Christmas Tree,0,161693,False,0.406,0.377,10,-11.717,1,0.0597,0.764,0.0,0.272,0.717,92.23,4,funk
6bzWr3EpSEolVwlbLk58il,Jane's Addiction,Maintain Your Mojo,Mountain Song,0,242720,False,0.218,0.932,9,-6.803,1,0.098,0.0155,0.0246,0.277,0.315,167.718,4,funk
56bIULTF1ptLquBDUdVVGc,Mc Bruninho da Praia,Jovem Sonhador,Jovem Sonhador,50,127346,False,0.612,0.43,11,-7.423,0,0.391,0.572,2.98e-05,0.3,0.811,95.393,4,funk
5u0xPA27MDStaMSUCJ6iLN,Mc Gw;DJ NEGRESKO;Igor vilão,Os Mlk do Momento,Os Mlk do Momento,42,147816,True,0.667,0.755,1,-3.521,1,0.0594,0.0985,0.00144,0.127,0.184,129.884,4,funk
35W98rX4oGmjWAl59SKvwU,MC Ryan SP,Eai! Como Cê Tá?,Eai! Como Cê Tá?,42,221538,False,0.685,0.646,0,-4.599,0,0.381,0.391,0.0,0.35,0.625,130.33,4,funk
48GxzGIiSJseUS4ofEGG2z,Mc Lele JP;MC Marks;Dj Betinho;WR OFICIAL,Predestinado,Predestinado,45,236931,False,0.474,0.496,0,-6.438,1,0.0845,0.629,3.23e-06,0.0965,0.417,175.794,4,funk
5gbCiZXLyMxwNpf92QplTV,Smokey Robinson & The Miracles,A Very 70s Christmas,Jingle Bells,0,167733,False,0.565,0.676,2,-7.482,1,0.0384,0.335,0.0,0.125,0.963,103.554,4,funk
6y3vYl2F0OnUwmKxPF6TA1,DJ Arana,ROCK PESADO,AUTOMOTIVO DAS PIRANHA - VEM COMER MINHA TCHECA - METE SA PORRA DIREITO,47,200020,True,0.758,0.985,1,1.682,1,0.425,0.647,0.0,0.243,0.49,130.924,4,funk
7ob56J7oycNWZP29dTVVPF,Mc Davi;Gaab;Mc Don Juan,Nada Vai Superar Você,Nada Vai Superar Você,48,333176,True,0.536,0.707,6,-4.774,1,0.0745,0.145,0.0,0.0869,0.614,170.084,4,funk
6f0BCLXP3ZZYnl8TmaoWCd,The Supremes,Rockin' Around The Christmas Tree 2022,Silver Bells - Stereo,0,179266,False,0.374,0.344,8,-10.95,1,0.0272,0.586,9.84e-06,0.144,0.304,75.683,3,funk
1Z4Abuc0cgkfoB7591S8gv,Clean Bandit,The State of Pop,Nightingale,0,164882,False,0.653,0.507,10,-9.125,0,0.175,0.104,0.0,0.0949,0.263,150.198,4,funk
62BMP3xJ0NupOWjz1eQ0Vj,MC Roger,Sem Sentimento,Sem Sentimento,43,156055,True,0.899,0.556,10,-3.803,0,0.397,0.167,0.0,0.0841,0.626,150.015,4,funk
1JQ1ylL2JEjC6Ib7IJgOvS,Mc Don Juan,7 Chaves,Coração Amoleceu,50,161365,True,0.7,0.359,3,-9.785,0,0.208,0.375,0.0,0.153,0.879,85.621,4,funk
5yDcLPIh0e0bwV09d6jWE1,Anitta,For the Girls: Summer Hits,Envolver,0,193805,False,0.813,0.733,4,-5.417,0,0.0847,0.15,0.00186,0.0909,0.397,91.988,4,funk
3koCCeSaVUyrRo3N2gHrd8,"Earth, Wind & Fire",Raise!,Let's Groove,79,339320,False,0.869,0.648,11,-8.698,0,0.0633,0.121,2.17e-05,0.126,0.9,125.035,4,funk
0XRbYXQUymj9SJkrr8YK5B,2Pac,Strictly 4 My N.I.G.G.A.Z...,Keep Ya Head Up,71,262506,True,0.598,0.732,4,-7.013,1,0.425,0.144,0.0,0.508,0.595,172.329,4,funk
0puqSsCdrsmI3HRlpRF5SB,Kool & The Gang,80s Bangers Vol. 1,Celebration,1,298640,False,0.857,0.782,1,-5.633,1,0.0657,0.139,0.0357,0.0495,0.899,120.763,4,funk
0FyGl6PYFfojqfpqIybYv9,Mc Tikão;Djonga;JR ON;MC Cabelinho,A Favela Venceu,A Favela Venceu,47,278761,True,0.699,0.819,6,-3.786,0,0.172,0.347,0.0,0.123,0.555,112.764,4,funk
4N27l3jtsz7Bj4twhAivdo,The Smith Street Band,Throw Me In The River,Throw Me In The River,29,217520,False,0.279,0.253,11,-7.814,1,0.0372,0.0639,0.0,0.143,0.315,168.694,4,garage
4gtcLQl5FiAhMl2ccal0XA,Dune Rats,Bullshit,Bullshit,26,180581,True,0.499,0.967,11,-6.476,1,0.105,9.19e-05,0.0,0.352,0.419,139.002,4,garage
2x8evxqUlF0eRabbW2JBJd,Arctic Monkeys,Favourite Worst Nightmare,Fluorescent Adolescent,79,183893,False,0.654,0.828,1,-5.377,0,0.0281,0.00146,0.000144,0.122,0.79,112.056,4,garage
041cnMmgqUk1HqJFtfs0eP,Brad stank,Eternal Slowdown,Slowdown,53,100762,False,0.68,0.259,6,-13.947,1,0.045,0.495,0.753,0.337,0.162,95.964,3,garage
4f0HiyWZhreKLfnxof4uRu,New Bomb Turks,Destroy-Oh-Boy!,Born Toulouse-Lautrec,30,153880,False,0.165,0.906,1,-9.836,0,0.0766,0.000866,0.000618,0.326,0.347,152.779,4,garage
2aB0S14y1gqKJizh8odt2Y,Together Pangea,Jelly Jam,"Blood, Blood, Blood",26,154840,False,0.284,0.882,2,-4.966,1,0.0434,0.104,0.594,0.351,0.549,108.666,4,garage
1jmk1hq69kVe0EjX1OSyFe,Band Of Skulls,Sweet Sour,You're Not Pretty but You Got It Goin' On,33,185226,False,0.283,0.872,4,-6.545,0,0.0594,0.00991,0.0884,0.0828,0.337,160.524,4,garage
5ZgnlpPg7qfiopdvqdrs2M,Los Chijuas,El Esquimal,Están Cambiando Los Colores De La Vida,28,182427,False,0.535,0.604,6,-7.759,0,0.0307,0.0932,0.0,0.143,0.656,127.75,4,garage
4B4GwsjpJKPVN65J59ecfB,Arctic Monkeys,Body Paint,There’d Better Be A Mirrorball,67,265798,False,0.523,0.367,3,-10.896,1,0.0309,0.628,0.0118,0.186,0.327,71.998,4,garage
3cU9b4vb5yzyM12RXJ1k3s,The Libertines,The Libertines,Music When The Lights Go Out,57,182386,False,0.419,0.693,0,-6.077,1,0.0345,0.419,4.96e-06,0.162,0.488,111.088,4,garage
05ZUxHiGT7VR6ShJjhwJxn,Beach Fossils,Somersault,Down the Line,67,158474,False,0.615,0.743,7,-6.569,1,0.041,0.237,0.00431,0.148,0.528,162.22,4,garage
4IBL3uksmg3kUOf7iUzkpg,Hector Gachan,Untitled '91,Really Something,53,219100,False,0.669,0.713,4,-10.39,0,0.0278,0.0383,4.08e-05,0.521,0.613,92.304,4,garage
0YEmqyBlAFATOfRBkNNC2V,Cid Rim,Songs For Vienna,He Who Runs With The Flock Inevitably Follows Asses,38,207719,False,0.632,0.471,1,-9.573,0,0.155,0.0591,0.694,0.343,0.361,94.006,4,garage
6zV7pFGeNk2dAm5Huj5wwu,Shannon & The Clams,Onion,Tryin',24,237680,False,0.213,0.762,9,-5.402,1,0.0424,0.236,0.179,0.331,0.674,166.454,3,garage
5TTGoX70AFrTvuEtqHK37S,Arctic Monkeys,AM,No. 1 Party Anthem,71,243131,False,0.505,0.698,0,-5.563,1,0.0297,0.33,0.0887,0.0966,0.599,115.013,4,garage
3CBVi7uZ45eafb51xdlyxM,The Thin Bloods,"Twin Tumors, Vol. 1",All Pinned Up,25,224549,False,0.255,0.612,10,-9.541,0,0.0554,0.201,0.0431,0.0981,0.423,79.302,4,garage
24eMGcmzxR64yf45pN4K8i,Babe Rainbow,Today,Something New,57,193251,False,0.629,0.597,11,-10.571,1,0.0273,0.148,0.0344,0.531,0.737,87.847,4,garage
3xshQaCOlSCIkXuXDQS1S6,Dear Seattle,The Special Two (triple j Like A Version),The Special Two - triple j Like A Version,40,255912,True,0.254,0.898,1,-4.782,1,0.119,0.000134,3.67e-06,0.254,0.567,168.88,4,garage
2HLtRAcBAWd4y7TfVVoIpm,Jakob,Bedroom Tapes,Let It Pass,52,126697,False,0.586,0.614,4,-7.275,1,0.0307,0.0803,1.94e-05,0.152,0.301,88.222,4,garage
4V1fFZJij2G72iELt517X0,The Fratellis,We Need Medicine,She's Not Gone Yet but She's Leaving,22,230200,False,0.649,0.842,11,-6.14,0,0.0352,0.00109,6.7e-06,0.386,0.849,120.085,4,garage
0jjANtMHBQSIfsrZ1YnnyB,Roland Clark;Jesus Jackson,Interstellar to Amsterdam : Ade Edition,Deep in House - Jesus Jackson Dark Remix,0,413858,False,0.813,0.752,10,-8.636,0,0.0781,0.0135,0.0237,0.0597,0.459,126.998,4,garage
1aQjSuo7Oul4A51k6dQxAp,Gorgon City;Laura Welsh,Halloween & Chill,Here For You,0,233480,False,0.655,0.678,6,-6.799,0,0.0382,0.0248,0.0901,0.116,0.32,121.978,4,garage
38qu2X35K2g1HWfaksYQ4K,Dan Auerbach,Keep It Hid,"Heartbroken, In Disrepair",58,201280,False,0.6,0.9,5,-8.434,0,0.0456,0.00924,0.3,0.27,0.919,77.73,4,garage
37cb7mzkQKksGm0noGDXeh,The Strokes,Is This It,Trying Your Luck,53,202960,False,0.502,0.691,9,-9.453,0,0.0311,0.00911,0.0149,0.133,0.629,143.926,4,garage
2roq62CaO3lRZfEN8GSmHQ,The Fratellis,"Yes Sir, I Can Boogie","Yes Sir, I Can Boogie",45,274400,False,0.58,0.819,1,-7.485,1,0.03,0.00234,0.00464,0.0864,0.328,120.019,4,garage
1SacjiJXVYiv3ydALqEchb,Robin Schulz;David Guetta,"#Multiverse, If the Multiverse Is Real",On Repeat,0,190217,False,0.609,0.801,1,-8.483,0,0.0694,0.0246,0.00255,0.37,0.202,122.958,4,german
0HOrX3f1vhUpn5hknKAM9W,Johann Sebastian Bach;Gundula Janowitz;Christa Ludwig;Fritz Wunderlich;Münchener Bach-Orchester;Karl Richter,Classical Christmas 2022,"Christmas Oratorio, BWV 248 / Pt. 5 - For the 1st Sunday in the New Year: No. 51 Terzetto: ""Ach, wann wird die Zeit erscheinen?""",0,320173,False,0.343,0.243,11,-15.404,0,0.0578,0.943,0.0,0.532,0.417,73.48,4,german
7lO2GNjugHfk2rshtaTmIX,PA Sports;Kianush,Best Hip Hop Tunes,Energie III,0,172344,False,0.651,0.624,6,-7.986,0,0.307,0.0825,0.0,0.071,0.587,120.243,4,german
73zy4MKYPhb6PHha89j6rl,The Disco Boys;Jay Frog;Fabrizio Levita,"Electronic Club Charts, Vol. 1",Promised Land,0,163548,False,0.732,0.923,11,-5.217,1,0.0873,0.00219,0.0137,0.322,0.762,125.015,4,german
5GQu9ALTmhmLggqUb9HTL8,JPD,DROGEN,DROGEN,39,174244,False,0.583,0.405,9,-8.134,0,0.0652,0.908,2.49e-05,0.111,0.185,143.555,3,german
0x3F1sAwRZrZEMOq4jgsB5,Lugatti & 9ine;Longus Mongus,MKS 4.0,Ene Mene (feat. Longus Mongus),38,132417,True,0.898,0.443,1,-9.754,1,0.291,0.00564,1.06e-05,0.105,0.393,151.044,4,german
0T8SJMieQQMUJqn5pRd260,CRO,Frühstücksmusik Herbst/Winter 2022/2023,500 PS,0,148880,False,0.505,0.581,10,-6.524,1,0.0675,0.403,0.00359,0.14,0.38,104.354,4,german
2MEH84HKs9zYHcA82mVzBy,Zedd;Liam Payne,Fiesta de disfraces vol. II,Get Low,0,204693,False,0.723,0.924,1,-3.518,1,0.0516,0.0332,5.63e-06,0.0496,0.527,108.009,4,german
2KEC0lBoiYo8DAe9072AEs,Ramin Djawadi,"House of the Dragon: Season 1, Episode 9 (Soundtrack from the HBO® Series)",Fate of the Kingdoms,53,205091,False,0.361,0.0383,11,-19.939,0,0.0364,0.807,0.809,0.101,0.0387,110.298,4,german
0MtRspmmNTRJa4Ebd2AMuN,Johann Sebastian Bach;Lang Lang,Classical Christmas 2022,"Christmas Oratorio, BWV 248: X. Sinfonia (Arr. Anna Saradjian)",0,157400,False,0.499,0.059,7,-20.969,1,0.0546,0.995,0.89,0.0889,0.171,82.472,4,german
0eS2jQVzLptiDcHEV1N9wC,Johann Sebastian Bach;English Baroque Soloists;John Eliot Gardiner,Klassische Weihnachtsmusik,"Christmas Oratorio, BWV 248 / Part Two - For The Second Day Of Christmas: No. 10 Sinfonia",0,319893,False,0.158,0.00972,6,-32.888,1,0.0463,0.949,0.137,0.0955,0.0572,138.062,3,german
106fpyAO4qjDIA1bcaXp6N,Topic;A7S,Night Drive Autumn/Winter 2022/23,Kernkraft 400 (A Better Day),0,165800,False,0.623,0.727,11,-5.57,0,0.0562,0.184,2.02e-05,0.309,0.4,125.975,4,german
2PaFvebhyWVouwSEofmi7P,Frei.Wild,Unsere Lieblingslieder,"Ruby, Light & Dark",38,221866,False,0.45,0.887,5,-2.249,1,0.0771,0.0514,0.0,0.0494,0.51,170.071,4,german
1HrJOyJpIxA7yrGJaVIC9e,Hans Zimmer,The Dark Knight Rises (Original Motion Picture Soundtrack) [Deluxe Edition],Gotham's Reckoning,49,247539,False,0.582,0.379,0,-15.383,1,0.0545,0.676,0.962,0.146,0.0661,143.997,5,german
5unZAr3opMNZV2rpppXK8w,CONNY,Kannst du woanders traurig sein?,Kannst du woanders traurig sein?,46,145116,False,0.673,0.602,4,-8.077,0,0.287,0.475,5.31e-05,0.112,0.35,85.317,4,german
5I9PE6aEMBa4XAm3qVRTFw,ENNIO,stundenull,Kippe,38,159150,False,0.596,0.21,10,-9.604,1,0.0495,0.822,3.19e-06,0.129,0.28,86.134,4,german
0gbTWyqIQXC93BTXxmAveK,Jürgen Drews,Karneval Klassiker,Irgendwann irgendwo irgendwie - seh'n wir uns wieder - Remastered 2017,0,245426,False,0.671,0.98,0,-3.769,1,0.0424,0.00686,0.000199,0.0852,0.868,124.009,4,german
2h42lqXCWJLwc7Ru5EE2Va,Alligatoah,"Schlaftabletten, Rotwein V",Freie Liebe,41,250322,True,0.518,0.824,2,-6.33,0,0.0777,0.584,0.0,0.334,0.552,90.088,4,german
5aaXqH8rgKZxg61HjECldi,Hans Zimmer,Interstellar (Original Motion Picture Soundtrack) [Expanded Edition],No Time for Caution,59,246271,False,0.262,0.224,9,-20.231,0,0.0463,0.0545,0.95,0.118,0.0388,119.715,4,german
1YiKbubLpCNli6Bu70y0Mf,Johann Sebastian Bach;Daniel Hope;Lorenza Borrani;Lucy Gould;Stewart Eaton;William Conway;Enno Senft;Stefan Maass;Stefan Rath,Classical Christmas 2022,"Suite No. 3 in D Major, BWV 1068: II. Air",0,301333,False,0.169,0.049,2,-23.409,1,0.0385,0.956,0.017,0.15,0.0799,136.065,4,german
5Ss7C8bSDZMm0pt9pXqObC,Querox;Phaxe,Tripical Moon,Tripical Moon,49,438055,False,0.471,0.529,0,-7.419,1,0.0585,0.00929,0.873,0.0998,0.0378,102.737,1,german
1NIyXiafPgyNBbuTV9fmwq,Mickie Krause,Karneval 2022 100%,Mich hat ein Engel geküsst,0,227026,False,0.527,0.993,9,-2.68,1,0.273,0.109,0.0,0.961,0.546,133.135,4,german
7oG7itkvcnZu2zzGPpv8Ax,Hans Zimmer;Adam Lukas;James Everingham;AURORA,Frozen Planet II (Original Television Soundtrack),Showdown at the Shore,30,286588,False,0.22,0.327,11,-15.845,0,0.0413,0.336,0.947,0.124,0.078,119.603,4,german
6tYYEhNoXlPfjgkMmFpd5k,R.I.O.;Nicco,Turn This Club Around (Limited Edition),Party Shaker - Video Edit,58,206537,False,0.669,0.923,7,-4.113,1,0.0332,0.0102,2.49e-06,0.0659,0.967,127.998,4,german
2qQQBTASAUziuunKv6aQbS,Johann Sebastian Bach;Münchener Bach-Orchester;Karl Richter;Münchener Bach-Chor,Weihnachten Klassik 2022,"Magnificat in D Major, BWV 243: I. Chorus: ""Magnificat""",0,181386,False,0.555,0.526,9,-13.588,1,0.0422,0.876,0.902,0.218,0.89,90.608,3,german
0FqBW0B73YSpw5NcmVWI4p,Klebson Kollins,Impressionante (Ao Vivo),Impressionante - Ao Vivo,39,328000,False,0.412,0.619,9,-6.471,1,0.0294,0.0502,0.00423,0.103,0.0596,134.961,4,gospel
0hanSoAObEb4VFJX3ro6Kq,Ministério Adoração e Vida,O Céu Se Abre,Simplesmente Amar,39,261399,False,0.495,0.357,4,-5.341,1,0.0251,0.686,0.0,0.154,0.367,78.908,3,gospel
3q6WrVUkLKpAwBfxKO87uX,Gerson Rufino,Reconstrução,Me Perdoe,48,243029,False,0.654,0.636,4,-6.273,1,0.032,0.465,0.0,0.226,0.429,137.961,4,gospel
6CWIKaRIlDzpZAhArGmj04,Anderson Freire,Anderson Freire Ao Vivo,Medley (Abra os Meus Olhos / Fidelidade / Quero Descer / Advogado Fiel / Todo Poderoso / Sete Trombetas / Sou Humano / Ressuscita-me),41,540699,False,0.385,0.727,9,-5.193,1,0.0579,0.208,0.0,0.469,0.22,119.866,4,gospel
2XzfX9mvl3eg8UM5VhYAJX,Damares;Canção & Louvor,O Leão,O Leão,45,267398,False,0.63,0.749,7,-5.147,0,0.0744,0.14,0.0,0.0666,0.573,75.891,4,gospel
0XhchBKqWbVpyKrTQR0ozN,Eli Soares,Luz Do Mundo (Ao Vivo),Eu Sou - Ao Vivo,38,240426,False,0.651,0.943,11,-6.169,0,0.109,0.351,0.0,0.92,0.669,102.004,4,gospel
0PN4eoxzJZMnJ4zByw5dWV,Alex e Alex,Até o Céu Te Ouvir (Ao Vivo),Muda Minha Vida,39,320296,False,0.535,0.481,0,-6.81,1,0.0276,0.432,0.0,0.718,0.218,129.977,4,gospel
2Xq9KWHuNg0ppuoJjtkHkz,Marcos Antônio,Quem Dá Mais?,Pregadores de Rosas,38,232586,False,0.383,0.465,7,-8.705,1,0.029,0.00171,0.0,0.278,0.553,103.813,4,gospel
0Ua0VpFoZnbUnJ5JyJgbEn,Delino Marçal,Nada Além da Graça,Vim Falar Com Deus,42,196719,False,0.461,0.908,7,-3.661,1,0.124,0.412,0.0,0.865,0.518,200.071,4,gospel
5CFgpEShs8Cz7VQpp7nNgs,Fernandinho,Santo (ao Vivo),Atraído - Ao Vivo,41,247686,False,0.609,0.826,0,-6.937,1,0.0315,0.00848,8.98e-06,0.144,0.87,124.991,4,gospel
22VpC56TcW8JL7oiCeEGJI,Valesca Mayssa,Árvore Cortada,Árvore Cortada,53,423915,False,0.387,0.458,5,-9.953,1,0.0344,0.297,0.0,0.117,0.346,138.32,4,gospel
4DqMjreua66sH84GbccttX,Daniela Araújo;Isadora Pompeo,Dono dos Meus Dias,Dono dos Meus Dias,43,239946,False,0.626,0.529,9,-8.652,0,0.0256,0.202,0.00031,0.0966,0.509,92.979,4,gospel
7eAm1mBCgg8iC9UIrxCe1U,Leonardo Gonçalves;Kemuel,comigo,comigo,46,293018,False,0.522,0.441,5,-10.005,1,0.0253,0.821,0.00191,0.106,0.315,81.051,4,gospel
7aiuugdiL75xtqcU2KYJi6,Mauro Henrique;Leonardo Gonçalves,Tudo Fica Bem,Tudo Fica Bem,42,304240,False,0.398,0.573,7,-7.121,1,0.0369,0.0511,0.0,0.114,0.289,135.524,4,gospel
7xICC4cuIDw6p8fMk4ltdo,Aline Barros;Christine D'Clario,Redención,Redención (Redenção),44,273488,False,0.218,0.467,9,-7.747,1,0.0308,0.0386,0.0,0.171,0.229,136.743,4,gospel
6Zx0wRyaeMQaQhVx1agOSS,Pregador Luo;Chorão,Música De Guerra - 1ª Missão,Nada É Impossível,42,270560,False,0.63,0.949,8,-3.754,1,0.123,0.00542,0.0,0.104,0.702,107.007,4,gospel
513qzL4sJwVPpzdc7AXZvH,Megafone,O Amor Venceu,A Casa é Sua,37,247160,False,0.388,0.643,2,-5.553,1,0.0283,0.00676,0.0,0.313,0.337,159.873,4,gospel
4M8waY2JnpO8cCckw5wk28,Anderson Freire,Anderson Freire Ao Vivo,Raridade,38,294614,False,0.498,0.622,3,-5.419,1,0.0334,0.478,0.0,0.891,0.184,133.983,4,gospel
0blRKZuaGlLtbdo2wgiIK1,Isadora Pompeo,Primeira Canção (Música dos Passarinhos),Primeira Canção (Música dos Passarinhos),45,193453,False,0.784,0.427,2,-9.073,1,0.0356,0.473,0.0,0.225,0.607,125.928,4,gospel
3HBifoZvJ5ThoUuYdHpKpr,Sued Silva,Onde Está Sua Fé?,Onde Está Sua Fé?,46,308096,False,0.581,0.588,5,-5.658,1,0.0338,0.444,0.0,0.113,0.432,113.93,4,gospel
2ayGHwGSw6y3Nvcmvy5MG5,Cassiane,Com Muito Louvor,Basta Uma Palavra,40,215063,False,0.67,0.511,9,-7.133,0,0.0398,0.458,1.35e-05,0.285,0.399,130.933,4,gospel
7IUzlg0H39s2WMWPNNAgqe,Marcos Antônio,Toma os Pedaços,Quase Morri,41,223791,False,0.732,0.442,4,-12.217,1,0.03,0.278,0.0,0.364,0.393,105.895,4,gospel
0D3J5hfXcaQLeMmZVxD4S7,Gerson Rufino,Homem Invisível,Minha Fé,38,226640,False,0.572,0.495,2,-9.668,1,0.035,0.252,6.64e-06,0.18,0.21,135.87,4,gospel
66ukyUZ0ygPwha3SIl7LkH,Gabriela Rocha,Até Transbordar (Ao Vivo),Eu Sou Teu (Rooftops) - Ao Vivo,44,414120,False,0.528,0.774,6,-5.87,1,0.037,0.00297,2.03e-06,0.158,0.213,99.985,4,gospel
6pSsG6BhRbuWTIRpKHQloF,Marcelo Markes,Sinto Fluir (Ao Vivo),Sinto Fluir (Ao Vivo),38,275257,False,0.456,0.341,1,-7.247,1,0.0297,0.774,0.0,0.0756,0.182,125.096,4,gospel
1IE31z5SHJxEtTSXCFkL8L,Bad Cash Quartet,Midnight Prayer,Valentine,24,175626,False,0.516,0.657,3,-5.631,1,0.0263,0.751,0.0,0.101,0.285,95.842,4,goth
50a1bmHXDna2sQcEHBvEXJ,Håkan Hellström,Det kommer aldrig va över för mig,Livets teater,32,185746,False,0.556,0.881,2,-4.55,1,0.0587,0.193,0.000416,0.166,0.654,132.998,4,goth
0JhgYG57glAanBfyxs8ziA,Lacuna Coil,Broken Crown Halo,One Cold Day,24,369720,False,0.183,0.793,7,-4.01,1,0.0336,0.00197,0.00303,0.104,0.163,89.238,4,goth
6Wn8BwQncaR094330pLbq9,Slim Cessna's Auto Club,Buried Behind The Barn,Cranston,21,196293,False,0.597,0.755,7,-6.672,0,0.0365,0.415,8.58e-06,0.0884,0.755,139.004,4,goth
7iUcMdAcFAVffZhVxXQfYG,Vlad in Tears,Right Now,Right Now,30,230000,False,0.391,0.828,0,-4.602,0,0.0848,0.00385,0.0473,0.215,0.151,89.959,4,goth
58RDwkonFMOkoytBtIQetc,Type O Negative,October Rust (Special Edition),Love You to Death,57,428800,False,0.423,0.738,6,-7.329,1,0.0319,0.359,0.084,0.0801,0.276,111.414,4,goth
0oYXkvh1amduCDUPGLF9I7,New Model Army,From Here,End of Days,24,251920,False,0.363,0.94,6,-8.295,0,0.0413,0.00183,0.558,0.103,0.601,153.265,4,goth
7p4GwFkLmIrqT9RTYAoW7J,Steget,Förändrar Allt,Jag Skulle Dö För Dig,25,284693,False,0.298,0.17,3,-13.074,1,0.0392,0.919,3.19e-05,0.12,0.275,71.908,4,goth
0J4VlZKeowz54b8Wna8KyJ,Lords Of The New Church,Is Nothing Sacred?,Live For Today,23,218533,False,0.476,0.938,1,-5.284,0,0.0517,0.0105,0.0,0.334,0.443,126.549,4,goth
5dGJbbH2LepN4o6DfvabKb,Unleash The Archers,Behold The Devastation,Tied To A Stag,24,332586,False,0.512,0.952,2,-1.872,1,0.0531,0.000772,5.42e-05,0.365,0.217,92.628,4,goth
0qNlJmwc2IE7DmzpFGtl9u,Havet,Fixa dig,Fixa dig,22,184000,False,0.596,0.884,2,-4.78,0,0.0445,0.000227,0.000435,0.111,0.355,126.971,4,goth
2fu9ePUX2KRCPfWB96rIx9,New Model Army,The Ghost Of Cain,Lights Go Out,21,237493,False,0.55,0.835,2,-13.966,0,0.0603,0.124,5.5e-06,0.0616,0.498,129.16,4,goth
02oW7CYWjfiCs1rZs7GNes,Within Temptation,The Heart Of Everything,All I Need,57,290946,False,0.234,0.73,10,-4.854,1,0.0446,0.199,4.77e-06,0.13,0.12,152.972,3,goth
6hFxmjaYW1UZpUFtd4brjm,Epica,Design Your Universe (Gold Edition: Deluxe Edition),The Price of Freedom - Interlude,21,73362,False,0.498,0.616,0,-13.402,1,0.06,0.792,0.791,0.956,0.113,126.021,1,goth
0wkscODHkDKzOU21rIgHy2,Cradle Of Filth,Godspeed On The Devil's Thunder,The Death of Love,42,433706,False,0.555,0.959,2,-4.212,0,0.0403,0.000974,0.00339,0.39,0.396,109.968,4,goth
5n0tdvnNmSZpN97lmodJDd,Slowgold,Kärlek,Ensam,21,239125,False,0.626,0.511,11,-8.638,0,0.0294,0.564,0.632,0.111,0.68,118.402,4,goth
3P4Vcz7MhJngRf8WUAaoA0,Rotting Christ,Kata Ton Daimona Eaytoy (Do What Thou Wilt),Χ Ξ Σ - 666,46,348053,False,0.39,0.758,3,-6.329,1,0.0312,0.00114,0.829,0.0978,0.0993,84.003,4,goth
2xq9cLlOPyLoi8kLlR4miz,Siouxsie and the Banshees,Tinderbox,Cities In Dust,60,231573,False,0.561,0.974,6,-5.178,1,0.113,0.0572,0.0,0.244,0.337,120.297,4,goth
6YV9Ci9r6Gup1l0Ea469aC,Marti West,Give Me Light,Give Me Light,50,226000,False,0.579,0.266,5,-18.156,0,0.0358,0.954,0.807,0.11,0.324,115.87,4,goth
4TM8RzdmNGhGOTtSeUlEnF,Icon For Hire,Amorphous (Extended Edition),Venom,52,175454,False,0.676,0.918,0,-4.635,1,0.0511,0.00679,0.0,0.182,0.818,144.078,4,goth
1yx3ev01RFX0fGQ0r936ui,Shamrain,Deeper Into The Night,Black November,42,212306,False,0.408,0.71,9,-4.195,0,0.0301,0.0991,2.04e-05,0.143,0.0495,97.006,4,goth
6OIcWAgtVxlePupuM8sJvM,Amaranthe,Manifest,Crystalline,51,200466,False,0.49,0.497,11,-8.826,0,0.028,0.0644,0.0,0.104,0.281,109.93,4,goth
3tGT41lyuWhQ0PNbWOkytx,Hofmästarn,På moln,På moln,23,225170,False,0.623,0.669,8,-8.933,0,0.438,0.248,1.54e-06,0.0781,0.873,175.275,4,goth
6kLtKcnSfpBy1D5SPpI9Bo,Håkan Hellström,För sent för Edelweiss,Exile On Wollmar Yxkullsgatan,22,215986,False,0.396,0.869,0,-5.152,1,0.0831,0.124,0.00103,0.276,0.811,157.7,4,goth
1HSc7UcNE3xsyhUy2keaDo,obnoXIuz,Mellan Gott & Ont,Knack Knack,26,199480,False,0.696,0.719,4,-8.387,0,0.488,0.0294,0.0,0.0605,0.663,90.735,4,goth
07FUAwgPcSaRsiw8guP0zy,Implore,Love Will Gradually Perish,Love Will Gradually Perish,12,274761,False,0.434,0.709,11,-6.695,0,0.0582,0.000161,0.544,0.214,0.156,126.035,4,grindcore
7EIa00uDUWSwXTHUFhfMWx,Exhumed,Death Revenge,Defenders of the Grave,18,231359,False,0.263,0.971,1,-6.812,1,0.254,1.47e-05,9.92e-05,0.382,0.175,110.168,3,grindcore
7ekcmpEZg13BSczpNuTVUb,Misery Index,Rituals of Power,They Always Come Back,12,307746,False,0.164,0.881,2,-4.169,1,0.0538,2.26e-06,0.0276,0.0638,0.208,97.107,3,grindcore
6ZIV5osNpt72h70Qsm8OI3,disrupt,Unrest,Exorbitant Prices Must Diminish,11,106946,False,0.201,0.987,9,-5.414,1,0.0842,2.94e-06,0.0385,0.0888,0.305,111.63,4,grindcore
0laUEgPMKnPG7ebSeRC2YZ,The Tony Danza Tapdance Extravaganza,Danza 3: The Series of Unfortunate Events,The Union,14,139923,False,0.22,0.986,8,-4.968,1,0.205,4.77e-05,0.54,0.065,0.0386,149.318,3,grindcore
5NWrQ0tXt8Bks4ygNgnjy4,Exhumed,Gore Metal,Vagitarian II,14,220600,False,0.183,0.894,2,-7.954,1,0.0995,1.01e-06,0.923,0.253,0.163,99.231,4,grindcore
42MjPykGCHR6ov3YhNpASI,Carcass,Despicable,Under the Scalpel Blade,14,235546,False,0.367,0.93,0,-6.648,1,0.0648,9.9e-05,0.0101,0.311,0.426,87.514,4,grindcore
6vTi0v0Fy9kOWOADQUqpGh,Napalm Death,The Code Is Red - Long Live the Code,Diplomatic Immunity,13,105520,False,0.185,0.994,0,-3.6,0,0.146,6.36e-06,0.748,0.284,0.0318,115.575,4,grindcore
5FUCZUiW0cE1t9iCWbQPWE,Napalm Death,Noise For Music's Sake,Nazi Punks Fuck Off,40,80786,False,0.261,0.977,5,-5.878,0,0.0886,0.000152,0.00165,0.0769,0.316,95.847,4,grindcore
2Y02EoCYDVcQ5BzHvn9kTB,Milking the Goatmachine,Seven...A Dinner for One,Milk Me up Before I Go Go,11,133986,False,0.358,0.986,2,-4.191,1,0.127,0.000325,0.886,0.312,0.248,140.038,4,grindcore
0ItfhIPfW1DOetljgTGjsD,Deterioration,Punish the Betrayer,Punish the Betrayer,17,112971,False,0.394,0.673,2,-14.563,0,0.0943,0.51,0.236,0.608,0.47,126.701,4,grindcore
2Anv12bIR2w1LxoMj98AnI,Discordance Axis,The Inalienable Dreamless (Reissue),Radiant Arkham,17,74533,False,0.227,0.936,10,-5.96,0,0.107,1.68e-06,0.947,0.174,0.0381,101.864,4,grindcore
7ulTmQAQKcDRPBLZftf8rd,Caninus,Now the Animals Have a Voice,"No Dogs, No Masters",14,47674,True,0.332,0.81,11,-2.408,0,0.0567,0.000158,0.0151,0.5,0.161,149.68,4,grindcore
7woz8xW3kULiXEiSWemaUf,Napalm Death,Enemy of the Music Business + Leaders Not Followers,"Can't Play, Won't Play",13,205666,False,0.232,0.998,2,-4.26,1,0.13,1.34e-05,0.0114,0.104,0.0368,108.243,4,grindcore
6C7KNoe822bbXT3C2R5oL7,Soilent Green,Confrontation,Leaves of Three,13,207973,False,0.309,0.979,5,-5.298,1,0.141,8.14e-05,0.0565,0.555,0.161,89.721,4,grindcore
4MMSE1pxU5ALiCfE6ffQLI,Soilent Green,Sewn Mouth Secrets & A String of Lies,Breed In Weakness,12,253173,False,0.283,0.947,1,-5.98,1,0.111,0.000323,0.645,0.357,0.349,94.087,4,grindcore
1dOCe40eWdNEWBORgf7Jn2,Hatred Surge,Human Overdose,God Complex,13,133925,False,0.201,0.98,6,-6.989,1,0.105,1.26e-05,0.683,0.258,0.12,80.085,4,grindcore
486xUVvJRMRhmEj0horV7d,The County Medical Examiners,Olidous Operettas,Casper's Dictum,12,251493,False,0.21,0.988,7,-4.924,1,0.184,0.000396,0.778,0.0658,0.132,100.306,4,grindcore
6FBOCvFNx6C0f6tW6WrqoK,Napalm Death,From Enslavement To Obliteration,Mentally Murdered,13,133893,False,0.177,0.89,2,-8.5,1,0.0519,1.3e-06,0.952,0.186,0.482,106.17,4,grindcore
3D8pyI6CPeOAOZmkavoei0,Blood Duster,Cunt,We Are the Word Police,12,74426,True,0.458,0.951,11,-9.676,0,0.144,0.00242,0.871,0.549,0.203,110.505,4,grindcore
11VQHgMEaLZ2TxAoyBd4LJ,Magrudergrind,II,Incarceration State,14,92319,False,0.297,0.902,10,-4.846,0,0.0797,2.86e-06,0.863,0.151,0.291,108.129,4,grindcore
6b52QLNbqaJ1gAXgnt6L9Y,Carcass,Necroticism - Descanting the Insalubrious,Pedigree Butchery,18,316293,True,0.307,0.784,1,-13.418,0,0.08,1.97e-05,0.324,0.101,0.294,74.807,4,grindcore
5B6kzIjc4vs7uyF939v43C,Miasmatic Necrosis,Apex Profane,Muciferous,15,70440,False,0.406,0.932,8,-5.911,0,0.0657,2.79e-05,0.665,0.422,0.457,75.486,4,grindcore
5Q5u4tU5qBChCWVTOlrkLi,Napalm Death,Utopia Banished,Discordance,13,86160,False,0.265,0.916,4,-14.129,0,0.109,0.103,0.665,0.322,0.0776,125.085,4,grindcore
4xG3LhGS2WBJnodVreRj7o,P.L.F.,Devious Persecution and Wholesale Slaughter,Renegade Incompetence,12,70344,False,0.192,0.979,2,-4.777,1,0.147,1.69e-06,0.954,0.0479,0.0351,133.412,4,grindcore
2fZeFBqhR1miYusitKjQls,bloodsimple,Metal,Dead Man Walking,0,237693,True,0.54,0.98,1,-3.463,1,0.0823,0.000169,1.56e-06,0.319,0.388,107.767,4,groove
25Mf35cnnFalpVNFp0g3hW,M-22;Medina,First Time,First Time,57,188918,False,0.705,0.838,8,-3.69,1,0.0389,0.00449,0.00037,0.0926,0.219,124.03,4,groove
48gmTNjtEFROuEWHegOASs,Chimaira,Metal,Disposable Heroes,0,500306,False,0.183,0.986,6,-5.133,0,0.0692,1.75e-05,0.000106,0.179,0.291,187.989,4,groove
1RNCTxPw7NDPcIUOHzuOb9,Kemuel,Clássicos,Eu Navegarei,43,190041,False,0.403,0.267,9,-9.673,0,0.0263,0.804,0.0,0.135,0.26,92.052,4,groove
4H5i3NfZgjNfeVwLLyJYZL,Chimaira,Metal Lives!,Disposable Heroes,0,500306,False,0.183,0.986,6,-5.133,0,0.0692,1.75e-05,0.000106,0.179,0.291,187.989,4,groove
3txlbadheKtYDsywClnjMU,James Hype;Pia Mia;PS1,Good Luck (PS1 Remix),Good Luck (feat. Pia Mia) - PS1 Remix,47,146669,False,0.669,0.896,5,-4.451,0,0.0471,0.00331,4.3e-06,0.299,0.355,125.961,4,groove
4QN84nnyjO2fhZMbrQJk1g,Annihilator,Metal,Alison Hell,0,300746,False,0.382,0.979,1,-6.113,0,0.0623,0.000213,0.00328,0.17,0.122,101.784,4,groove
4Op22k47ZzzLCyVKDofLnI,Prong,Cleansing,Cut-Rate,27,292066,False,0.489,0.911,9,-8.353,1,0.054,2.8e-05,0.607,0.166,0.39,94.813,4,groove
7MORT09KQpyPMfQgKAhhDJ,Stoto,Lost,Still Can't Sleep - re-mastered,49,372019,False,0.743,0.462,11,-15.527,0,0.0414,0.311,0.888,0.0858,0.0801,120.014,4,groove
2TX9lDbYNbQOGaQEvJjlz8,Trazendo a Arca,Deus de Promessas (Ao Vivo),Toda Sorte de Benção - Ao Vivo,26,445426,False,0.529,0.939,9,-6.669,1,0.135,0.403,0.0,0.965,0.62,130.941,4,groove
4r5Sc0CGZmakYnfUcjQhYO,Jefte Santos,Ele Continua Sendo Deus,Eu Sou Livre,29,125609,False,0.633,0.816,11,-7.328,0,0.0385,0.0314,0.0,0.206,0.806,149.983,4,groove
3vkzxY2aRL7uhz2BIFzT0V,TCTS;Nonô,Sorry,Sorry,52,162644,False,0.782,0.726,2,-6.336,1,0.0388,0.0608,4.22e-06,0.233,0.553,121.002,4,groove
0h8VX60lat4433GnbP6vQs,Five Finger Death Punch,A Decade Of Destruction,Gone Away,51,275212,False,0.505,0.76,10,-6.408,1,0.0414,0.000436,4.18e-05,0.139,0.244,106.058,4,groove
3B8606EbNvFMy0dtvzwKu2,Preto no Branco;Gabriela Rocha,Preto no Branco (Ao Vivo),Nossa Canção (feat. Gabriela Rocha) - Ao Vivo,36,278320,False,0.216,0.477,11,-8.637,1,0.0313,0.326,0.0,0.893,0.163,70.384,4,groove
4KgipXGSA2OQrxnHsBt9ei,Housenick;Paul Lock,Take My Hand,Take My Hand - Paul Lock Remix,42,282157,False,0.662,0.71,5,-5.437,0,0.0323,0.0789,0.139,0.322,0.657,121.018,4,groove
1GWtUkDQk7XC35r7kTPfqx,Gojira,Fortitude,Amazonia,59,300783,False,0.382,0.954,9,-4.831,1,0.0417,0.00038,0.776,0.244,0.513,181.933,4,groove
6kux0C4ta4FfFpIZJ0cnMu,Novo Som,"Para Sempre, Vol. 1",Tu És Soberano,25,190026,False,0.589,0.45,7,-10.375,1,0.0283,0.431,1.7e-06,0.125,0.362,125.951,4,groove
00r6omMNTuBPImjlLWtB3V,Calippo,Amsterdam 2022,Take a Hold,0,185927,False,0.824,0.865,11,-5.203,0,0.0843,0.233,0.0,0.311,0.791,124.002,4,groove
3gnauU42uIwYJhcCoMAqb7,Trazendo a Arca,Olha pra Mim,O Chão Vai Tremer,24,292386,False,0.534,0.901,9,-6.464,0,0.0592,0.013,0.0,0.964,0.55,129.674,4,groove
2mSKIcHpIXuytBvPKP1h7w,Pete Bellis & Tommy;Nikko Culture,Top Tunes,Treat Me Right - Nikko Culture Remix,49,378031,False,0.728,0.8,3,-7.947,0,0.059,0.0367,0.194,0.463,0.248,119.99,4,groove
16yvB7exWWUBkZ9fFkLVMI,Gojira,The way of all flesh,Vacuity,53,291626,False,0.586,0.855,8,-3.356,1,0.0388,0.000318,0.000931,0.0798,0.302,88.046,4,groove
6j4j6iRR0Ema531o5Yxr2T,Eden Prince;Nonô,Memories,Memories,55,149395,False,0.909,0.651,11,-5.672,0,0.105,0.161,0.0437,0.0923,0.895,124.026,4,groove
0yvWRtLDXx6QNMZim8u3q2,Butcher Babies,Goliath,Grim Sleeper,23,241346,False,0.393,0.978,10,-4.214,1,0.209,0.000946,0.00104,0.152,0.0919,144.729,4,groove
3kNWyHdLVW1x6pn9EnSQ1H,Tom Zanetti,Didn't Know,Didn't Know,61,168896,False,0.896,0.459,1,-8.937,1,0.0515,0.0737,8.41e-05,0.0981,0.484,125.939,4,groove
76AMW7PQUbQZucnM2NHZO5,Sonny Fodera;Dom Dolla,Moving Blind,Moving Blind,40,192983,False,0.909,0.877,2,-6.683,1,0.117,0.0174,0.000466,0.0761,0.363,121.998,4,groove
0g9IOJwdElaCZEvcqGRP4b,Thirty Seconds To Mars,30 Seconds To Mars,Edge Of The Earth,51,277506,False,0.522,0.921,1,-4.717,1,0.0473,0.000105,0.585,0.313,0.241,110.088,4,grunge
3cahGAUUQ0n55EjLBs2Wjo,The Smashing Pumpkins,Siamese Dream (2011 - Remaster),Today - 2011 Remaster,62,201173,False,0.457,0.825,8,-7.611,1,0.0268,3.29e-05,0.578,0.0548,0.414,82.539,4,grunge
1XnPVbzLhuBv0sHaCTgyoi,Nirvana,Nirvana,The Man Who Sold The World - Live Version,62,227466,False,0.476,0.706,1,-7.839,0,0.0289,0.379,0.000242,0.877,0.368,114.858,4,grunge
6KtLECDztnah63TNmV4Plw,Incubus,Morning View,Wish You Were Here,70,212733,False,0.246,0.768,9,-7.48,1,0.0387,0.000631,0.301,0.102,0.35,169.873,4,grunge
2UhJCu5bn0FbrH7NBYSMUu,Linkin Park,A Thousand Suns,When They Come for Me,25,293453,False,0.542,0.939,1,-4.246,1,0.049,0.00301,0.231,0.261,0.414,92.002,4,grunge
5Rizj5FLb2AyNKu9esjYY6,Nirvana,In Utero - 20th Anniversary - Deluxe Edition,Rape Me,71,170000,False,0.42,0.746,8,-10.628,1,0.0467,0.0141,0.0,0.0661,0.229,111.886,4,grunge
2jKnUcyrCADkeSy6gcN1qa,Foo Fighters,Medicine At Midnight,Chasing Birds,52,252293,False,0.62,0.532,2,-7.297,1,0.023,0.0392,0.0245,0.112,0.369,143.993,4,grunge
3HhHP56irp6Z0c8q0gv6tK,Shinedown,The Studio Album Collection,Bully,31,242746,False,0.519,0.969,6,-2.34,0,0.0662,9.03e-05,0.0,0.111,0.48,77.011,4,grunge
04QKeqtQ1KCDHTXK6mNwqX,Red,Until We Have Faces,Not Alone,53,248173,False,0.353,0.762,3,-5.422,1,0.0386,0.00245,6.4e-06,0.0907,0.169,148.008,4,grunge
0BaVcB3Mn8QgGUdEi2yqCb,Stone Temple Pilots,Timeless Rock Hits,Plush,1,310346,False,0.416,0.954,7,-3.157,0,0.0467,0.0021,0.0,0.177,0.498,144.724,4,grunge
4bYLTrlcqctyHck3fjhMgW,Linkin Park,Hybrid Theory,One Step Closer,47,157333,False,0.492,0.969,9,-4.419,1,0.0491,0.0014,1.32e-06,0.0787,0.538,95.136,4,grunge
6L5QMBrydoaapTDMQ0Anui,Linkin Park;Rakim,The Hunting Party,Guilty All the Same (feat. Rakim),59,355120,False,0.566,0.969,2,-3.369,0,0.046,0.0287,0.000442,0.281,0.641,100.012,4,grunge
7GVqIMb6OdMY5mG7fUrtOq,Linkin Park,Hybrid Theory (Bonus Edition),High Voltage,55,225106,False,0.593,0.967,7,-4.26,0,0.182,0.105,2.77e-06,0.314,0.287,93.916,4,grunge
51KajFrF3vLaLc0NhuZKXe,Godsmack,Surrender,Surrender,22,220839,False,0.563,0.949,0,-4.568,1,0.13,0.00632,2.06e-06,0.335,0.724,170.022,4,grunge
4w6jQFJZUBz2nCAjqaXSjF,Linkin Park,Minutes to Midnight (Deluxe Edition),Leave Out All The Rest,43,209390,False,0.505,0.626,0,-6.835,1,0.0354,0.278,3.17e-06,0.295,0.216,80.022,4,grunge
0is4yL58CcQ4Gv4WgTGr9N,Sick Puppies,Connect,Gunfight,62,175720,True,0.386,0.812,0,-5.435,1,0.054,7.19e-05,0.00036,0.0809,0.508,173.102,4,grunge
1rptK1oec3gjHpzzrxHyln,Sixx:A.M.;Corey Taylor;Joe Elliott;Brantley Gilbert;Ivan Moody;Slash;AWOLNATION;Tommy Vext,"Maybe It’s Time (feat. Corey Taylor, Joe Elliott, Brantley Gilbert, Ivan Moody, Slash, AWOLNATION, Tommy Vext)","Maybe It’s Time (feat. Corey Taylor, Joe Elliott, Brantley Gilbert, Ivan Moody, Slash, AWOLNATION, Tommy Vext)",55,254200,False,0.396,0.781,0,-5.148,1,0.0377,0.00158,0.0,0.185,0.201,145.06,4,grunge
0ILR5GMSzBRp2LrI8GX1Si,Shinedown,Amaryllis,I'll Follow You,60,238760,False,0.537,0.692,10,-4.159,1,0.0315,0.00193,0.0,0.114,0.286,125.037,3,grunge
5NeIONQWJ25uPylJBJiO4c,Stone Sour,Come What(ever) May [10th Anniversary Edition],Through Glass,71,282946,False,0.545,0.753,3,-4.618,0,0.036,0.0417,0.0,0.389,0.434,105.754,4,grunge
725QAOexNLmGZiFMN7U8pF,Nirvana,MTV Unplugged In New York,Dumb,58,172933,False,0.69,0.542,6,-9.119,1,0.0367,0.567,0.000779,0.853,0.673,109.449,4,grunge
65yiO2FFFanZhO7rDNQ9mp,Better Than Ezra,Rhino Hi-Five: Better Than Ezra,Desperately Wanting,29,277493,False,0.494,0.913,0,-5.289,1,0.0378,0.000165,0.00898,0.247,0.478,99.92,4,grunge
74Oym97rxi071QbQrOruzH,Chris Cornell,Higher Truth,Before We Disappear,53,229680,False,0.399,0.673,10,-5.635,1,0.0402,0.213,0.0,0.161,0.326,147.349,4,grunge
1xRUR651GIJoKbu0dqm0uW,Chris Cornell,Chris Cornell (Deluxe Edition),Seasons,50,345626,False,0.474,0.422,10,-10.476,1,0.0297,0.198,0.0914,0.145,0.2,152.112,4,grunge
49t1GWE6ZiEoBgN92oMDdM,Hole,Live Through This,Doll Parts,60,211960,False,0.245,0.542,7,-7.159,1,0.0324,0.147,4.05e-06,0.102,0.365,204.824,4,grunge
5ialQMeK57m6Y9V44IIOh7,Alter Bridge,Sin After Sin,Sin After Sin,52,402328,False,0.383,0.819,1,-6.233,1,0.0755,7.47e-05,0.00012,0.162,0.36,119.109,4,grunge
5J89CMy1fDUEf73fi6KL9R,Cuco Sánchez,Viva México (Remastered),"Guitarras, Lloren Guitarras - Remastered",23,154573,False,0.608,0.0277,7,-15.382,1,0.0452,0.938,3.76e-06,0.0874,0.314,109.877,3,guitar
4aidYt8pl6BbRLmSxJUwzS,Los Apus,Tengo Que Olvidarme de Tí,Que Me Importa a Mí,35,284239,False,0.714,0.826,10,-3.463,1,0.0348,0.452,0.0,0.238,0.865,100.297,4,guitar
6L1ejFvyidhSfuckbS2lwB,Sonny Lim,Slack Key Guitar: The Artistry Of Sonny Lim,Pau Hana Rag,22,184720,False,0.339,0.195,3,-20.308,1,0.0406,0.952,0.744,0.104,0.564,189.689,4,guitar
5tELOEXo8pkuKb9EeSghXt,Cuco Sánchez,El Mariachi,Una Pura Y Dos Con Sal,30,112200,False,0.727,0.473,5,-9.352,1,0.0409,0.414,0.0,0.129,0.858,113.401,4,guitar
4D4iN6ISkDuDAnILbHskAF,Kuana Torres Kahele,Kahele,Waipi'o Paeaea,23,297093,False,0.353,0.383,2,-8.027,1,0.0283,0.715,0.0,0.131,0.408,173.794,4,guitar
44ygGTyBchnIDf0BU4GKRn,Guus Dielissen,Mirrors (Instrumental Guitar),Mirrors (Instrumental Guitar),42,219579,False,0.414,0.194,3,-19.209,1,0.0416,0.883,0.897,0.129,0.61,77.205,4,guitar
0pTAEdockvKVSq1hhFqk7O,Little Symphony,Rialto Beach,Amager,22,133624,False,0.0,0.004,0,-28.326,1,0.0,0.97,0.959,0.109,0.0,0.0,0,guitar
3qwROHTOpIE3gaD4F8Go5k,Los Tecolines,Peerless 80 Aniversario - 24 Exitos Vol. 2,Esperame en el cielo,22,173586,False,0.706,0.326,11,-14.211,0,0.0356,0.919,0.000366,0.0872,0.49,103.961,4,guitar
3YwX8myGY02sCv8Aa4PFJX,Joseph Sullinger,The Skye Boat Song,The Skye Boat Song,23,187646,False,0.524,0.0514,2,-21.5,1,0.0737,0.977,0.923,0.11,0.213,84.318,4,guitar
2D5qRlyi2zC3oj668I9NQ7,Antonio Bribiesca,Homenaje,Hay Unos Ojos,21,185573,False,0.694,0.226,0,-15.875,1,0.125,0.883,0.883,0.1,0.822,134.958,3,guitar
3agHxWiFTSPZzTgW4mgGwL,Cuco Sánchez,Serie De Coleccion 15 Autenticos,Nuestro Gran Amor,37,171506,False,0.444,0.0811,10,-17.278,1,0.0355,0.927,0.0,0.148,0.247,96.216,3,guitar
3oyTqxLuItCdLpXUXlE3aF,Pantelis Thalassinos;Giannis Nikolaou,Oi Aggeloi Tou Erota,Tou Feggariou,24,282053,False,0.48,0.287,4,-11.621,0,0.0279,0.823,0.000452,0.0867,0.332,103.814,4,guitar
0fYD8SjWh0UWCMrkRkCvtU,Dúo Ayacucho,Torcaza,Torcaza,31,254848,False,0.668,0.494,0,-5.136,1,0.0354,0.85,0.0,0.101,0.362,72.007,4,guitar
5Mgu1Bba3K6UeRaTO6eOmm,Project AER;v i v,How Are You?,Finding A Way Past the Tears,21,149999,False,0.663,0.196,2,-19.37,1,0.0301,0.97,0.935,0.0701,0.0787,110.036,4,guitar
50sWFRRbPHNz7n7Nt1N93E,Steve Petrunak,Instrumental Versions of Current Country Songs: Meant To Be,Make It Sweet (Instrumental Version),25,184111,False,0.447,0.332,7,-11.319,1,0.0334,0.864,0.798,0.0815,0.67,89.9,4,guitar
5929U6kkI4Bbd4njRI5t5G,Henrik Janson,Classical Baby Sleep Music,Concierto de Aranjuez,28,203416,False,0.56,0.138,10,-20.527,0,0.0906,0.964,0.829,0.11,0.137,82.405,4,guitar
0cundwpT660dXda1AK7F3A,Los Apus,Lágrimas Del Sol,Por Ella,21,279040,False,0.668,0.576,2,-7.113,1,0.0301,0.477,0.0332,0.212,0.553,100.031,4,guitar
7uFWH9Il83O46mpbdlE3JZ,Los Indios Tacunau,Grandes Exitos,Pero Te Digo Adios,23,144693,False,0.534,0.627,1,-7.609,0,0.0888,0.711,0.000598,0.12,0.736,162.583,3,guitar
3VgYGwa03GGyYwKjHtJqrQ,John Scofield;John Mayer,That's What I Say (Int'l Online/Yahoo Exclusive),I Don't Need No Doctor,44,269840,False,0.663,0.545,11,-8.504,0,0.0733,0.502,0.031,0.0634,0.758,171.006,4,guitar
68acKTyRxYxgpPAspfDxrA,Los Tres Caballeros,Los Tres Caballeros,Tu Condena,24,187245,False,0.634,0.373,3,-9.901,1,0.0602,0.936,8.69e-05,0.108,0.728,91.055,4,guitar
2MV2CBFcQa6WPLFMicSvu3,Little Symphony,Rialto Beach,Nosara,21,119101,False,0.0614,0.00153,0,-28.262,1,0.0516,0.969,0.995,0.112,0.0671,74.04,3,guitar
1iDgCDqYjg9Kn6D36DyxLf,Los Apus,Lágrimas Del Sol,Resignación,23,307813,False,0.78,0.55,6,-5.012,0,0.0403,0.725,3.72e-06,0.325,0.646,146.143,4,guitar
7qC3hxepY3cTpeL2Vs3rHN,Brittni Paiva,Kamaka Ukulele Presents: Keep Strumming!,Motoka,21,186306,False,0.632,0.229,5,-14.786,1,0.0549,0.969,0.9,0.107,0.702,125.846,4,guitar
5QSUroBMs5XaGfNqzObDEs,Vandenberg,Sonnen Diamant,Sonnen Diamant,46,154750,False,0.66,0.0863,2,-19.892,1,0.0597,0.94,0.92,0.117,0.153,131.096,4,guitar
6NzU2s7PoyvvraQfbVJII0,Dúo Hnos. Gaitán Castro,Amor amor,Olvido Que Nunca Llegas,28,252253,False,0.425,0.778,7,-3.612,1,0.0553,0.735,2.13e-05,0.141,0.706,70.87,4,guitar
6LbewtaEfN0k5W8TCLU9Mw,The Prophet;Wildstylez,40 Hardstyle Tunes,Alive!,18,355371,False,0.625,0.89,7,-6.7,1,0.0499,0.00802,0.93,0.241,0.129,150.005,4,happy
0pZ847DWlbvwFagJumHq8l,Scooter;Jebroer,My Gabber,My Gabber - Extended Mix,17,277935,True,0.636,0.931,7,-7.619,0,0.0549,0.00138,0.000227,0.25,0.183,154.983,4,happy
1AwmctSHQw4UycrP2ROjem,Gammer;Pixel Terror,Better Together,Step Back,24,198400,False,0.611,0.983,9,-2.017,1,0.0917,0.0121,0.102,0.733,0.419,150.006,4,happy
63QZrYvqcAE5tOZjb2Ovvm,Korsakoff,Stiletto,Stiletto,18,291645,False,0.403,0.715,7,-8.947,0,0.049,0.0183,0.941,0.119,0.227,158.045,4,happy
5sGNYiDH1SiTl5V2eitR5Y,Tha Playah,Stand Up,Stand Up,21,204166,True,0.617,0.976,6,-1.19,1,0.32,0.289,9.74e-06,0.645,0.304,179.898,4,happy
4MRAfcIkhzFelVtXTTdFo2,Scooter,Ace,Encore,20,234461,False,0.662,0.894,11,-3.719,0,0.0419,0.00277,0.000766,0.326,0.155,129.968,4,happy
5ofspw1DYSisBg00QS1k61,Dj Promo,Hiplife,Alt,19,133073,False,0.513,0.935,10,-0.181,1,0.0374,0.648,0.537,0.401,0.262,80.038,4,happy
61qXzQHMSwk3PStleYDJ2v,S3RL,Feel the Melody (feat. Sara),Feel the Melody (feat. Sara),52,232631,False,0.46,0.996,8,-1.172,0,0.327,0.00304,0.0116,0.335,0.36,175.123,4,happy
5O8NTmi6nq47lg0XKHzUZg,The Prophet,The Hardcore Archive Part 2 (1995 - 1996),Housetime! (Original Mix) - Extended Mix,8,385534,False,0.538,0.866,4,-3.674,0,0.0827,0.000866,0.013,0.357,0.0355,100.016,4,happy
6741g9k5VqpvTNpFukJMmQ,Technikore,Dreams (Back to 2005 Remix),Dreams (Back to 2005 Remix),21,220461,False,0.459,0.956,0,-2.272,1,0.365,0.0358,0.000969,0.375,0.19,169.948,4,happy
3bjA9kkg9YYuSzbBynSuLB,Charly Lownoise & Mental Theo,The Best Of Charly Lownoise & Mental Theo - 25 Years Anniversary,Party - Video Mix,15,212813,False,0.559,0.987,1,-4.69,1,0.151,0.123,0.000317,0.249,0.593,180.048,4,happy
6Dt5QEY32Wu0HGZpkoVWMr,Meccano Twins,We Are In The Dark,We Are In The Dark,20,239400,True,0.552,0.876,7,-3.603,1,0.0522,1.22e-05,0.00676,0.181,0.239,149.999,4,happy
5T5x4t6aUZ4UWvSjycNiYW,Darren Styles,Skydivin',Different Groove,17,169293,False,0.576,0.98,9,-5.147,1,0.0948,0.00372,0.0127,0.192,0.496,169.999,4,happy
1EMVlQBUZh8OvOoBMt9Xck,Neophyte;Dr Phunk;Tim Beumers,Alle Remmen Los! (Radio Edit),Alle Remmen Los! - Radio Edit,17,180016,True,0.615,0.873,2,-3.852,1,0.042,0.107,1.01e-05,0.0863,0.279,154.944,4,happy
74fkdpJ7F4SQr2kpGggb3A,Klubfiller;Steve Hill;Technikal,"Full Length Cardio Workout, Vol. 6",Play It Loud - 2021 Mix,19,399999,False,0.631,0.918,11,-2.669,0,0.0585,0.000186,0.765,0.0404,0.458,149.972,4,happy
3PkkD1dehbjNwhXkjs1CFx,The Prophet,The Hardcore Archive Part 3 (1997),Mayhem MF - Original Mix,0,171906,False,0.753,0.844,11,-3.859,0,0.137,0.361,6.44e-05,0.0693,0.131,89.993,4,happy
21dQNF8DrxW5xmfmE9HYwi,S3RL;Sara,Galleriet 2015,Galleriet 2015,19,175621,False,0.557,0.977,7,-1.593,1,0.112,0.0025,0.0218,0.111,0.464,175.007,4,happy
5isDv19KBGVOCpgvb9gnHn,Art Of Fighters,Do or die,Redemption,20,298591,True,0.684,0.847,9,-6.52,0,0.273,0.148,3.53e-05,0.0842,0.551,158.046,4,happy
5BeV0OiC4VQ3TG7ZlNHHsz,Gammer;Naeleck;Hige Driver,Virtual Gaming (Gammer Remix),Virtual Gaming - Gammer Remix,56,158158,False,0.496,0.98,11,-3.434,0,0.0474,0.000291,0.318,0.353,0.391,150.008,4,happy
4eAGVhU2RE0OYfFPXmhixc,Lawineboys,Remmen Los,Zuipen,30,160000,False,0.849,0.867,0,-5.832,1,0.035,0.158,0.0,0.299,0.993,121.97,4,happy
74mIyEcLtmwPQZjO2z6uZW,The Prophet,The Hardcore Archive Part 2 (1995 - 1996),Housetime! - Original Mix,16,157671,False,0.477,0.906,10,-3.082,0,0.0518,0.000146,0.0229,0.411,0.039,103.999,4,happy
2Ec88bogf5eEfappNAktH5,Scooter;Harris & Ford,God Save the Rave,God Save the Rave,50,192000,False,0.425,0.926,8,-3.269,0,0.114,0.0146,1.62e-05,0.161,0.376,150.038,4,happy
4LZy1CUAJXV6U0LVDP3mPz,Neophyte,You Can't Kill Me,You Can't Kill Me,17,236400,True,0.543,0.998,1,-1.263,1,0.215,0.00956,3.85e-05,0.343,0.129,100.003,4,happy
7Bpmxvqmw46v0xnnmmACWV,Dj Rob & MC Joe,The Beat Is Flown 2007,The Beat Is Flown - Oldschool Live Mix,16,357395,False,0.764,0.739,4,-5.976,0,0.125,0.000342,0.0327,0.0995,0.36,139.991,4,happy
3a1CHf2EnxnWDeo7Ss3Hhc,Nosferatu,Sanctity Of Space III: The Nebula Project,Sanctity Of Space III: Meteoroid,17,240000,False,0.327,0.991,11,-0.811,1,0.223,0.000738,0.765,0.125,0.172,174.082,4,happy
11L6rFb9GgqE1wMeKK0Pk2,Zebulon,Zébulon,Marie-Louise,34,239733,False,0.574,0.759,2,-7.799,1,0.464,0.306,0.0,0.0475,0.835,165.519,4,hard-rock
5OMzsUSgwjyRcyDfdLD4jS,Dead Fish,Ponto Cego,Não Termina Assim,34,158568,False,0.316,0.951,10,-5.081,0,0.056,6.41e-05,0.0,0.339,0.718,103.68,4,hard-rock
4KWKrzTYu5e7fcYC7nKUun,Charlie Brown Jr.,Imunidade Musical,I Feel So Good Today,43,248800,False,0.688,0.484,1,-9.254,1,0.0298,0.646,0.0129,0.109,0.447,124.062,4,hard-rock
7BSVS5JCV9XViO1LTTIFGN,Pitty,Matriz,Te Conecta,41,231501,False,0.669,0.84,6,-5.0,0,0.0341,0.0228,0.00026,0.154,0.868,146.034,4,hard-rock
2IpyGcvQ2sBAd2AmJ1mbIC,Charlie Brown Jr.,100% Charlie Brown Jr - Abalando A Sua Fábrica,Quebra-Mar,38,177200,False,0.157,0.985,10,-4.195,0,0.315,0.00453,0.056,0.155,0.411,177.08,4,hard-rock
3aoIw20fhjGMoXoQ38EbMS,Ghost,Halloween Metal Nights,Square Hammer,2,239293,False,0.529,0.903,2,-4.396,0,0.0483,3.31e-05,0.182,0.259,0.746,129.986,4,hard-rock
5Zk9paAVhGvRR1N0s3e0BA,Royal Blood,Maintain Your Mojo,Figure It Out,0,184053,False,0.657,0.817,0,-4.415,1,0.0554,0.262,0.00679,0.248,0.651,107.992,4,hard-rock
5e3YOg6fIkP0wD5TyxcHOH,Living Colour,Vivid (Expanded Edition),Cult of Personality,68,294826,False,0.504,0.918,0,-3.463,1,0.0517,0.00164,2.12e-05,0.78,0.539,92.031,4,hard-rock
5cWQN3gQtgd2brnNd9xjA5,Pitty,Admirável Chip Novo,Emboscada,36,193653,False,0.607,0.782,7,-4.285,1,0.0295,0.000402,0.0,0.108,0.576,113.963,4,hard-rock
3pbSo0j9RmC6hBmqsC3kmH,Hanoi Rocks,Two Steps From The Move,Boulevard of Broken Dreams,34,245706,False,0.421,0.924,9,-4.105,1,0.0608,0.00139,0.0085,0.0558,0.629,137.28,4,hard-rock
2wZ99JXUqr6uoEcWbEZVbf,Titãs,Acústico MTV,Nem Cinco Minutos Guardados - Ao Vivo,39,245933,False,0.387,0.694,11,-9.23,1,0.0576,0.597,0.0,0.734,0.708,133.022,4,hard-rock
3y8vOmrtJpdyQ3PkaHQRKm,Matanza,Odiosa Natureza Humana,Remédios Demais,43,144266,False,0.359,0.991,2,-3.688,1,0.121,0.000762,2.23e-05,0.0837,0.433,181.231,4,hard-rock
5CvERxbaeHHQA1OGJzeOzt,Ghost,Halloween Metal Nights,Mary On A Cross,2,244804,False,0.467,0.9,11,-4.505,1,0.0451,0.000187,0.000493,0.105,0.554,130.027,4,hard-rock
4EtjLlwM4T1T2fBAGxwql8,Charlie Brown Jr.,100% Charlie Brown Jr - Abalando A Sua Fábrica,Só Lazer,37,178226,False,0.274,0.764,11,-6.881,1,0.0702,0.00448,3.28e-05,0.389,0.583,166.205,4,hard-rock
7bYsIVw6B8QRvtT7TeyRdT,Stone Temple Pilots,Grunge!,Dead & Bloated,36,310266,True,0.56,0.81,7,-7.876,1,0.0546,0.000156,8.57e-05,0.0926,0.548,123.013,3,hard-rock
2ccUQnjjNWT0rsNnsBpsCA,Cheap Trick,Heaven Tonight,Surrender,69,253733,False,0.524,0.955,0,-7.081,1,0.0411,0.00717,8.77e-06,0.659,0.869,133.849,4,hard-rock
6kooDsorCpWVMGc994XjWN,Ram Jam,Ram Jam,Black Betty,72,238973,False,0.465,0.907,11,-6.404,0,0.113,0.0241,0.00118,0.13,0.681,117.293,4,hard-rock
1diuZVsxD74xvtUSABRUoF,Iron Maiden,Brave New World (2015 Remaster),The Wicker Man - 2015 Remaster,59,275253,False,0.424,0.98,4,-4.33,0,0.154,0.000855,5.72e-06,0.129,0.296,101.502,4,hard-rock
4ECNtOnqzxutZkXP4TE3n3,Journey,Frontiers,Separate Ways (Worlds Apart),74,323706,False,0.451,0.962,0,-3.947,1,0.0734,0.0188,3.17e-06,0.277,0.377,131.435,4,hard-rock
2Bhqg1ONbtcFBTR96H7oQw,Cypress Hill,Stash,Illusions - Harpsichord Mix,61,209200,False,0.85,0.723,2,-8.789,1,0.171,0.00943,0.0818,0.101,0.55,90.961,4,hard-rock
6TYQRlRci6AkVrN9a5C7ne,Black Sabbath,Paranoid,War Pigs (2009 - Remaster),33,475000,False,0.369,0.679,6,-9.729,0,0.0742,0.128,0.0125,0.197,0.508,91.883,4,hard-rock
29wJiSQcze8HEmxkUQykyp,Europe,The Final Countdown (Expanded Edition),Carrie,70,272133,False,0.455,0.487,7,-7.112,1,0.0264,0.114,2.43e-06,0.358,0.139,136.482,4,hard-rock
6JymsaWDHk2Yj4e0yNBIFH,House Of Pain,House of Pain (Fine Malt Lyrics),Jump Around,65,214946,False,0.854,0.71,4,-6.32,0,0.0795,0.0113,9.06e-05,0.166,0.818,106.893,4,hard-rock
3s03nrUInN3NAVjQtmnS0O,Guns N' Roses,Use Your Illusion II,Estranged,67,563893,False,0.359,0.762,11,-8.323,1,0.032,0.0105,0.281,0.368,0.167,89.259,4,hard-rock
4TIJ7zSBNejpoIPaWpWRKc,Billy Idol,Rebel Yell,Rebel Yell,74,288533,False,0.53,0.864,4,-4.948,0,0.061,0.000753,0.000459,0.354,0.484,166.312,4,hard-rock
24CA5I411NVDYodjjmKPx3,The Notorious B.I.G.,NOTORIOUS Music From and Inspired by the Original Motion Picture,Kick in the Door - 2008 Remaster,59,214546,True,0.721,0.918,10,-5.125,0,0.455,0.0459,0.0,0.156,0.795,179.726,4,hardcore
76sOApXMrNk38OcLeOPmHn,Surra,Escorrendo Pelo Ralo,Bom Dia Senhor,34,272346,False,0.343,0.959,4,-3.119,1,0.09,0.00172,0.0,0.0869,0.229,138.377,4,hardcore
0QnGI4OgY8ReggLWvEXdgD,Nas,It Was Written,Street Dreams,60,279933,True,0.752,0.611,11,-8.681,0,0.315,0.21,0.0,0.778,0.746,90.993,4,hardcore
5HuCuxK1MdKafyUHl6X54r,For Revenge,Auristella,This Is Not The Best Time To Lose,30,243750,False,0.461,0.91,6,-3.626,0,0.0615,2.11e-05,0.000306,0.0866,0.701,160.017,4,hardcore
3CPWVEyZoMmxPdfwrlIbv0,Fun People,The Art(E) of Romance,Leave Me Alone,35,100133,False,0.437,0.78,9,-8.744,1,0.0426,0.0193,0.000791,0.102,0.749,149.456,4,hardcore
18STAMRDmKWmzeYW2HFJts,Ten Foot Pole,Rev,My Wall,30,170640,False,0.376,0.983,6,-6.396,1,0.0768,0.00168,9.5e-05,0.242,0.61,102.265,4,hardcore
3Y6XWs8xMlCngyIxNOFnsp,KRS-One,Return of the Boom Bap,Sound of da Police,64,258506,False,0.794,0.95,1,-8.78,1,0.294,0.124,7.71e-05,0.133,0.324,94.984,4,hardcore
3nkc3rqJAiudzkWTK4luep,YOU LOSE,No Rules,No Rules,31,145853,True,0.325,0.969,8,-2.994,1,0.0945,0.000608,0.00527,0.276,0.219,154.328,4,hardcore
2dElzzT9BP2K1RaP6xHnMa,T.A.M.,Tenemos a Matute,Seguiré cometiendo errores por toda mi vida,31,182336,False,0.401,0.975,2,-2.383,1,0.0817,0.0124,0.0,0.221,0.62,97.888,4,hardcore
2AYTGaclgKXACh13nJRVcV,Fat Joe;Remy Ma;JAY-Z;French Montana;InfaRed,All The Way Up (Remix) (feat. French Montana & Infared) - Single,All The Way Up (Remix),60,284830,True,0.564,0.717,10,-6.403,0,0.397,0.097,0.0,0.493,0.423,117.489,5,hardcore
3vc1sGOGAVxhx8S1kERqyn,The Prodigy,"Always Outnumbered, Never Outgunned",You'll Be UNDER MY WHEELS,52,236973,False,0.672,0.944,4,-5.214,0,0.0761,0.0102,0.9,0.321,0.382,114.015,4,hardcore
7L93GESzq43UkKUt5FsOCq,House Of Pain,House of Pain (Fine Malt Lyrics) [30 Years] [Deluxe Edition],Jump Around - 30 Years Remaster,74,218546,True,0.811,0.823,4,-5.921,0,0.0423,0.0553,4.52e-06,0.158,0.827,106.929,4,hardcore
2K6a1zQRxVh7lvvNf3gSCR,Pennywise,Unknown Road (2005 Remaster),It's Up To Me - 2005 Remaster,34,196026,False,0.25,0.997,4,-4.201,0,0.139,0.00626,0.0,0.408,0.184,174.998,4,hardcore
0DEXrBRhq10FgYXwbHSKdf,Backdrop Falls,Closer to the Edge,Closer to the Edge,32,200916,False,0.414,0.97,9,-3.686,0,0.0747,0.000163,0.0,0.309,0.505,179.986,4,hardcore
7q6lr1W6cmGWijl5kCv5RG,Eazy-E,It's On (Dr. Dre) 187um Killa,Real Muthaphuckkin G's,50,332626,True,0.735,0.797,11,-4.611,0,0.285,0.0174,0.0,0.62,0.731,170.444,4,hardcore
3iXFoge0yejRvt6VXJ5QHc,Hail The Sun,Mental Knife,Suffocating Syndrome,29,182281,False,0.29,0.951,4,-4.342,0,0.0951,0.000333,1.87e-05,0.394,0.275,177.143,4,hardcore
1EiLrPd8JMTcQUr1aLEUKi,Gang Starr,Moment Of Truth,Work,66,177666,True,0.787,0.832,10,-4.671,1,0.301,0.0347,0.0,0.0593,0.814,92.606,4,hardcore
4g9vBGwvz06hfW5UKTbYl4,BBS Paranoicos,Og Bo Toyy,Irreparable,38,156653,False,0.458,0.986,7,-3.693,1,0.131,0.000539,0.000114,0.237,0.294,97.078,4,hardcore
7Dv1rYPkx3v2QVCPUY0yhj,Destroy Rebuild Until God Shows,Post-Millennial Noise,"If You Think This Song Is About You, It Probably Is",0,150200,False,0.597,0.97,4,-6.303,1,0.159,0.00279,1.36e-05,0.354,0.352,121.971,4,hardcore
0I10YQIht7W3fPvLlhQvkL,Scooter,Scooter Forever,In Rave We Trust - Amateur Hour,31,195146,False,0.567,0.915,7,-5.762,0,0.0315,0.00094,0.377,0.292,0.546,145.018,4,hardcore
2g8HN35AnVGIk7B8yMucww,The Notorious B.I.G.,Ready to Die (The Remaster),Big Poppa - 2005 Remaster,79,252746,True,0.78,0.575,9,-7.247,0,0.273,0.43,0.0,0.143,0.773,84.492,4,hardcore
1YQ7BbJR8HqAolfprvxGKu,The Notorious B.I.G.;Lil' Kim;Diddy,Born Again,Notorious B.I.G. (feat. Lil' Kim & Puff Daddy) - 2005 Remaster,60,191600,True,0.904,0.826,1,-2.372,0,0.272,0.0531,0.0,0.214,0.824,101.35,4,hardcore
3HKcA3RHjWhKOKG37thGZZ,Promo,Last Men Standing,I Come Correct,29,353733,False,0.689,0.931,11,-4.467,1,0.144,0.0114,0.589,0.0753,0.145,147.852,4,hardcore
63T3O3u70cICyNxJPh3CXn,Rakim,The 18th Letter / The Book Of Life,The 18th Letter (Always And Forever),48,180933,False,0.657,0.674,4,-8.262,0,0.246,0.0633,2.5e-06,0.32,0.748,81.883,4,hardcore
7tNzd03v3T5aU7P1UpeuYF,DJ Isaac;D-Block & S-te-Fan,Harder Tunes Forever - 100% the Best in Hardstyle and Hardcore,Slave to the Rave,0,222400,False,0.543,0.886,9,-3.689,0,0.136,0.0278,1e-05,0.148,0.175,150.081,4,hardcore
39Lz4adax8ptCgM1XmJxxb,Refuzion,Without You,Without You,46,177169,False,0.457,0.812,2,-3.795,1,0.0343,0.00497,1.79e-06,0.64,0.37,149.949,4,hardstyle
0zolxiS5uiL5towOJrsJi4,Headhunterz,Home,Home,52,234165,False,0.552,0.829,6,-4.988,0,0.0845,0.187,5.44e-05,0.283,0.367,150.039,4,hardstyle
14HABXuAxDzHefN5VvUdXR,Thyron;Unresolved,My Way,Foul Play,21,185806,False,0.6,0.964,9,-1.566,0,0.159,0.342,0.0,0.714,0.408,155.017,4,hardstyle
4OiU4bMLmbsruf7V2X6k7d,Gekkenhuys,Hendjes In De Lucht,Hendjes In De Lucht,26,170371,True,0.588,0.932,5,-2.588,0,0.104,0.0031,3.85e-05,0.132,0.708,171.973,4,hardstyle
1yoqnfKCN9QltgyjAF1dTm,MBW,Crossroads,Crossroads,38,240158,False,0.47,0.705,11,-7.098,1,0.0442,0.0235,0.0198,0.114,0.119,151.79,4,hardstyle
0aSdsoufzNzGKFkRTkBYzM,Gunz For Hire,Bella Ciao,Bella Ciao,52,198271,False,0.345,0.954,10,-1.337,0,0.181,0.0143,0.0,0.11,0.246,77.411,4,hardstyle
18xjDMjuV7p4cZvTJWxO7D,D-Attack,The Dream,The Dream,19,216931,False,0.376,0.966,4,-1.684,1,0.146,0.0396,0.000183,0.326,0.215,156.127,4,hardstyle
2ST9rghUAyWeXEG5Wtl3Q3,Audiofreq;Somnia;Shanti People,Hey Adi Yogi,Hey Adi Yogi - Hard Edit,23,186400,False,0.506,0.971,2,-2.999,1,0.0728,0.0264,0.0088,0.678,0.376,150.023,4,hardstyle
7w3QSydKdulPt03i6dYueh,The Prophet,The Hardcore Archive Part 2 (1995 - 1996),Big Boys Don't Cry - 4 Min Mix,19,223944,False,0.515,0.977,6,-3.907,0,0.0702,0.000276,0.451,0.231,0.203,181.049,4,hardstyle
26p4yUkgDSmpmg3ilnbSU3,The Kgb's,Volume 4,Infinity - DJ Phil Ty Rmx,26,393485,False,0.706,0.749,9,-4.23,1,0.0736,0.00883,0.529,0.0664,0.115,150.037,4,hardstyle
6oP3qa2MyQjxW8YQQdPBq9,Headhunterz,Studio Sessions,Hate It Or Love It - Live Edit,23,194796,False,0.591,0.898,10,-4.153,0,0.0624,0.0114,0.000813,0.121,0.324,149.974,4,hardstyle
2fGZCkulKA7Pyk8Ei6DTQm,Boi Foi Toch;Beatcrooks,Beatcrooks Hits,Hee Hoo (Happy Høken Rmx),39,173647,False,0.652,0.992,7,-3.597,1,0.105,0.0208,1.59e-05,0.265,0.493,169.964,4,hardstyle
5gVJk9pRLZc2x9WDrTj39A,D-Sturb;Sefa,Supremacy (Mixed By D-Sturb & Supreme Selections),Nothing Like The Oldschool - Continuous Mix,27,212640,False,0.493,0.977,8,-4.718,1,0.0541,0.0355,0.145,0.0815,0.346,100.036,4,hardstyle
3xeaR6dAHQHU6rtUPRK9tX,Sub Zero Project,Rave Culture 2022,Rave Culture 2022,63,184000,False,0.292,0.947,1,-4.449,1,0.0906,0.00171,0.593,0.191,0.0859,150.101,4,hardstyle
07RxMrhnBCJbiS6B8Xcwtn,Dimatik;Carroch;EUROBEAT;Monik,Giratina (Eurobeat Remix),Giratina (Eurobeat Remix),49,161250,False,0.72,0.781,2,-7.232,1,0.0478,0.06,0.767,0.345,0.307,128.027,4,hardstyle
3BOhwxGbcxMR5uE4VsMu6K,Stormerz;Envine,Together,Together,19,242804,False,0.431,0.866,7,-5.82,0,0.258,0.0122,5.01e-05,0.0718,0.158,150.208,4,hardstyle
5hOUrPzGSHK94V3nw6W7bO,Noisecontrollers;Taylr Renee,All Around,People Of The Sun,20,206000,False,0.485,0.928,9,-4.207,0,0.0357,0.00516,0.00852,0.173,0.386,150.082,4,hardstyle
4NHoKZRlrgo92JH38FsnXs,Fraw;Lea König,Equality,Equality,20,253503,False,0.524,0.907,6,-1.904,0,0.2,0.209,9.36e-05,0.326,0.22,159.988,4,hardstyle
3gj1uVEbk65EZyd2bGu0QS,B-Front,Dark Moon,Dark Moon - Radio Edit,24,180000,False,0.246,0.763,7,-4.776,1,0.046,0.0592,0.175,0.183,0.0677,149.655,4,hardstyle
4SAiZ31ayrsVkpIJrHnP1l,The Prophet,The Hardcore Archive Part 3 (1997),Why Not (Original Mix) - Extended Mix,0,298886,False,0.454,0.892,0,-7.687,1,0.0349,3.14e-05,0.903,0.101,0.0357,94.956,4,hardstyle
7eDCoOxaczn7Uwoqtogu70,Mark With a K;Robert Falcon,Mass Hysteria,Warrior - Extended Version,51,218322,False,0.473,0.912,5,-3.235,1,0.0292,0.00706,6.48e-05,0.157,0.328,155.021,4,hardstyle
0JS0AEmlz20lugs6G10mYy,D-Block & S-te-Fan,D-Block & S-te-Fan - From The Hard EP,From the Hard - Original Mix,22,257600,False,0.441,0.899,9,-6.544,0,0.0301,0.287,0.302,0.29,0.275,149.965,4,hardstyle
5iV1yWgsVxuw6OCHGL4RcT,Szeukers,Limburgse K*Tmeziek!,Limburgse K*Tmeziek!,21,240562,True,0.749,0.855,7,-2.574,1,0.313,0.108,0.000462,0.106,0.305,165.013,4,hardstyle
17dA9QaEEmG22ELHhuA5Ca,Deetox;Crystal Mad,Fallen,One Last Time,25,187354,False,0.389,0.88,10,-2.732,0,0.0429,0.0572,0.0,0.105,0.167,155.032,4,hardstyle
6vk0v0dBiVQ2MdbtFnHmGx,Technoboy,Vanilla Sky,Vanilla Sky - Original Mix,23,390536,False,0.558,0.844,7,-6.989,1,0.0787,0.00154,0.454,0.547,0.165,149.988,4,hardstyle
230QECARol1jtRJjhw2vFc,Los Antiguos,Simple,Los grises,33,131213,False,0.272,0.94,1,-4.951,0,0.0766,4.31e-06,0.000773,0.14,0.256,97.276,4,heavy-metal
0espGfJq0CWTapAvFqkhDA,Barilari,Abuso De Poder,Vida virtual,19,260519,False,0.446,0.796,9,-5.7,0,0.0323,0.000876,6.22e-05,0.177,0.168,94.987,4,heavy-metal
34hSjyHrfxhlUnJFjiXdl9,Aonikenk,Sentir Metalero,Desde Neuquen,19,200026,False,0.432,0.871,9,-5.491,0,0.0726,0.000537,0.00235,0.499,0.102,108.197,4,heavy-metal
6ZDqMzzcX8w2RaAWY6JHGN,Almafuerte,Trillando la Fina,La llaga,23,115960,False,0.555,0.948,11,-3.97,1,0.0442,0.00836,0.0,0.309,0.815,146.969,4,heavy-metal
1fIk9Ku1sSyL5QhrBCTDHK,Almafuerte,En Vivo All Boys,Pa' Pelusa - En Vivo All Boys,23,265681,False,0.27,0.925,4,-6.469,1,0.0477,0.00212,0.000219,0.923,0.454,133.206,4,heavy-metal
4aLD90t9DiCIQ5E0iCKSth,Rata Blanca,Entre el Cielo y el Infierno / El Libro Oculto,Cuarto Poder,20,228653,False,0.224,0.913,11,-5.451,0,0.0678,0.000187,0.00423,0.171,0.693,182.598,4,heavy-metal
5YZMJiVEthl7905WzW8dzS,Aonikenk,Lanza en Mano,Y de Quién Es?,19,140080,False,0.461,0.971,2,-3.663,1,0.219,7.69e-05,3.83e-05,0.0548,0.215,157.74,4,heavy-metal
0Hg6cD0VepM1bnjl0lObQ3,Brothers of Metal,Emblas Saga,Brothers Unite,54,246990,False,0.476,0.713,7,-7.024,1,0.0667,0.000838,0.000206,0.0802,0.564,183.032,3,heavy-metal
7quqlwdjRnsDvV8r4KSQE8,Lörihen,Desconexión,El Viaje,23,271497,False,0.561,0.852,8,-5.545,0,0.0416,0.0448,0.0,0.0775,0.329,115.114,4,heavy-metal
4Y55T05g57LJu1HuggKVLp,Die Apokalyptischen Reiter,Riders on the Storm,Wenn Ich Träume,20,188200,False,0.499,0.956,1,-3.406,1,0.114,0.00282,0.0,0.363,0.345,111.979,4,heavy-metal
3ZeSbDI9FsqNaDZTIJZOjM,OConnor,Río Extraño,La Maldad,21,239798,False,0.509,0.895,2,-3.332,1,0.0328,0.000571,1.35e-06,0.106,0.256,127.99,4,heavy-metal
14tRCUS7kFsJhsUNjT9X0t,Rata Blanca,Poder Vivo,Abeja Reina,22,581398,False,0.553,0.631,1,-7.815,1,0.0421,0.0575,0.0237,0.195,0.5,124.951,4,heavy-metal
2wByyoQl7Km8ytbqLQfdQv,Hermetica,Acido Argentino,Robo un Auto,37,222000,False,0.406,0.947,11,-9.738,0,0.0817,0.000117,2.11e-05,0.109,0.328,139.913,4,heavy-metal
7py7HijGub78kaHNqvUvC3,Viikate,Katkerimmat 2011-2017,"Kitara,Taivas Ja Tähdet",20,271853,False,0.44,0.911,7,-6.878,1,0.0361,0.000152,0.00067,0.215,0.554,151.887,4,heavy-metal
5TUKBnpG0UD8Et7nPf3NnW,Barilari,Abuso De Poder,Sin escrúpulos,20,239624,False,0.32,0.948,0,-3.909,0,0.117,0.000285,3.4e-05,0.0621,0.359,90.026,4,heavy-metal
4DTexlBKAowGb5zhsot7cG,Stam1na,Raja,Muistipalapelit,31,335213,False,0.399,0.96,2,-6.417,1,0.0649,0.000622,0.0265,0.504,0.346,149.505,4,heavy-metal
0ni7zHHFhxRMwJLebOh4Ah,Lordi,Lordiversity - The Masterbeast From The Moon,Robots Alive!,19,249360,False,0.673,0.712,5,-9.633,1,0.0291,0.00154,0.000149,0.122,0.69,135.99,4,heavy-metal
0ngSk8aGEjWS6fsHIV9KKj,Beast In Black,Berserker,Beast in Black,53,269088,False,0.161,0.942,11,-6.67,0,0.14,4.76e-06,0.00315,0.106,0.198,89.011,3,heavy-metal
4Oep7BgzaaV7gEY8Bb6xky,Seikima-II,BLOODIEST,GOBLIN'S SCALE,25,254933,False,0.438,0.942,10,-5.085,1,0.0965,0.00144,0.00013,0.279,0.412,130.048,4,heavy-metal
5uVhwu6ZexzKtxFWipUGcf,Beast In Black,From Hell with Love,Heart of Steel,43,262979,False,0.548,0.947,8,-6.387,0,0.0339,0.00281,0.000131,0.174,0.65,109.972,4,heavy-metal
3jWZl4OLSUJZDuFYhwUuaQ,A.N.I.M.A.L.;Chuck Jhonson and Juan Jose Burgos;Richard Kaplan,Poder Latino,Cop Killer,24,239000,False,0.568,0.978,2,-5.468,1,0.0827,0.000197,0.0,0.724,0.518,121.158,4,heavy-metal
3RG7LorgZGK5U48rfe9Sim,Stam1na,Elokuutio,Meidänkaltaisillemme,21,209466,False,0.398,0.995,2,-3.778,1,0.208,7.77e-06,0.0284,0.0416,0.313,181.982,4,heavy-metal
37NaVaaJNa4w9eeiB8mcSL,Seikima-II,呪いのシャ・ナ・ナ・ナ / GOBLIN'S SCALE,呪いのシャ・ナ・ナ・ナ,22,337600,False,0.445,0.928,11,-4.16,0,0.188,0.000467,0.0,0.269,0.497,145.075,4,heavy-metal
4EwvEZSzbRs8XMG8XkpYmo,Stam1na,Nocebo,Arveton on arvoton,24,282506,False,0.302,0.959,9,-4.767,1,0.108,0.000305,0.0035,0.139,0.165,125.26,4,heavy-metal
5qjZgLx35G3YbZkI8cKlkn,Riff,Que Sea Rock,Lily Malone,40,302586,False,0.512,0.848,11,-5.559,0,0.0365,1.8e-05,0.000269,0.378,0.374,127.616,4,heavy-metal
3yfqSUWxFvZELEM4PmlwIR,Eminem,The Marshall Mathers LP,The Real Slim Shady,87,284200,True,0.949,0.661,5,-4.244,0,0.0572,0.0302,0.0,0.0454,0.76,104.504,4,hip-hop
6IdUSDkIkBP7ZmTIZrZiVV,Jack Harlow,Ghetto Superstar - New Rap Classics,Dua Lipa,2,135053,True,0.833,0.652,11,-6.942,1,0.0762,0.00161,0.0985,0.106,0.405,158.022,4,hip-hop
3XyFQxpSlGowWpZkIn3ISA,Vishal Dadlani;Hamsika Iyer,Chennai Express,One Two Three Four (Get On The Dance Floor),60,228323,False,0.721,0.867,6,-5.429,0,0.225,0.0885,0.000119,0.0372,0.87,170.091,4,hip-hop
3CYcfkVQbUPjnljKdKA8H1,Mac Miller,Trap Masters,Ascension,5,292466,False,0.763,0.53,8,-6.348,1,0.132,0.368,3.41e-06,0.154,0.296,119.998,4,hip-hop
6TFUGAC1zk57FICwy1wZNW,Daddy Yankee;Natti Natasha;Becky G;Bad Bunny,Homecoming Latin Party,Dura - Remix,0,242160,False,0.772,0.803,1,-3.035,1,0.0468,0.187,0.0,0.434,0.853,94.98,4,hip-hop
7q7eYVerltlW2sYBuga6Mj,Jaz Dhami;Yo Yo Honey Singh,High Heels,High Heels,59,297770,False,0.891,0.913,1,-4.453,1,0.149,0.394,0.000173,0.373,0.772,130.045,4,hip-hop
0HTb4JfMtMkMYUtyd19In3,Bilal Saeed;Momina Mustehsan,Baari,Baari,66,235297,False,0.658,0.539,3,-7.043,1,0.0433,0.857,1.45e-06,0.0999,0.461,80.088,4,hip-hop
5NeP5LxzlLaGlsVFHviHUj,Jordan Sandhu,FAME,Majhail 1.0,61,169230,False,0.778,0.648,9,-4.722,0,0.318,0.238,0.0,0.278,0.678,155.836,4,hip-hop
27XJv9grlenIhZEPpDdnIY,Daddy Yankee;Bad Bunny,Esto me suena a Farra,X ÚLTIMA VEZ,0,192477,True,0.812,0.855,7,-3.725,1,0.0554,0.0789,0.000167,0.108,0.573,90.04,4,hip-hop
36cqlmc53NqlEUqPJdgUOx,Sidhu Moose Wala;Raja Kumari,Moosetape,US (feat. Raja Kumari),67,230068,False,0.524,0.601,8,-6.112,0,0.0404,0.663,0.0,0.114,0.598,72.048,4,hip-hop
0pPMSxTHDxROblb7yID8Ar,Andro,MOON FLAME,Иса,61,159529,False,0.617,0.649,5,-3.796,0,0.0428,0.422,1.3e-06,0.244,0.487,85.018,4,hip-hop
3BhjbaGeI7E0CiIjctfdD3,Badshah;Amaal Mallik;Fazilpuria;Sukriti Kakar;Neha Kakkar,Kapoor & Sons (Since 1921) (Original Motion Picture Soundtrack),Kar Gayi Chull,58,187710,False,0.827,0.737,11,-5.473,0,0.0764,0.0316,0.000322,0.211,0.873,121.99,4,hip-hop
01AKiTk6iF60Kpvitd1Ih1,MC STAN,Astaghfirullah,Astaghfirullah,58,213333,True,0.653,0.725,0,-8.464,1,0.0912,0.091,0.000426,0.251,0.349,125.956,4,hip-hop
0xttqqTj7ZAGyVkfOYxQ4F,Anirudh Ravichander;Vijay Yesudas;Shweta Mohan,3 (Original Motion Picture Soundtrack),Nee Paartha Vizhigal - The Touch of Love,70,264506,False,0.665,0.596,9,-6.969,0,0.0278,0.293,3.67e-05,0.247,0.644,110.055,4,hip-hop
7Ie9W94M7OjPoZVV216Xus,Eminem,Recovery,Not Afraid,81,248133,True,0.855,0.954,0,-1.19,0,0.264,0.529,0.0,0.205,0.668,114.635,5,hip-hop
3AedlLCGKNhQdhtLzObIbR,Daddy Yankee,Queda poco para la PAES 2.0,Pasarela,0,193733,False,0.839,0.907,9,-4.259,1,0.0453,0.101,0.0,0.332,0.737,121.048,4,hip-hop
3F5CgOj3wFlRv51JsHbxhe,Drake;21 Savage,"Honestly, Nevermind",Jimmy Cooks (feat. 21 Savage),91,218364,True,0.529,0.673,0,-4.711,1,0.175,0.000307,2.41e-06,0.093,0.366,165.921,4,hip-hop
4BExko3OEVRa3RI50gpFgA,Rusha & Blizza,Bazaar,Huzur (Reprise),59,296092,False,0.641,0.475,11,-15.918,0,0.0413,0.385,0.0646,0.0771,0.0399,106.938,4,hip-hop
27OeeYzk6klgBh83TSvGMA,The Kid LAROI,F*CK LOVE (SAVAGE),WITHOUT YOU,80,161384,True,0.662,0.413,0,-7.357,1,0.0299,0.213,0.0,0.134,0.467,93.005,4,hip-hop
4C6Uex2ILwJi9sZXRdmqXp,Nicki Minaj,Super Freaky Girl,Super Freaky Girl,92,170977,True,0.95,0.891,2,-2.653,1,0.241,0.0645,1.77e-05,0.309,0.912,133.01,4,hip-hop
41rBqFWkqhp4q36QjFh1gZ,Lizzo,New Pop Classics,About Damn Time,0,191822,True,0.836,0.743,10,-6.305,0,0.0656,0.0995,0.0,0.335,0.722,108.966,4,hip-hop
6YtlaPxgVWZHO7OB1atIEf,MC STAN,Kahan Par Hai,Kahan Par Hai,57,219758,True,0.706,0.695,0,-7.103,0,0.0541,0.461,0.0,0.306,0.489,141.974,4,hip-hop
5vyRNIsjHH6pZu1dKBddOO,Daddy Yankee;Wisin & Yandel,Fiesta Reggaeton 2010s,Si Supieras,4,241880,False,0.691,0.894,9,-1.681,0,0.115,0.291,0.0,0.104,0.623,184.018,4,hip-hop
0veda7gIbScyRAp2fWjDQh,Anirudh Ravichander;Sid Sriram,Wunderboy Anirudh,Yennai Maatrum Kadhale,56,274678,False,0.515,0.766,4,-7.291,0,0.0941,0.464,3.12e-06,0.136,0.346,112.466,3,hip-hop
3uRrymHwcED49Q4fAnJJgD,Lizzo;DaBaby,Energy Hip Hop,Truth Hurts - DaBaby Remix,0,197610,True,0.706,0.627,4,-2.94,0,0.202,0.193,0.0,0.126,0.38,158.041,4,hip-hop
6k1u0Ulj8get6FWPLjTnHO,George Jones,The Gospel Collection: George Jones Sings The Greatest Stories Ever Told,Family Bible,18,213333,False,0.558,0.48,2,-6.865,1,0.0264,0.671,2.54e-06,0.357,0.331,103.632,4,honky-tonk
25MSxQfbmtsuZdHy7yXFqU,Jo Ann Castle,It's Ragtime!,12Th Street Rag,10,137000,False,0.62,0.415,10,-14.143,1,0.0458,0.639,0.887,0.173,0.969,119.648,4,honky-tonk
156u02R79yLMycBxoLAzhS,George Jones;Tammy Wynette,George Jones and Tammy Wynette - 16 Biggest Hits,God's Gonna Get 'Cha (For That),13,160360,False,0.75,0.524,5,-11.127,1,0.0603,0.791,0.0,0.657,0.962,105.563,4,honky-tonk
5Zw163DqSAk404ekrdfvfD,George Jones,Starday & Musicor Originals,Once A Day,12,145186,False,0.445,0.254,0,-15.018,1,0.0315,0.735,0.0,0.0904,0.706,131.252,4,honky-tonk
6UXAHCV9ClJgBlJifl4FRK,Leon Payne,Early Country and Western from Bullet Records of Nashville,Lost Highway,14,160893,False,0.448,0.423,6,-7.131,1,0.0354,0.709,0.0,0.0486,0.674,155.094,4,honky-tonk
2k9C4l3E2yDmc4gNAP3WtE,Hank Williams,The Complete Hank Williams,I Ain't Gonna Love You Anymore,11,88933,False,0.271,0.392,2,-13.369,1,0.0443,0.994,0.0,0.764,0.763,83.853,3,honky-tonk
2YusZ6ArlfP6j2Jb8pGsv5,Hank Williams,The Complete Hank Williams,First Year Blues,10,144573,False,0.745,0.267,4,-13.921,1,0.0516,0.968,0.0,0.282,0.657,120.164,4,honky-tonk
6xKDVQv1YpYaD4U5yIY68j,Cowboy Copas,29 - 49 - 43,Settin' Flat On Ready,13,160466,False,0.66,0.644,7,-13.528,1,0.0351,0.809,0.00102,0.144,0.96,105.674,4,honky-tonk
6A4dYk5yPuDGe2xX3VhP8a,George Jones;Trisha Yearwood,Bradley Barn Sessions,Bartender Blues,13,234360,False,0.513,0.288,7,-13.097,1,0.026,0.572,0.0,0.107,0.401,79.621,3,honky-tonk
3GRlCFKYlY5zKYWnJI7ivq,Hank Williams,The Lonesome Sound Of Hank Williams,First Year Blues,12,148440,False,0.726,0.269,4,-13.91,1,0.0502,0.966,0.0,0.277,0.642,120.147,4,honky-tonk
4Ka61PPLBXcPrUFbEVrFPM,Floyd Cramer,Class of '68,Honey,21,152266,False,0.456,0.132,0,-19.904,1,0.0307,0.719,0.907,0.146,0.494,101.003,4,honky-tonk
28GiaJvhtu5xMfes5xVhfq,George Jones,The New Favorites Of George Jones,Imitation Of Love,11,148933,False,0.598,0.593,9,-6.538,1,0.0435,0.667,0.0,0.237,0.897,75.415,4,honky-tonk
1fNVlMup9qvrnQlJsKDN8k,George Jones,I Am What I Am (Expanded Edition),Brother to the Blues,19,169893,False,0.568,0.382,6,-12.898,1,0.0323,0.749,0.0,0.123,0.429,111.388,4,honky-tonk
2TRCVZz76X7DXjFxMy6o9A,George Jones;Margie Singleton,Best Of,Waltz Of The Angels,20,163506,False,0.546,0.36,10,-9.531,1,0.0269,0.666,5.2e-06,0.383,0.364,103.434,3,honky-tonk
3ot7yfRXpFYYmBBZ8XrM2f,George Jones,Too Wild Too Long,I'm a Survivor,10,190213,False,0.506,0.279,8,-13.727,1,0.0271,0.729,3.01e-06,0.187,0.313,89.825,3,honky-tonk
21EyBZzOB8vl0daz0IBZDY,Eddie Noack,Psycho - The K-Ark and Allstar Recordings 1962-1969,Dolores,13,176320,False,0.612,0.463,0,-12.575,1,0.0347,0.743,3.49e-05,0.141,0.535,119.23,4,honky-tonk
1jy7k4URSRJeO0N2aMzj5R,Hank Williams;Drifting Cowboys,Moanin' The Blues (Expanded Edition),Long Gone Lonesome Blues,40,159706,False,0.717,0.327,4,-11.028,1,0.0361,0.687,0.0,0.0973,0.742,122.615,4,honky-tonk
5XmNWW9PWU3BzlwR0n3m9V,Carl Smith,There Stands the Glass,More and More,12,137946,False,0.657,0.235,7,-12.805,1,0.0296,0.753,1.11e-05,0.29,0.648,108.56,4,honky-tonk
3U2MKlgrAZDKW4MOrOxNtr,George Jones,You Oughta Be Here With Me,Hell Stays Open (All Night Long),17,211733,False,0.534,0.207,7,-15.573,1,0.0271,0.714,0.00414,0.138,0.318,84.868,4,honky-tonk
6UDNooOm6jNdAzKqxdk4ce,Hank Williams;Drifting Cowboys,The Ultimate Collection,"Cold, Cold Heart",15,164306,False,0.577,0.17,2,-12.087,1,0.0373,0.897,0.0,0.168,0.513,113.293,4,honky-tonk
7gLFQlSwyIBGkDigMCT0ew,Stonewall Jackson,Here's To Hank,Lonesome Whistle,11,141080,False,0.467,0.411,2,-7.989,1,0.0272,0.9,0.0,0.249,0.653,96.334,3,honky-tonk
6z0ew3OzU9K4f03uveweNl,Railbenders,The Medicine Show,"Ass, Gas, Or Grass",21,229120,False,0.553,0.794,0,-5.973,1,0.0266,0.0279,0.00589,0.116,0.698,129.901,4,honky-tonk
4RRWdUBfKdN8SdPOIiu9by,George Jones,Too Wild Too Long,New Patches,11,193373,False,0.618,0.342,0,-13.925,1,0.0292,0.345,0.000451,0.104,0.425,108.177,4,honky-tonk
0md3dDLRwrsgBQ59CfgmXO,Ray Price,Ray Price - 16 Biggest Hits,She's Got to Be a Saint,16,228266,False,0.414,0.299,10,-12.293,1,0.0303,0.858,0.212,0.128,0.447,88.516,3,honky-tonk
61GEP8lryEfcuEgBMbRmNi,Hank Williams;Drifting Cowboys,Moanin' The Blues (Expanded Edition),Alone And Forsaken,50,121733,False,0.472,0.182,5,-12.279,1,0.0649,0.971,0.00604,0.113,0.488,80.458,4,honky-tonk
6KOlBh6a2XbewRVt0v6826,Eric Prydz;Empire of the Sun,Larga Vida al Electro,We Are Mirage,1,379500,False,0.557,0.793,4,-6.723,0,0.036,0.000513,0.75,0.494,0.0869,127.944,4,house
0b5CzUhyShYuDdtW5J4wm2,Calvin Harris;Charlie Puth;Shenseea,Funk Wav Bounces Vol. 2,Obsessed (with Charlie Puth & Shenseea),73,226497,True,0.733,0.74,1,-6.343,0,0.0333,0.246,3.3e-05,0.299,0.903,99.993,4,house
3TKpJrY9q49Mj1JOsM9zGL,The Chainsmokers;Kygo,World War Joy,Family,61,194826,False,0.584,0.607,11,-6.605,1,0.0356,0.426,0.0,0.101,0.374,117.817,4,house
61kSPL7U1AmuP4By1WXo9x,Zedd;Maren Morris;Grey,Обратно в клас - pop,The Middle,1,184732,False,0.753,0.657,7,-3.061,1,0.045,0.173,0.0,0.112,0.435,107.013,4,house
3zQlPhRiCTQM6fe0lbTLtl,Disciples,Dance Dance Dance,On My Mind,0,185493,False,0.745,0.845,0,-4.028,0,0.045,0.0826,3.31e-05,0.0577,0.783,122.053,4,house
399aZ7EyH9ARcg1nBkVKFK,R3HAB;Sigala;JP Cooper,Runaway (with Sigala & JP Cooper),Runaway (with Sigala & JP Cooper),47,168196,False,0.617,0.756,3,-5.811,1,0.104,0.213,0.0,0.152,0.432,121.828,4,house
0CaXasBTOik4qmIiAQsEZK,Nathan Dawe;Ella Henderson,Back to School!,21 Reasons,0,155253,False,0.621,0.785,6,-4.499,1,0.11,0.0165,5.92e-06,0.0512,0.779,123.96,4,house
2z7FZQBroe6m4GcJl7Q7eU,Mabel,pov: it's 2019,Don't Call Me Up,0,178480,False,0.636,0.88,9,-2.853,1,0.137,0.296,2.97e-06,0.0793,0.228,98.855,4,house
7fFwjuBFDt8HoVgKdcOoA7,Ella Henderson;Tom Grennan,Hit After Hit,Let's Go Home Together,0,208692,False,0.661,0.486,5,-4.438,1,0.0431,0.454,0.0,0.0994,0.309,78.31,4,house
0sfgF2kM3yrZbkLmAbjSo6,Alok;Zafrir,Vale Vale,Vale Vale,48,193432,False,0.475,0.896,1,-5.696,0,0.0765,0.000332,0.0734,0.429,0.305,133.998,4,house
7otdKb40Sx35ESUDzEdU1p,Kungs,Night Drive Autumn/Winter 2022/23,Never Going Home,0,169946,False,0.839,0.842,0,-4.703,1,0.0392,0.0868,0.0981,0.0548,0.96,122.028,4,house
0gYcGFMdgipfimvC5KvYdm,Clean Bandit;A7S,I'm Blue - Hits of 2022,Everything but You,1,198014,False,0.679,0.764,6,-5.301,1,0.0391,0.031,9.05e-06,0.0951,0.471,124.977,4,house
0e9gtpHaPwQJlYm2NlfJzU,FanEOne,Bre Petrunko,Bre Petrunko,56,247572,False,0.533,0.644,2,-9.843,1,0.229,0.0177,0.0216,0.158,0.366,159.976,4,house
1Jn67dBop9m1of7NrYzmm6,Rudimental;Jess Glynne;Macklemore;Dan Caplen,10's Dance Classics,These Days,0,211760,False,0.654,0.798,0,-4.084,1,0.045,0.188,0.0,0.15,0.576,92.209,4,house
0a3AJFCpS0aGv5hRuLlu6d,James Hype;Kelli-Leigh,Cardio Tracks,More Than Friends,0,140698,False,0.81,0.884,5,-4.583,0,0.0981,0.101,0.0,0.268,0.446,122.994,4,house
16I4GgcIDiTp8AUYsUjTfb,James Hype;Miggy Dela Rosa,Workout Hits 2023,Ferrari,2,186661,False,0.847,0.69,1,-7.877,0,0.0493,0.0127,6e-05,0.0526,0.692,125.004,4,house
2A5wg4aSc7X1Ej2fnOBJ9n,Mabel,Christmas Songs 2022,Loneliest Time Of Year,0,202693,False,0.517,0.609,7,-5.702,1,0.0291,0.0631,0.0,0.106,0.239,92.093,4,house
5KomSS7roeHMj6r3THWiWo,Tiësto;Charli XCX,Cardio Tracks,Hot in It,0,129817,False,0.748,0.841,7,-5.08,1,0.177,0.00445,1.33e-06,0.0413,0.717,123.045,4,house
3HeZam86SuxGp1wZ3XMIjE,Trinix;Queen D,She Said (Big Jet Plane),She Said (Big Jet Plane),71,173750,False,0.808,0.538,0,-10.211,0,0.0608,0.108,0.0743,0.0555,0.416,108.026,4,house
1lrUQn3fJDL2DqDf1EccbZ,Disciples,House Anthems,On My Mind,3,185493,False,0.745,0.845,0,-4.028,0,0.045,0.0826,3.31e-05,0.0577,0.783,122.053,4,house
1rgaSqxIKCgjResN9J4Crl,Anne-Marie,Perfect Christmas Hits,Think of Christmas,0,170306,False,0.546,0.829,6,-5.557,0,0.0769,0.221,0.0,0.139,0.76,90.062,4,house
4op0sQ8BfzRsW4gGGlR7TU,Alok;Au/Ra,Side Effect (feat. Au/Ra),Side Effect (feat. Au/Ra),60,144193,False,0.727,0.712,10,-5.742,0,0.0597,0.192,0.0,0.196,0.515,123.955,4,house
0ooaQGSWjhcuhsDQHrnL7t,Anne-Marie,Holly Jolly Christmas,Think of Christmas,0,170306,False,0.546,0.829,6,-5.557,0,0.0769,0.221,0.0,0.139,0.76,90.062,4,house
1MyWtH2yavuP1AHUi1X7ur,Cheat Codes;Kris Kross Amsterdam,Sex,Sex,61,228360,True,0.604,0.691,0,-5.807,1,0.159,0.00493,0.0,0.125,0.186,105.014,4,house
1dNIEtp7AY3oDAKCGg2XkH,The Chainsmokers;Coldplay,Something Just Like This,Something Just Like This,75,247626,False,0.607,0.649,11,-6.695,0,0.0362,0.0306,2.46e-05,0.174,0.505,102.996,4,house
2gBefHZUvwnZBSRNIxHiKY,Casino Versus Japan,Suicide by Sun,Led Away,10,441172,False,0.304,0.477,4,-14.788,1,0.0356,0.0771,0.9,0.121,0.0639,111.855,4,idm
78Y5gncYyYy9z1fEHRECBu,arai tasuku;World's End Girlfriend,0,0 (Remixed by world's end girlfriend),10,438000,False,0.331,0.597,3,-9.267,1,0.106,0.831,0.204,0.119,0.198,112.511,4,idm
3dOEfI9Ohejs2CLqGUOybc,B12,Electro-Soma II,Ming,9,130456,False,0.712,0.179,4,-11.649,1,0.153,0.928,0.272,0.107,0.398,135.117,4,idm
17I5IcS0nXZb3Gt37m51kp,Freescha,Kids Fill the Floor,My First Robot,14,177866,False,0.45,0.555,4,-15.139,0,0.31,0.544,0.886,0.114,0.208,218.879,4,idm
4ZmLXCBmuMjK5RlCsCHowb,Tineidae,Mothership,Mothership Calls,10,269566,False,0.161,0.24,2,-19.275,1,0.0426,0.872,0.968,0.0887,0.0374,109.161,4,idm
5X6ng9tpM3U2VWccbdZWld,Datassette,Zetex,K-Cloche,9,156141,False,0.903,0.198,7,-16.365,0,0.0619,0.97,0.924,0.109,0.269,113.886,4,idm
4gsOvQW5liOq0uTYAnUpiH,Kettel,Ibb & Obb (Original Soundtrack),Post Hero,11,104285,False,0.447,0.51,2,-11.869,1,0.0355,0.152,0.741,0.278,0.172,169.976,4,idm
1i2AvDjHrb7WyDKSwW07Rn,Bochum Welt,Seafire,Melodie d'Aout - Extended,8,225129,False,0.485,0.875,0,-6.439,0,0.0464,0.000573,0.0168,0.187,0.968,140.686,4,idm
0yQwDOqm8IfdsIQ4mI9NYC,Rival Consoles,Echoes,Echoes,37,331514,False,0.647,0.676,10,-12.66,0,0.0453,0.0232,0.381,0.0528,0.171,121.03,4,idm
0Ha6gINRsYijR1CIAF0ZwY,An On Bast,I Create As I Speak,Back to the Garden,11,391151,False,0.787,0.476,11,-10.911,1,0.266,0.00037,0.914,0.0514,0.144,128.024,3,idm
4DekPa3ZMXJE3jIEm0EB7S,Rei Harakami,red curb,red curb,15,213040,False,0.688,0.713,7,-13.806,1,0.0412,0.0125,0.881,0.128,0.155,111.967,4,idm
587ctTTmgozFfNlVTCXYJ2,Ceephax Acid Crew,United Acid Emirates,Commuter,34,331373,False,0.691,0.959,10,-6.451,1,0.0369,0.0313,0.85,0.332,0.733,125.838,4,idm
41KFonSYU0U0aCbLbS67JB,Serph,Disney Glitter Melodies,Under the Sea,14,233960,False,0.533,0.484,10,-13.175,1,0.0356,0.685,0.501,0.147,0.229,92.982,4,idm
08R9Szs2lIb5FP6XmpTLcs,Seefeel;Autechre,St / Fr / Sp,Spangle - Autechre Remix,10,737040,False,0.332,0.189,9,-18.957,1,0.0621,0.993,0.913,0.0538,0.037,125.336,4,idm
4R1NAT5s9p0xoDtyqfiY75,B12,Time Tourist (Expanded Edition),Infinite Lites (Original Mix),12,407920,False,0.729,0.906,8,-7.364,0,0.0388,0.292,0.834,0.117,0.735,124.86,4,idm
7gnWgUlMOWNzrJdTtiPUqh,Monolake,Ghosts,Afterglow,10,314546,False,0.525,0.34,8,-17.766,1,0.143,0.017,0.911,0.0593,0.226,139.982,4,idm
6ZrZmejpdxfDk3155GTeeV,Kyson,Lucky Notes,Ivory and Coal,0,211074,True,0.316,0.27,9,-13.203,1,0.0318,0.906,0.229,0.361,0.112,82.657,4,idm
0T3ztAdKHMk66hFSrYdtHt,alva noto;Ryuichi Sakamoto,Two (Live at Sydney Opera House),Monomom - Live,11,412133,False,0.258,0.156,7,-20.845,0,0.0351,0.735,0.91,0.0874,0.036,99.929,4,idm
07C2MiIIwVUEqcnwXpHO67,Autechre,Amber,Foil,37,364733,False,0.501,0.365,9,-15.811,0,0.107,0.685,0.942,0.129,0.158,124.066,4,idm
7g6FmZygP9Hiv33Nn1sOOz,Dither;Nolz,Defqon.1 2022,Shockwave,17,259841,False,0.585,0.998,7,1.342,1,0.504,0.0174,0.000199,0.871,0.133,170.005,4,idm
25wa5FAUjjY8w3fXlApBtv,Skurken,De Kalder Mig Skurken,23 I Cellen,9,210102,False,0.638,0.672,3,-7.192,0,0.315,0.412,0.0,0.531,0.786,88.147,4,idm
14FXnHReFEBy1KDFFBPFEo,Rei Harakami,わすれもの,まちぶせ,15,365066,False,0.661,0.676,6,-10.524,1,0.0464,0.214,0.847,0.0813,0.887,120.015,4,idm
2YQYG7jEuFme6ZMRCJCB6L,Monolake,Silence,Null Pointer,11,283560,False,0.426,0.406,8,-16.846,1,0.08,0.329,0.112,0.0954,0.312,137.966,4,idm
3NcYCw6y2MTWr4Cp2lSasb,Rei Harakami,Unrest,after bonus,14,307600,False,0.565,0.776,7,-9.211,1,0.0409,0.794,0.825,0.109,0.399,160.967,4,idm
0ZYQ8J5CmB7EBnFCWwZfaG,Yoko Duo;Stimming,Remixes,Close These Curtains - Stimming Remix,39,416173,False,0.811,0.366,11,-14.884,0,0.0947,0.0274,0.104,0.0337,0.133,121.013,4,idm
4ucqJxMsTSpzhNMBAZykJa,Shantanu Avinashi,Bina Tere Koi Dilkash Nazara Hum Na Dekhenge,Bina Tere Koi Dilkash Nazara Hum Na Dekhenge,46,82314,False,0.445,0.23,4,-11.063,0,0.0409,0.968,0.0,0.102,0.492,83.336,5,indian
40ldoUshlEiOVZdQtdyvO8,Seedhe Maut;Sez on the Beat,Nayaab,Maina,50,228814,True,0.48,0.435,7,-10.399,0,0.0496,0.817,2.91e-05,0.131,0.176,101.195,3,indian
7wKwX3QFmx3icbH7iKVPe4,Kabir Cafe,Panchrang,Matkar Maya Ko Ahankar,54,365672,False,0.796,0.517,1,-6.289,1,0.0257,0.613,1.28e-05,0.138,0.614,107.475,1,indian
25Lek2TM4yypBuC3hyVLMN,Gravero;Dikshant,Aasmaan,Aasmaan,43,173913,False,0.607,0.324,11,-13.045,0,0.0315,0.327,0.000122,0.191,0.38,138.049,4,indian
5tJqtSvAfTJkMrV4Wst4Le,Prateek Kuhad,cold/mess,100 words,52,210420,False,0.518,0.44,3,-14.536,1,0.034,0.888,0.457,0.111,0.575,76.154,4,indian
3A04b0nJb2nAzGUw2rqDsI,Achint,Scam 1992 Theme Music,Scam 1992 Theme Music,54,86206,False,0.516,0.486,4,-11.45,0,0.0249,0.00411,0.277,0.34,0.454,87.045,4,indian
09OgnqJcTVQXiWTjgrkMIz,Pritam;Arijit Singh,Ae Dil Hai Mushkil (Original Motion Picture Soundtrack),Ae Dil Hai Mushkil Title Track,53,269032,False,0.495,0.654,3,-6.639,0,0.0679,0.713,0.0,0.165,0.35,123.896,4,indian
0NHlPYnisv4NcPCa4a6qcG,Sirkazhi Govindarajan,Vinayagar - Murugan Songs Tamil Devotionl -Revival,Vinayagane Vinai Theerpavane Revival,47,184117,False,0.42,0.666,3,-9.957,1,0.077,0.818,0.123,0.377,0.653,99.91,4,indian
2fLNGqqgtVvshXJE6ARsmT,Kritiman Mishra;Arijit Singh;Pritam,Daayre (Lofi Flip),Daayre - Lofi Flip,52,151651,False,0.386,0.486,2,-11.295,1,0.0492,0.0484,0.0,0.0918,0.247,102.955,4,indian
485O86RGOuDLnkfJkICiUC,Pritam;Sreerama Chandra;Arijit Singh;Jonita Gandhi,Brahmastra (Telugu) [Original Motion Picture Soundtrack],Deva Deva (Telugu),20,276964,False,0.559,0.709,0,-7.219,1,0.0396,0.664,0.000119,0.117,0.417,112.01,4,indian
2p9P80g69GvL8fcIaBC7nu,Mohan Kannan,Queen,Kinare,48,212167,False,0.526,0.464,7,-7.767,1,0.0274,0.359,0.00167,0.117,0.165,141.934,4,indian
5XbHpOBN1vTU3hN1YzLqHL,Pritam;Sid Sriram,"Theethiriyaai [From ""Brahmastra (Tamil)""]","Theethiriyaai (From ""Brahmastra (Tamil)"")",63,278377,False,0.562,0.595,0,-7.124,1,0.0314,0.715,0.000166,0.108,0.403,93.993,4,indian
7CDP4uXu6mkBDzaTOx9yTS,Salim–Sulaiman;Benny Dayal;Amitabh Bhattacharya,Ladies Vs Ricky Bahl,Aadat Se Majboor,56,277760,False,0.836,0.629,9,-7.812,0,0.0788,0.359,3.01e-05,0.101,0.801,115.048,4,indian
5qyEyqpT0TBVun8W07MEmR,Anuv Jain,Maula,Maula,57,237882,False,0.327,0.325,7,-11.303,1,0.0297,0.686,0.0,0.12,0.359,84.951,4,indian
6IqtVAAmmFYYyUJ38KzP2E,Avanti Nagral,The Long Way,The Long Way,44,241983,False,0.709,0.575,0,-6.513,1,0.118,0.163,0.0,0.118,0.4,121.079,4,indian
5RmrLfHUfvcStOAUXQr5TJ,Shashwat Singh,Kiska Rasta Dekhe (The Unwind Mix),Kiska Rasta Dekhen - The Unwind Mix,7,287273,False,0.403,0.209,7,-13.908,1,0.0318,0.871,8.97e-06,0.153,0.339,130.856,3,indian
1isR16EatwUWvHB1EaWdT0,Coffeekids;Rohiiieet,Waqt Ki Baatien (Lofi Mix),Waqt Ki Baatien (Lofi Mix),53,92402,False,0.515,0.399,4,-13.534,1,0.039,0.695,4.21e-05,0.372,0.451,90.463,4,indian
3DWkYRm35UkcM1V0icj6lo,Suzonn,Sun Lo Na,Sun Lo Na,43,164173,False,0.713,0.236,1,-13.288,1,0.0373,0.886,0.0,0.091,0.647,139.75,3,indian
585SYEI9JiuPwTifUycHe0,Pritam;Sunidhi Chauhan;Sandeep Shrivastava,New York,Mere Sang,46,388362,False,0.624,0.535,0,-10.531,1,0.0376,0.642,5.31e-06,0.114,0.577,114.867,4,indian
2cYVtBHkrkk7F2qU2Y7Fn0,Pritam;Sunidhi Chauhan;Sameer,Dhoom,Dhoom Machale,48,375118,False,0.778,0.918,11,-5.023,0,0.12,0.055,0.000319,0.348,0.487,101.44,4,indian
2JnZ5Q6YjESfLil5hg7WUT,Divya Kumar,Jai Lava Kusa,Raavana,48,258122,False,0.597,0.892,4,-5.121,0,0.0492,0.145,9.24e-05,0.118,0.634,80.009,4,indian
0rFdbImiFCvAY8jD2aE391,V. Selvaganesh;Karthik;Chinmayi,Kulla Nari Kootam (Original Motion Picture Soundtrack),Vizhigalile,47,301986,False,0.612,0.518,4,-8.888,0,0.19,0.639,8.47e-05,0.0817,0.527,159.894,4,indian
7KKRPM4fUsfCkJnd1zPhHf,Kailash Kher,Best Of Kailash Kher,"Ya Rabba (From ""Salaam-E-Ishq"")",51,418880,False,0.648,0.414,2,-10.933,1,0.0314,0.26,1.72e-05,0.0748,0.583,143.971,4,indian
0xvvQub2aEkFf9ZVVbjFE9,Epr Iyer,Koi Gham Nahi,Koi Gham Nahi,50,171849,False,0.551,0.661,11,-7.304,1,0.14,0.499,0.0,0.174,0.469,160.005,4,indian
0ANM7OVho2pqsFguo832qb,Pritam;Mohit Chauhan;Kausar Munir,Dhoom:3,Tu Hi Junoon,45,303360,False,0.603,0.69,4,-6.725,0,0.0447,0.101,0.0,0.316,0.42,133.968,4,indian
39lOHITmszIVH9WF4Jpbum,Prateek Kuhad,The Way That Lovers Do,Bloom,43,219573,False,0.606,0.488,7,-7.339,1,0.0255,0.597,0.0982,0.184,0.468,81.019,4,indie
5JbvDBWAFvOnlr53Q9cD5P,Suzonn,Humse Khafa,Humse Khafa,44,240914,False,0.493,0.336,10,-9.053,1,0.0265,0.794,0.0057,0.0984,0.378,140.056,3,indie
0YLSjVxSb5FT1Bo8Tnxr8j,Ritviz;Nucleya,Baaraat,Baaraat,66,222096,False,0.678,0.449,4,-9.379,0,0.0869,0.477,0.0,0.536,0.606,100.033,4,indie
040wa7JKXeVWLjkVYHxtQe,Still Woozy,Best Road Trip Pop Tunes,WTF,0,193840,False,0.715,0.496,8,-9.487,1,0.0589,0.648,0.213,0.0741,0.71,76.512,4,indie
2qBE4Crveq4207aZEZymXg,Gershom Penugula,Oh Pilla,Oh Pilla,43,164571,False,0.585,0.445,5,-9.541,0,0.0321,0.541,0.0,0.406,0.603,139.84,4,indie
6EtKlIQmGPB9SX8UjDJG5s,Labrinth,Euphoria (Original Score from the HBO Series),Formula,83,91869,False,0.574,0.664,11,-6.068,1,0.0409,0.0448,0.0553,0.146,0.226,144.654,4,indie
7pNzZIVe1aTino5pgfQtlg,Tribal Rain,Roka Yo Samay,Narisawna,50,287503,False,0.519,0.448,5,-9.387,1,0.0276,0.859,0.011,0.147,0.777,172.049,4,indie
02NLx3HFHZhO2X7zT5e5DH,Stevie Wonder,70s Christmas Party,What Christmas Means To Me - Single Version / Mono,0,148146,False,0.545,0.7,5,-6.961,1,0.0323,0.0982,0.0,0.1,0.799,83.506,4,indie
6YwiqqQ5xoeUkPwrn9cfEw,Seedhe Maut;MC STAN,Nanchaku,Nanchaku,50,193116,True,0.813,0.664,2,-8.793,1,0.318,0.142,0.0,0.173,0.44,140.103,4,indie
64zeTLKn5flc0t74NeApXQ,Karthik Rao;Shilpa Surroch,Please Find Attached - Season 2 (A Dice Original Series),Haari Main Haari,47,163555,False,0.695,0.276,1,-16.612,1,0.0361,0.935,0.00422,0.102,0.398,135.122,4,indie
6osLH2yLhpwuESclKx84sg,When Chai Met Toast,Joy of Little Things,Joy of Little Things,53,239666,False,0.509,0.611,9,-5.786,1,0.0334,0.185,0.0,0.116,0.208,100.155,4,indie
4vLBnQtece15fFhqWxZvJP,Wilbur Soot,Your New Boyfriend,Your New Boyfriend,70,239667,False,0.546,0.453,7,-13.04,1,0.121,0.382,3.9e-05,0.106,0.74,104.532,4,indie
4upxQAhc1XWpCi0nDqRc5x,Ashish Singh Rawat,"Pyaar Mein Tere (From ""Date with College Senior"")","Pyaar Mein Tere (From ""Date with College Senior"")",49,148085,False,0.7,0.422,7,-13.965,1,0.116,0.863,0.0115,0.838,0.633,93.982,4,indie
7mJdz7uNv3jgVSIMkSf8ca,Prateek Kuhad,"Kasoor (From ""Dhamaka"") [Acoustic]","Kasoor (From ""Dhamaka"") - Acoustic",53,213306,False,0.468,0.104,6,-14.49,1,0.0336,0.895,0.00179,0.114,0.453,95.852,4,indie
0snQrp1VaY5Pj1YIHRJpRJ,Aditya A,Chaand Baaliyan,Chaand Baaliyan,81,103264,False,0.729,0.396,0,-8.98,1,0.0359,0.796,0.0,0.104,0.886,97.281,4,indie
4yNk9iz9WVJikRFle3XEvn,JVKE,this is what falling in love feels like (554Hz),golden hour,66,209259,False,0.515,0.593,4,-4.801,1,0.0322,0.653,0.162,0.25,0.153,94.467,3,indie
4blPH3Uy89WnOnYlIv7Ev4,Penelope Scott,Public Void,Rät,76,194165,True,0.609,0.449,5,-13.291,0,0.249,0.326,0.000115,0.147,0.309,143.854,4,indie
54zCdkbIALAnv8Ihi3XWlD,José González,Frühstücksmusik Herbst/Winter 2022/2023,Stay Alive,0,266906,False,0.714,0.306,6,-12.111,1,0.0388,0.726,0.168,0.0924,0.314,129.984,4,indie
78iVPIyFgGjQ0g0TmDWYtQ,Maribou State;Holly Walker,Tongue EP,Tongue,64,304825,False,0.569,0.521,10,-10.183,0,0.0839,0.514,0.00469,0.0962,0.143,115.055,4,indie
3dD9yyYTQ73SZvyOygyKva,Whethan;Dua Lipa,Fifty Shades Freed (Original Motion Picture Soundtrack),High (& Dua Lipa),67,196706,True,0.708,0.552,10,-5.552,0,0.21,0.0922,0.0,0.0541,0.686,147.834,4,indie
2fU4JsAoRiOam2azK907yb,Stevie Wonder,Halloween 2022,Superstition - Single Version,0,244826,False,0.637,0.745,8,-8.607,1,0.0748,0.0173,0.000554,0.0372,0.859,100.384,4,indie
7staPerb0ZxnCz5MXHDYC3,YUNGBLUD,Halloween Party 2022,The Funeral,0,211197,True,0.576,0.869,7,-4.339,1,0.0339,8.57e-05,7.1e-05,0.0573,0.746,92.538,4,indie
4FjGjFQoSU3ZiTWDEKF3NO,Owl City,CHRISTMAS TOP HITS 2022,Peppermint Winter,0,240560,False,0.451,0.803,0,-4.932,1,0.0398,0.208,0.0,0.0764,0.145,153.95,3,indie
3gkwsu7aHT9WLFkl2Q0RPX,Stevie Wonder,Soul Christmas Greatest Hits,Someday At Christmas,0,170746,False,0.259,0.514,5,-6.726,1,0.0365,0.649,0.0,0.11,0.222,67.644,5,indie
62xTWuLB2JucUM9lCmr7kj,Ritviz,Mimmi,Aas Paas,47,98412,False,0.633,0.452,7,-9.119,1,0.0531,0.0162,0.151,0.169,0.402,114.058,4,indie
3QGppKBPd9gHOgHJzRbVIw,G-Eazy;blackbear,Hate The Way (feat. blackbear),Hate The Way (feat. blackbear),59,214363,True,0.569,0.865,4,-3.844,0,0.266,0.0673,0.0,0.312,0.361,82.011,4,indie-pop
6ZahaGPhyiXTi1pLEtGM6e,bülow,Sweet Little Lies,Sweet Little Lies,62,175066,True,0.648,0.727,0,-3.791,1,0.142,0.229,0.0,0.17,0.689,160.024,4,indie-pop
6edmuLPWQ37plKe8WwfN0e,Maisie Peters,All Bops,This Is on You,0,195253,True,0.715,0.508,7,-6.899,1,0.0889,0.56,0.0,0.124,0.274,95.981,4,indie-pop
1SRgxDKsqy9FiCVQp1DE4I,Maisie Peters;James Bay,Human - Best Adult Pop Tunes,"Funeral (From ""Trying: Season 2"")",0,154013,False,0.497,0.53,2,-5.853,1,0.0433,0.325,0.0,0.0921,0.231,149.387,4,indie-pop
0KpAm8TtyHPZmxdPO7npYO,david hugo,Blossom Hill,we made it.,59,164662,False,0.653,0.515,5,-7.906,1,0.267,0.0706,0.0,0.0756,0.674,176.05,4,indie-pop
6L1V0LvpXBJ7QptKuLUj3v,awfultune,redesign,redesign,66,148548,True,0.795,0.507,10,-7.188,1,0.0332,0.542,6.83e-06,0.116,0.784,120.009,4,indie-pop
01MVOl9KtVTNfFiBU9I7dc,Tyrone Wells,Days I Will Remember,Days I Will Remember,58,214240,False,0.688,0.481,6,-8.807,1,0.105,0.289,0.0,0.189,0.666,98.017,4,indie-pop
39lOHITmszIVH9WF4Jpbum,Prateek Kuhad,The Way That Lovers Do,Bloom,43,219573,False,0.606,0.488,7,-7.339,1,0.0255,0.597,0.0982,0.184,0.468,81.019,4,indie-pop
755inykyaG4w22GWAsA3MX,Lonely God,Marlboro Nights,Marlboro Nights,76,68522,False,0.466,0.823,2,-6.635,1,0.311,0.00237,0.000321,0.332,0.782,175.797,4,indie-pop
3DamFFqW32WihKkTVlwTYQ,Owl City,Ocean Eyes,Fireflies,79,228346,False,0.512,0.662,3,-6.797,1,0.0439,0.0275,0.0,0.118,0.472,180.114,4,indie-pop
0YwBrYaPYYc8e18ZYkqhJc,The Knocks;Rivers Cuomo;Royal & the Serpent,Am I Ready - Pop Night Out,Sound the Alarm,0,171587,False,0.688,0.788,5,-3.064,0,0.0436,0.0164,0.000306,0.541,0.774,101.006,4,indie-pop
2SsneDqgO7ZSi6Ktw5RbrV,The Marías,rainy day indie,We're the Lucky Ones,0,215933,False,0.37,0.184,4,-12.637,1,0.0302,0.969,0.00119,0.101,0.0581,86.834,3,indie-pop
0pdKRp2sUthTPe7RLWpPqQ,flora cash,You're Somebody Else,You're Somebody Else,75,218883,False,0.713,0.452,1,-9.638,1,0.0295,0.841,0.0038,0.105,0.235,102.963,4,indie-pop
3cbSwpMhYwcwijm3d0J1uJ,Ritviz,Mimmi,Taj,49,169508,False,0.67,0.685,1,-9.029,0,0.0631,0.278,3.56e-06,0.103,0.689,159.942,4,indie-pop
6MpCaSIOfqBqbMED4kXgNY,Beach Bunny,Prom Queen,Prom Queen,82,136562,False,0.528,0.797,4,-7.487,1,0.0485,0.000391,0.011,0.14,0.751,143.785,4,indie-pop
2WncD1WUkjOeZz3FcbpP8b,salem ilese,Santa Claus Is Coming To Town,Marry Christmas,0,162009,False,0.541,0.753,0,-6.512,1,0.0511,0.0677,0.0,0.108,0.572,149.743,4,indie-pop
4R8VBRb5nKbEfi1EIA2B7p,Zaeden;Hanita Bhambri,Genesis 1:1,KTMBK,60,154434,False,0.898,0.435,6,-8.834,1,0.0489,0.555,0.0,0.139,0.836,115.034,4,indie-pop
6EtKlIQmGPB9SX8UjDJG5s,Labrinth,Euphoria (Original Score from the HBO Series),Formula,83,91869,False,0.574,0.664,11,-6.068,1,0.0409,0.0448,0.0553,0.146,0.226,144.654,4,indie-pop
16YZbdkJtyvsjV8UKOwQBB,"Car, the garden","Hometown Cha-Cha-Cha, Pt. 1 (Original Television Soundtrack)",Romantic Sunday,57,230338,False,0.651,0.661,7,-7.322,1,0.026,0.488,0.00422,0.315,0.762,118.017,4,indie-pop
6qkoo6SQru2khgh87tarNT,Anupam Roy,Dwitiyo Purush,Aamar Motey,39,223066,False,0.75,0.373,0,-12.031,1,0.0285,0.755,0.022,0.117,0.61,105.045,4,indie-pop
5A8jUZatix87xG0Zj6HSKG,The Cab,Symphony Soldier,Angel With a Shotgun,63,223092,False,0.543,0.84,2,-5.121,1,0.0499,0.00471,0.0,0.179,0.394,124.037,4,indie-pop
2f0pn9DkEJwAzXApnFh5cr,BANNERS,Where The Shadow Ends,Someone To You,77,219801,False,0.52,0.903,2,-5.497,1,0.042,0.00517,0.0,0.254,0.652,74.988,4,indie-pop
18jI2Eg2XpQ06sjOLLymBM,Briston Maroney,All Out Alternative,Paradise,0,164466,False,0.477,0.93,1,-2.347,1,0.051,0.0185,0.0,0.202,0.779,150.072,4,indie-pop
0SpkyS1Q4MD8GaVcP5YjT4,Cigarettes After Sex,Cigarettes After Sex,Sunsetz,78,215150,False,0.405,0.479,5,-9.396,1,0.0301,0.0527,0.795,0.0974,0.131,75.37,4,indie-pop
1ujxjsoNvh4XgS2fUNwkZ2,Beach House,Depression Cherry,Space Song,73,320466,False,0.509,0.79,0,-7.105,0,0.0293,0.218,0.125,0.144,0.625,147.073,4,indie-pop
01zyNwxTMWiqcXUjyijcVR,Wednesday 13,Post-Millennial Noise,Bad Things,0,217560,True,0.449,0.978,0,-2.56,1,0.0757,0.00542,2.32e-06,0.0927,0.548,132.4,4,industrial
67VWcesScZvjGPpyXSDSSW,Combichrist,Everybody Hates You,feed your anger,20,289986,False,0.586,0.986,4,-7.549,0,0.061,0.092,0.123,0.316,0.248,109.995,4,industrial
3MBcaBv5QE0r93kFG9PWfG,Samael,Ceremony of Opposites,Flagellation,24,221546,False,0.353,0.973,1,-6.297,1,0.0787,1.31e-05,0.708,0.104,0.286,118.021,4,industrial
0pe1PTdtP19PENzeRujrjk,Angelspit,Krankhaus,Wreak Havoc,24,273693,True,0.666,0.974,10,-3.502,0,0.209,0.0266,2.27e-05,0.377,0.113,100.025,4,industrial
7Fu7RDsJZAZtk4NJHLjKj7,Marilyn Manson,West of Memphis: Voices For Justice,You're So Vain,26,241146,False,0.526,0.794,9,-5.761,0,0.0556,0.00157,0.091,0.188,0.358,110.044,4,industrial
7nbyPn5vTUttoFhdaW6iqN,Celldweller,Satellites,Baptized in Fire,30,361165,False,0.536,0.95,2,-4.671,1,0.0761,7.74e-05,0.00177,0.182,0.458,103.011,4,industrial
0G5RmMCg44lYXCCg9EJ7qe,DevilDriver,"Outlaws ’Til The End, Vol. 1",Copperhead Road,29,215382,False,0.391,0.917,2,-4.973,1,0.063,0.000137,0.000362,0.34,0.245,95.364,4,industrial
29Wu7UtEChV3I6hM8ySwi0,Numb,Kəmfərtəbəl,Numb-Ers,24,297922,False,0.507,0.368,7,-13.102,0,0.0392,0.621,0.841,0.092,0.0674,180.086,4,industrial
1Mf4ZMtbgDrFYvv1QZ69gm,Nonpoint,Metal,In the Air Tonight,0,271240,False,0.562,0.808,0,-4.836,1,0.0462,0.0118,0.158,0.137,0.196,99.956,4,industrial
2XeApaynFKxg3wtfLKqYsa,Ministry,Trax! Box,Same Old Madness (Video Version),24,219726,False,0.559,0.853,4,-8.594,0,0.275,0.0158,0.00984,0.116,0.811,201.759,4,industrial
0sDiCaxE8xmytubZFTqLK2,Celldweller,FiXT Presents: Sinister Sounds,When Your Walls Fall,5,308199,False,0.465,0.568,2,-8.231,1,0.0339,0.00427,0.871,0.109,0.0273,95.012,4,industrial
4UyqpXNMLdzQYQ2CtZ0VDK,Niki Istrefi,BRV001,Worldspawn,36,443350,False,0.539,0.903,1,-12.594,1,0.0472,0.0497,0.849,0.119,0.0373,153.039,4,industrial
6Vs53ujCYKgv2OHfFU0FrU,Skinny Puppy,Rabies,Tin Omen,22,278466,False,0.66,0.83,11,-13.518,0,0.0573,0.000879,0.0266,0.371,0.514,125.369,4,industrial
6mwuLb8sCidiHPtpQPR7z7,Meat Beat Manifesto,99%,Psyche-Out,23,284533,False,0.568,0.908,10,-12.43,0,0.0546,0.00236,0.31,0.0675,0.814,115.586,4,industrial
4GtWn0Wi0TnHYPbVmjaTVQ,VNV Nation,Transnational,Aeroscope,25,287067,False,0.561,0.756,7,-6.473,1,0.0388,2.56e-05,0.786,0.362,0.199,110.003,4,industrial
3lCPFaMP10bUxYGnLlMCq0,CKY,"Camp Kill Yourself, Vol.1",The Human Drive (in hi-fi),31,200520,False,0.337,0.898,7,-8.282,1,0.0369,0.000141,0.578,0.0895,0.614,136.864,4,industrial
2zTXd81kS4LdLU97AnBnMo,Spineshank,Metal,New Disease,0,194733,True,0.566,0.909,7,-4.184,1,0.0637,5.81e-05,0.000254,0.0981,0.275,121.979,4,industrial
1vCZDcHV3VaL14O01iUQVQ,Machine Head,ØF KINGDØM AND CRØWN,UNHALLØWED,56,389947,True,0.511,0.978,7,-3.867,1,0.0654,0.000185,0.000893,0.308,0.233,115.046,4,industrial
0Pzqc04oyMzJWyx4TlZczB,Rob Zombie,Hellbilly Deluxe 2 (Special Edition),Theme for an Angry Red Planet,22,92306,False,0.635,0.326,5,-10.735,1,0.0364,0.0236,0.699,0.245,0.231,94.926,4,industrial
7LGO7lhkvLK0tuul9FTapc,Snake River Conspiracy,Sonic Jihad,Act Your Age,20,266626,False,0.615,0.976,9,-1.961,1,0.0673,0.257,0.0205,0.588,0.583,129.921,4,industrial
6DDZWd2rlvdK2h0q1dNjye,Marilyn Manson,WE ARE CHAOS,WE ARE CHAOS,48,240213,True,0.373,0.857,0,-3.546,1,0.0528,0.000999,0.00138,0.408,0.235,137.084,4,industrial
1QcYkVyP0dJb8eUtiVlxVz,Psyclon Nine,Use Once and Destroy,Use Once and Destroy - Version - Dismantled,26,189513,False,0.451,0.848,1,-7.999,1,0.0687,3.35e-05,0.207,0.335,0.148,180.074,4,industrial
4OvyV484U9sTbeHN9Ki1Gq,VNV Nation,Futureperfect,Epicentre,33,385280,False,0.711,0.727,10,-8.014,0,0.0517,0.0533,1.19e-06,0.454,0.614,125.0,4,industrial
09OfKHEB6AK8tDvcb9T6oN,Deathstars,The Perfect Cult,Bodies,21,276600,False,0.549,0.957,2,-5.38,1,0.0752,0.00155,0.24,0.34,0.175,115.044,4,industrial
6OSVqTKdYoj5jrbCCNPxRR,CKY,An Ånswer Can Be Found,Dressed In Decay,26,195933,False,0.447,0.865,9,-6.056,1,0.039,4.07e-05,0.1,0.321,0.597,118.382,4,industrial
1NK2LYai2zmVhQRJ7nDgIC,Cursed Kingdom,The Wasteland,Claw of Death,0,218045,False,0.226,0.942,1,-7.104,1,0.0798,2.51e-06,0.73,0.769,0.0372,195.107,4,iranian
2xxlX2CNnfPU1RPDckWLPR,Crows in the Rain,"You Walked with Me Then, Before Night or Day",We Were in the Backseat,12,412116,False,0.133,0.108,4,-23.546,0,0.0364,0.944,0.932,0.0774,0.0336,79.297,4,iranian
1Hm359hrqN0bRPUdwS0P21,Alireza Mashayekhi;Djamchid Chemirani;Keyvan Chemirani,Sheherazade,Zendani,0,101800,False,0.542,0.0974,9,-30.88,1,0.298,0.929,0.000736,0.11,0.432,83.478,5,iranian
0y6lN5BDrBU5OpDetbGVzg,Leila Bela,Angra Manyu,V-9,0,162440,False,0.379,0.0231,0,-25.888,1,0.0551,0.991,0.0738,0.063,0.187,89.213,4,iranian
5vGRklKftxaxFOZzHfz1gm,Porya Hatami,Kani + Remixes,Kani (Night),7,440795,False,0.252,0.142,11,-20.071,0,0.0438,0.99,0.964,0.0849,0.0576,115.781,4,iranian
1EXc4lSFTbktmqWksJLgke,Nyctalllz,Visions of Darkness: Volume II,The Curse of the White Demon,1,415517,False,0.237,0.38,2,-14.322,1,0.0358,0.599,0.875,0.174,0.0464,112.65,4,iranian
6ClAnV6RJd2If9Q6ocI6tB,Farzad Golpayegani,Eight,Bliss,4,331665,False,0.537,0.957,11,-4.69,0,0.0457,0.00146,0.895,0.325,0.799,138.001,4,iranian
26f5mnEGCvDAAJk05Bhi8K,Trivax,Sin,You Better Be Burning,0,232595,False,0.227,0.986,1,-5.605,1,0.0897,4.32e-06,0.821,0.283,0.199,94.809,1,iranian
79RqP2xmjoIRQ8nqNCG3nr,Integral Rigor,Alast (Instrumental Version),The Devil Inside - Instrumental Version,0,279327,False,0.179,0.939,7,-4.621,1,0.216,0.000118,0.84,0.122,0.116,194.522,3,iranian
4bjb0FlAv0LS2agVDxW9eN,Rojin Sharafi,Zangaar,Baadaabaad,0,290000,False,0.4,0.415,7,-13.288,0,0.16,0.839,0.362,0.111,0.0383,88.553,1,iranian
0R3cSX6kmv7xMWwPeYNe5e,Atria,Reincarnation,Reincarnation,0,247500,False,0.471,0.978,6,-3.737,1,0.107,1.07e-05,0.00234,0.379,0.19,130.02,4,iranian
3hTbZfEiLxWgaaH1Ld03ja,Alireza Mashayekhi;Layla Ramezan,"Mashayekhi: Sheherazade ""Layla Ramezan Plays 100 Years of Iranian Piano Music, Vol.2""",The Fury,0,129000,False,0.377,0.0554,10,-20.891,1,0.0518,0.969,0.755,0.0595,0.066,140.067,5,iranian
2z1tniJIRhcJQTUEGO6yQ4,Sabke Morde,PeeranSal,Marha,0,182531,False,0.609,0.867,2,-5.218,1,0.0319,0.479,0.00953,0.596,0.147,96.017,4,iranian
5nxmwuDelvrQPTofGhF6nk,From The Vastland,Kamarikan,Kamarikan,0,360875,False,0.289,0.539,10,-7.317,1,0.15,0.000126,0.916,0.111,0.0391,119.898,4,iranian
2I6hAxUD8ArkrKc2uq8sE6,Chaos Descent,When Life Leads Us to Death,Reek of the Pigs - Original Mix,0,278094,False,0.543,0.928,7,-4.922,1,0.0568,0.000278,1.77e-06,0.34,0.298,100.01,4,iranian
7vkjZKo6RfBXrlRqYS48aN,Kiawasch Sahebnassagh,Waran,Frozen Moment(Moment Gele) 1999-2000,0,1121226,False,0.292,0.258,10,-20.155,0,0.0642,0.485,0.0556,0.143,0.0699,89.504,4,iranian
0n49DnBtPTD0DwpNHLrREI,XERXES THE DARK,Tomb of Seers,Ethereal,6,340460,False,0.0615,0.157,9,-21.333,1,0.0337,0.524,0.785,0.111,0.0318,66.906,4,iranian
0kYxGkYQwIW9TY7L4DOB00,Alphaxone;Dronny Darko,Forsaken,Dissolution of Thought,6,297521,False,0.161,0.297,5,-25.731,0,0.0572,0.91,0.897,0.102,0.0387,108.598,3,iranian
4WGxNQg4whPTRYGhVNCT6T,Deathtune,Original Sin,Human Puppet,0,262032,False,0.27,0.955,6,-3.762,1,0.0973,3.3e-05,0.000578,0.0724,0.113,160.041,4,iranian
6RQ3YBlaRCfup42Pyq3uxv,Soheil Soheili;Sina Shoaie,Re-listening Live in Cafe Baz,Simple - Live,0,374000,False,0.181,0.351,9,-21.483,1,0.0515,0.893,0.952,0.115,0.241,112.707,4,iranian
0bIrcwIgsmq1vB2SNvP68C,Azhirock,Lucifer : Annihilated,Annihilated Lucifer,1,214455,False,0.548,0.946,4,-6.376,0,0.0746,0.00671,0.000685,0.265,0.411,180.049,4,iranian
6C54oije9rHz4dxgGi0Q0Q,Kiawasch Sahebnassagh,Schlaflied unter der Ruine(Lalai zir-e Avar) - Music fur Ensemble & Computer,Musik fur Computer:Filmmusic fur OUTER SPACE,0,554440,False,0.36,0.543,1,-14.68,1,0.556,0.352,0.0344,0.312,0.0864,77.043,4,iranian
4jGpQgN8N0coixYr14tXyI,Alireza Mashayekhi,Happy Electronic Sounds,"Autonom III, Op. 10",0,257410,False,0.461,0.438,5,-15.467,0,0.644,0.667,0.000873,0.13,0.0659,147.657,4,iranian
1qXj26IIx1XlLxjF5lkL04,Siavash Amini,TAR,Face On The Sand,0,335094,False,0.0704,0.623,10,-13.286,1,0.3,0.144,0.872,0.0575,0.0376,76.949,3,iranian
61rTqYnlQ9sstIpuJc0G6s,Aruman,Noise A Noise 19.4,Thronium,0,183000,False,0.383,0.454,2,-22.056,1,0.081,0.932,0.777,0.11,0.0593,118.984,3,iranian
53rvxSNmKhy7wMAAygyYWr,Masicka;Stefflon Don,438,Moments,54,183092,True,0.772,0.658,1,-5.612,0,0.226,0.0622,0.0,0.0997,0.16,129.345,5,j-dance
6phrMQegviYMfhPfEr1A18,Jahvillani;Countree Hype,Nudity,Nudity,18,148174,True,0.884,0.599,11,-7.544,0,0.154,0.386,0.0,0.225,0.684,105.021,4,j-dance
2MambWcS8EoNCYgPEZqJZi,6t6;Big Smoak,Feel So High,Feel So High,34,164519,False,0.579,0.738,9,-12.826,0,0.469,0.713,0.0,0.17,0.756,101.672,4,j-dance
32gehsgydtzGss4ZxP13aR,Vybz Kartel,Riddim Driven: Shaddowz,My Scheme,21,209146,False,0.614,0.842,10,-5.412,0,0.298,0.472,0.0,0.181,0.635,140.004,4,j-dance
4NRTf9CDOd5hLuh8fbISyl,Elephant Man,Dance & Sweep! - Adventures Of The Energy God,Let Me Be The Man,21,221413,True,0.54,0.803,8,-4.09,1,0.256,0.0715,0.0,0.129,0.805,169.845,4,j-dance
3ESSGgWzRf1xvP7G5hHMhB,Fetty Wap,Fetty Wap (Deluxe),Again,68,312240,True,0.748,0.733,11,-4.421,0,0.072,0.0062,0.0,0.329,0.291,93.019,4,j-dance
0W1OeXDPntUH0BeyJtE9UM,Fetty Wap;Monty,Fetty Wap (Deluxe),Jugg (feat. Monty),51,200253,True,0.635,0.721,10,-4.811,0,0.049,0.0324,0.0,0.222,0.499,148.064,4,j-dance
4IGacIfNwkGmpEal7ZuSXm,LOZAREENA,飛べないニケ,Crazy life,19,210413,False,0.569,0.693,7,-6.627,1,0.253,0.483,0.0,0.13,0.369,79.615,4,j-dance
4lNlpSis9yqTpltXzCl7j5,Spice;Sean Paul;Shaggy,Reggae Gold 2021,Go Down Deh (feat. Shaggy and Sean Paul),30,154744,False,0.738,0.768,2,-5.111,1,0.143,0.101,3.07e-05,0.212,0.592,179.978,4,j-dance
3ThlyeP5Ojwsc4xjyooleh,High Contrast;Callum Beattie,Night Gallery,Come Together,21,290306,False,0.527,0.79,0,-5.327,1,0.0313,0.00666,0.524,0.118,0.355,150.016,4,j-dance
6xfhjg8CsugU9JFCgcQPyY,Jahvillani;Prince Swanny,First Class Flight (feat. Prince Swanny),First Class Flight (feat. Prince Swanny),19,223401,False,0.807,0.701,8,-3.387,0,0.129,0.05,0.0,0.132,0.533,95.987,4,j-dance
7oNkfgXQ8vkprDPQFDsxUS,Popcaan;Louie Vito,New Money - Single,New Money,20,173333,True,0.494,0.63,7,-7.543,1,0.344,0.104,0.0,0.167,0.667,179.304,5,j-dance
6rUQrLcM0TCdSSk55Q3BCN,Jah Vinci,Pretty Like a Rose,Pretty Like a Rose,25,183300,True,0.605,0.363,8,-8.812,1,0.248,0.27,2.1e-05,0.13,0.248,110.006,4,j-dance
3QuH98etXysoPyuRqrAUms,Vybz Kartel,Pon Di Gaza 2.0,Mother in Law,25,152440,False,0.615,0.829,7,-6.577,1,0.419,0.0293,0.0,0.255,0.575,121.214,5,j-dance
10l4eK1EkaXCV5xHfx0jgd,Pamputtae;Bounty Killer;Esco Da Shocker,Set Right,Set Right,10,183672,True,0.698,0.724,1,-5.577,1,0.448,0.137,0.0,0.326,0.849,126.554,5,j-dance
1c7w0G7N7432XZLmlcpzlb,Chronic Law,Murdera,Murdera,28,178700,True,0.548,0.605,9,-7.825,1,0.314,0.651,3.86e-06,0.191,0.35,114.178,5,j-dance
447TS5k0EHKAV6KFKzHmqM,Chronic Law,Fall in Love,Fall in Love,23,159346,True,0.588,0.588,6,-4.412,0,0.122,0.197,0.0,0.0599,0.349,90.409,4,j-dance
7HZB45aTTZaJJfno7wWXS6,Ryuji Imaichi,RILY’S NIGHT -百合演夜-,辛,29,300300,False,0.674,0.513,1,-6.53,1,0.0887,0.437,0.0,0.0818,0.63,67.524,4,j-dance
4GfDV5KQFbnPP5RXOm9KQf,AMARIA BB,What's Done in the Dark,Secrets,45,172160,True,0.561,0.4,6,-5.996,0,0.146,0.769,9.16e-06,0.1,0.359,107.954,4,j-dance
4QUzCpm1bKr6CR4P6F03wA,Charly Black,Flavor Riddim,Hold Me,22,126556,False,0.604,0.689,2,-5.518,1,0.251,0.307,0.0,0.538,0.479,137.214,5,j-dance
7JRiMZd8uYb5tTL9hMXLk6,Rygin King,Scheme House,Scheme House,18,156084,True,0.72,0.678,9,-5.487,1,0.185,0.695,0.0,0.111,0.489,125.25,5,j-dance
3lPB7a2BWTbk3LHlkUL3Br,TEMPURA KIDZ,みんなのだんすうた,すいみん不足,19,270853,False,0.61,0.902,7,-4.328,1,0.0744,0.00778,0.00017,0.339,0.73,143.042,4,j-dance
5qLZimSSfR8ZaU2KGmx8HZ,Kiprich,Martial Arts (Part 1),Badness,22,212666,False,0.709,0.922,10,-4.518,0,0.364,0.104,0.0,0.176,0.962,127.71,5,j-dance
6tECMQ7VYmJMch6id84hGI,Vybz Kartel,So Much Gal,So Much Gal,19,156969,True,0.621,0.634,5,-5.751,0,0.259,0.192,0.0,0.0877,0.339,173.924,4,j-dance
0fRLrGPX88oWIXMMt68GtR,Beenie Man,The Doctor,The Doctor,29,224026,False,0.836,0.525,7,-11.328,1,0.318,0.0198,0.0,0.341,0.716,100.0,4,j-dance
1vz8TjQDnWUBebDuvatD3Z,Kyary Pamyu Pamyu,Kyary Pamyu Pamyu Songs for Music Festival - フェスで聴きたいきゃりーぱみゅぱみゅ,Fashion Monster - Extended Mix,21,295573,False,0.457,0.967,1,-3.705,1,0.0693,0.00897,0.00391,0.109,0.441,160.021,4,j-idol
51mUEPMWDXgQLYaQhDVTJC,BABYMETAL,BABYMETAL,Catch Me If You Can,44,233946,False,0.383,0.97,7,-3.412,1,0.15,7.55e-06,0.693,0.129,0.132,180.089,4,j-idol
2mlOrrrABPIHbasf04hvtO,Mariya Takeuchi,REQUEST (30th Anniversary Edition),Good bye - Previously Unreleased,20,248040,False,0.518,0.517,5,-6.681,1,0.0275,0.18,2.95e-05,0.136,0.192,136.245,4,j-idol
1NbrPB2bRBspGjeMCDkNWr,Shiritsu Ebisu Chugaku,エビクラシー,春の嵐,18,274053,False,0.506,0.948,6,-2.959,1,0.116,0.0362,2.32e-06,0.0769,0.324,99.941,4,j-idol
4c5lXuMiNMbx6UHmyNCEHU,Nogizaka46,バレッタ TypeA,私のために 誰かのために,19,314733,False,0.552,0.678,8,-3.676,1,0.0294,0.744,0.0,0.234,0.6,119.973,4,j-idol
6VNucEJbu8TNQQAEFYgvKW,Keyakizaka46,真っ白なものは汚したくなる (Complete Edition),青空が違う,21,291786,False,0.524,0.92,8,-4.514,1,0.0378,0.0425,0.0,0.309,0.77,157.047,4,j-idol
4ncQ5OYUG1Rix2mAnOXZg8,Seiko Matsuda,BIBLE,瑠璃色の地球,22,264493,False,0.444,0.144,1,-18.376,1,0.039,0.777,7.09e-06,0.0841,0.213,175.761,4,j-idol
5MOwhOXCmHeR1muBCBgbRg,AKB48,神曲たち,マジスカロックンロール,20,221000,False,0.51,0.996,8,-3.512,1,0.108,0.000287,0.00947,0.337,0.556,141.983,4,j-idol
41fgoMv0AG7PutmaU7NLZn,NMB48,世界の中心は大阪や~なんば自治区~ (通常盤Type-M),ピーク,20,274453,False,0.534,0.958,1,-3.318,1,0.0968,0.269,3.62e-05,0.331,0.663,137.976,4,j-idol
1c6C2wg7PRbPBRRUaEvheC,Kyary Pamyu Pamyu,ぱみゅぱみゅレボリューション,PONPONPON,55,242826,False,0.634,0.988,4,-0.201,1,0.043,0.0469,0.000684,0.495,0.91,128.022,4,j-idol
5Rw16RkNE8lrsiyZJ1yghf,Shiritsu Ebisu Chugaku,Major Debut 10th Anniversary Album 中吉,YELL (中吉 ver.),24,312080,False,0.455,0.978,7,-3.009,1,0.163,0.00744,0.0044,0.329,0.543,189.958,4,j-idol
2plSrvu5lYxdL0x7hsMBnM,Hysteric Panic,666 (TRIPLE SICK'S),Love it!,20,262560,False,0.363,0.917,5,-5.257,1,0.169,0.000452,0.000195,0.335,0.288,160.87,4,j-idol
3HJNWDEZkH8OObbXGa4kkv,Shiritsu Ebisu Chugaku,MUSiC,曇天,17,218346,False,0.602,0.861,9,-4.019,1,0.063,0.0243,0.0019,0.202,0.536,133.944,4,j-idol
1WPEMl7CzDIg6dgWbwhvsD,AKB48,ラッキーセブン,ラッキーセブン,24,221666,False,0.542,0.935,9,-6.574,1,0.0457,0.206,1.4e-06,0.295,0.537,131.008,4,j-idol
14SMmOnqGc9VhUWqqCyzfD,Keyakizaka46,走り出す瞬間 (Complete Edition),W-KEYAKIZAKAの詩,18,308293,False,0.635,0.906,4,-4.151,1,0.037,0.465,0.0,0.336,0.895,122.975,4,j-idol
0ClJQzUUV1b0UZzLf6iYCI,Momoiro Clover Z,祝典,月色Chainon ももいろクローバーZ ver.,20,261133,False,0.64,0.888,9,-4.121,0,0.0503,0.00975,0.0,0.106,0.598,127.985,4,j-idol
3WfZC7nM0z2E7ztnjYv6te,Nogizaka46,僕だけの君 〜Under Super Best〜,ここにいる理由,31,235853,False,0.495,0.834,6,-4.449,0,0.104,0.132,0.0,0.106,0.519,174.922,4,j-idol
1NTvMdM5cJyHpTSuy1etvZ,fishbowl,平均,平均,21,221246,False,0.694,0.889,8,-4.498,0,0.0402,0.0557,0.0,0.11,0.853,128.029,4,j-idol
4j4gCZLJXa1C5eU9E5tXcD,Seiko Matsuda,赤いスイートピー,赤いスイートピー,22,219800,False,0.599,0.423,7,-7.887,1,0.0235,0.609,0.0,0.0754,0.461,83.809,4,j-idol
37yHxMij3cpN8SdO915LUI,AKB48,次の足跡 Type A <初回限定盤>,恋するフォーチュンクッキー,50,285186,False,0.681,0.936,2,-3.551,1,0.0471,0.259,1.53e-06,0.32,0.924,121.986,4,j-idol
0ufGQBcdHsg96a1I1G56KM,ROTTENGRAFFTY,So...Start,今夜はブギー・バック nice vocal,22,311000,False,0.693,0.8,4,-3.575,0,0.0666,0.122,0.0,0.115,0.859,110.027,4,j-idol
2rR0K8eBQG6tOxZcxAPJKG,Seiko Matsuda,SEIKO STORY〜80's HITS COLLECTION〜,ガラスの林檎(SEIKO STORY〜80's HITS COLLECTION〜),34,238893,False,0.629,0.527,5,-6.863,1,0.0244,0.63,0.0,0.0644,0.238,93.362,4,j-idol
7yCP2A4xy9aqDvmofQCPEx,NMB48,難波愛~今、思うこと~ (Type-N),夢に色がない理由/Team N,19,255645,False,0.503,0.806,7,-3.979,1,0.0321,0.287,0.0,0.581,0.394,139.958,4,j-idol
46MhfQQxeAHPhycIbDs9Gc,MAX,EMOTIONAL HISTORY,一緒に・・・,34,314666,False,0.663,0.833,8,-5.432,0,0.0284,0.0159,0.000828,0.32,0.698,116.074,4,j-idol
0JP0A0QQNqQLfJw9k62PK0,Flower,F,Boyfriend -partⅡ-,24,301120,False,0.694,0.737,6,-6.355,1,0.0523,0.433,0.0,0.206,0.74,129.957,4,j-idol
4o1s691Qn6lUmFh1Bl28NG,EGOIST,BANG!!!,BANG!!!,54,196306,False,0.625,0.94,1,-0.643,0,0.142,0.138,0.0,0.227,0.783,137.02,4,j-pop
6dnPQD7riP9K0ub8tbFJV5,SHISHAMO,SHISHAMO BEST,熱帯夜,37,252266,False,0.539,0.753,2,-6.651,1,0.0338,0.000814,4.46e-06,0.167,0.647,186.144,4,j-pop
0n9lAjWZ9NLd1ZuAC6qa4k,Gregory Porter;Kem,Heartbreak Songs,Holding On,37,256387,False,0.486,0.35,8,-7.873,1,0.0776,0.148,3.28e-05,0.0696,0.124,195.72,4,j-pop
7DyL3BG336XzjcxAoxH8Gr,Hinatazaka46,ソンナコトナイヨ (Special Edition),好きということは…,36,268560,False,0.454,0.892,8,-2.908,1,0.0624,0.0628,0.0,0.333,0.604,147.969,4,j-pop
5D9MPWdY2hjSeTIGE5n5kv,YOASOBI,THE BOOK,ハルカ,62,243613,False,0.712,0.817,1,-5.123,1,0.0279,0.0717,7.21e-06,0.146,0.679,100.016,4,j-pop
2fy97tZ7heQTsLfHZVpHJG,My Hair is Bad,boys,観覧車,38,257786,False,0.542,0.769,11,-3.898,1,0.0357,0.0143,0.0,0.192,0.547,134.015,4,j-pop
207BAOr3SwEm2f2fGWda0w,鈴木鈴木,J-Pop 輕旅行,春空,1,254297,False,0.539,0.57,7,-4.876,1,0.0453,0.628,0.0,0.339,0.459,79.974,4,j-pop
5lCZRY69UnWKdApn7kmpfG,Norah Jones,Christmas 2022,Wintertime,0,228234,False,0.525,0.205,0,-12.519,1,0.0457,0.84,0.0213,0.114,0.207,183.468,4,j-pop
70tjkOzaNVqijwbGN8ensk,Marie Fredriksson,Den Sjunde Vågen,Mot okända hav,36,233813,False,0.362,0.212,8,-10.707,1,0.0319,0.922,0.00238,0.139,0.138,144.851,4,j-pop
0PxqK0EMignEIxkpU3UgPC,MALIQ & D'Essentials,1st Special Edition,The One,39,282333,False,0.714,0.606,7,-7.496,0,0.0709,0.652,2.47e-05,0.117,0.678,79.014,4,j-pop
5tXOuIoDO0ZtGLijEOD6HZ,UVERworld,ODD FUTURE short ver.,ODD FUTURE short ver.,56,89983,False,0.691,0.895,0,-4.3,0,0.0756,0.0274,0.0,0.503,0.581,127.924,4,j-pop
4IaZWtk88n1RD2IHJGUrxW,TK from Ling tosite sigure,katharsis (TV edit),katharsis (TV edit),48,89387,False,0.661,0.706,8,-4.045,1,0.158,0.223,0.0,0.234,0.435,144.051,4,j-pop
1NwpVyPEvmmszfbEDbPo4Z,ZUTOMAYO,TOKYO - HALLOWEEN -,消えてしまいそうです,0,257799,False,0.68,0.923,5,-2.833,1,0.0495,0.361,1.35e-05,0.133,0.863,105.965,4,j-pop
1GSPV6AYG8NrtpgqhWx893,SCANDAL,Queens are trumps -切り札はクイーン-,HARUKAZE,52,277280,False,0.459,0.872,4,-0.987,1,0.053,0.0505,0.0,0.166,0.579,82.61,4,j-pop
3rPxhq3V4HtMTtuFP8DqM7,EXILE,EXILE LOVE,SUMMER TIME LOVE,36,239880,False,0.618,0.935,0,-3.882,1,0.0614,0.00667,4.79e-05,0.254,0.668,115.043,4,j-pop
7i5IbgNkFA4JwfT4OAgdgD,9mm Parabellum Bullet,TOKYO - HALLOWEEN -,Vampiregirl,0,191786,False,0.378,0.934,11,-3.702,0,0.107,0.0013,0.0149,0.322,0.602,159.829,4,j-pop
3KnURrjsXA0TDce8N7iOwz,Kenshi Yonezu;Masaki Suda,BOOTLEG,灰色と青 ( + 菅田将暉 ),62,332186,False,0.522,0.597,4,-4.883,1,0.0295,0.345,0.0,0.103,0.387,80.952,4,j-pop
0F5GuukYSgfX6ALuyrCgMH,Jamie Cullum,Holidays Are Coming,It's Christmas,0,194706,False,0.598,0.447,8,-7.932,1,0.0404,0.224,0.0,0.0704,0.365,123.855,4,j-pop
6Nn4pKqCL0m9bWQL2zdXf8,Norah Jones,Rock Christmas 2022 - The Very Best Of,Christmas Don't Be Late,0,160293,False,0.464,0.356,5,-6.953,1,0.03,0.708,7.76e-05,0.108,0.265,66.377,4,j-pop
3cBghvTcQNDNkW98Y4eGaP,Tani Yuuki,Memories,W / X / Y,58,278118,False,0.628,0.775,2,-4.479,1,0.0535,0.159,0.0,0.33,0.674,106.382,3,j-pop
6ilTR3RpLCAHDt3Z6YuQGx,Cidergirl,シンデレラ,シンデレラ,62,212310,False,0.572,0.955,7,-2.617,1,0.0626,0.0141,0.0,0.315,0.717,129.981,4,j-pop
2F9iSs6DypVQu26t5uaeFM,YOASOBI,THE BOOK 2,三原色,57,220253,False,0.666,0.923,5,-2.362,0,0.0712,0.0836,0.0,0.315,0.861,128.014,4,j-pop
2VFWQZPcKZeyd30TcoXJvb,Mr.Children,Kind of Love,All by myself,35,271640,False,0.664,0.881,7,-8.956,1,0.0405,0.0219,3.82e-06,0.141,0.923,113.006,4,j-pop
6j3zfrbA8VyxoWA1dihHF2,Naoto Inti Raymi,愛してた,愛してた,37,265560,False,0.481,0.538,7,-5.182,1,0.0307,0.354,0.0,0.287,0.364,76.85,4,j-pop
1AM8QdDFZMq6SrrqUnuQ9P,Michael Bublé,It's Time,Feeling Good,73,237333,False,0.535,0.548,1,-6.51,1,0.037,0.533,1.48e-06,0.123,0.477,115.144,3,j-pop
0iArjUPsvxGaap0XEQBH9B,BOØWY,"""GIGS"" CASE OF BOφWY COMPLETE (Live From ""Gigs"" Case Of Boowy / 1987)","MORAL - FROM ""GIGS"" CASE OF BOOWY",35,154146,False,0.283,0.996,4,-3.731,1,0.152,0.0125,0.00998,0.367,0.439,174.394,4,j-rock
1Q9wxos3TLN0VAMgIrvCPn,Düş Sokağı Sakinleri,Cennet,Kan Revan Icindeyim,33,287680,False,0.524,0.419,9,-8.22,1,0.0295,0.767,0.00018,0.121,0.261,116.17,4,j-rock
1p8B91IjEd9fjOPOSsEN75,MADKID,RISE,RISE,51,206213,False,0.47,0.932,7,-3.202,1,0.174,0.0182,0.0,0.464,0.584,164.981,4,j-rock
1kuUcD74m4Pqmu3LYjNvMo,Plini,Handmade Cities,Every Piece Matters,47,220213,False,0.673,0.644,1,-8.158,1,0.0275,0.0872,0.661,0.25,0.604,109.999,4,j-rock
1w2yONa3yfqAHyY5tqFosU,Superfly,Superfly,Hi-Five,33,239186,False,0.544,0.864,8,-2.104,1,0.0412,0.00163,3.79e-05,0.216,0.694,127.975,4,j-rock
4JXPO6PtSI06MnrjQqF5on,Zeki Müren,Saklı Kayıtlar (1952 - 1984),Ben Seni Unutmak İçin Sevmedim,35,226360,False,0.263,0.589,10,-5.222,1,0.0507,0.807,0.00479,0.143,0.24,67.053,3,j-rock
6vY1m6XIR5tjwG7IRUMIUf,Eikichi Yazawa,Anytime Woman (50th Anniversary Remastered),Anytime Woman - Remastered 2022,33,281320,False,0.709,0.742,5,-7.956,1,0.0269,0.00603,0.000813,0.174,0.817,130.107,4,j-rock
05NYcsjJwOYq4jIiKPVj9p,The Black Crowes,Shake Your Money Maker,Hard To Handle,72,188066,False,0.599,0.79,4,-3.58,1,0.043,0.00257,0.00181,0.312,0.961,103.783,4,j-rock
7qHv2Q41uBorzTguYfbUOw,Österreich,無能,無能,51,220200,False,0.488,0.865,7,-5.099,1,0.0355,0.183,3.3e-06,0.396,0.728,168.036,3,j-rock
6kmdtn0A5bcMOrL9QVKnUe,Zülfü Livaneli,Gökyüzü Herkesindir,Böyledir Bizim Sevdamız,36,327773,False,0.46,0.364,11,-10.824,0,0.0276,0.477,4.89e-05,0.209,0.124,78.419,3,j-rock
1MFLgJxf4vcLxXubNlJE54,Fujifabric,I Love You,楽園,48,225560,False,0.566,0.826,2,-5.086,1,0.0732,0.00457,1.97e-06,0.0949,0.443,97.937,4,j-rock
5AAaghHx8jedNGhHZkY8so,Busy Signal,PEPPERSPRAY RIDDIM,Bamm,0,176774,True,0.84,0.831,7,-1.937,1,0.303,0.0367,2.59e-06,0.0703,0.884,133.424,5,j-rock
3eyxh8xkW0X7k1FSHlAatt,UVERworld,Timeless,D-tecnoLife,60,233893,False,0.463,0.934,1,-3.566,0,0.141,0.0223,0.0,0.301,0.649,168.005,4,j-rock
247cPctDZ6s7hoNT8iKUtN,King Crimson,In The Court Of The Crimson King (Expanded & Remastered Original Album Mix),"Epitaph - Including ""March for No Reason"" and ""Tomorrow and Tomorrow""",54,526822,False,0.284,0.317,4,-12.923,0,0.0316,0.00757,0.00834,0.0851,0.0961,132.122,4,j-rock
2Jj9x9eAIgF3hCnTwf9P11,Suchmos,THE KIDS,BODY,32,273160,False,0.605,0.687,4,-6.013,0,0.0448,0.00854,0.00378,0.135,0.639,88.086,4,j-rock
4X4wmcy90VFeqSRkYWS1J3,GLAY,THE GREAT VACATION VOL.2 ~SUPER BEST OF GLAY~,サバイバル,36,274466,False,0.409,0.946,4,-4.304,1,0.0576,0.0136,0.0,0.376,0.734,157.859,4,j-rock
1hyoaoivd41SwktGKkx7rX,GLAY,THE GREAT VACATION VOL.2 ~SUPER BEST OF GLAY~,BE WITH YOU,33,312693,False,0.512,0.865,0,-3.7,1,0.0344,0.178,0.0,0.126,0.53,129.855,4,j-rock
40lwbvMJ0456sm1D61KeTF,Superfly,Superfly,ハロー・ハロー,33,232786,False,0.311,0.665,1,-3.044,1,0.0363,0.0293,0.0,0.0576,0.492,169.749,4,j-rock
4o6J43bSBDERckXBIpVmye,Ichika Nito,Away,Away,48,124096,False,0.254,0.253,1,-11.004,0,0.0391,0.785,0.392,0.0883,0.171,168.282,4,j-rock
0MAVs0XWmcO0RIqjtaMyAq,Zeki Müren,Pırlanta Şarkılar,Gözlerin Doğuyor Gecelerime,37,319066,False,0.423,0.501,0,-13.298,0,0.0586,0.606,3.23e-05,0.14,0.543,88.253,4,j-rock
4R2LyMD5WcEzV2p3Vfr4gL,BOØWY,SINGLES,Marionette -マリオネット-,34,218240,False,0.563,0.98,11,-4.919,1,0.107,0.232,7.37e-06,0.186,0.704,159.274,4,j-rock
7AIj86wFWqm7X1TZ2hzHwS,Masaki Suda,虹,虹,62,258733,False,0.548,0.6,5,-5.049,1,0.0297,0.071,0.0,0.192,0.296,143.961,4,j-rock
17AMSGEgRRbE67Vj0uxEF5,Shogo Hamada,The History of Shogo Hamada“Since 1975”,青空のゆくえ,34,351573,False,0.489,0.745,4,-5.676,1,0.0253,0.00149,2.27e-06,0.335,0.662,97.892,4,j-rock
3TQKZoYr4tH2YeJ02bcw1m,sumika,Chime,春夏秋冬,43,274560,False,0.543,0.632,11,-5.515,1,0.0304,0.383,0.0,0.093,0.384,79.004,4,j-rock
0SKZjKXaUHFIAhHLtAETVM,KOBUKURO,ALL TIME BEST 1998-2018,桜,33,361573,False,0.442,0.4,11,-7.964,1,0.0255,0.645,0.0,0.112,0.355,83.887,4,j-rock
4zq5df9IUXC0YNkwjUbP36,Nat King Cole,Silent Night,Deck The Halls - Remastered 1999,0,68760,False,0.684,0.437,9,-10.522,1,0.0491,0.742,1.63e-05,0.224,0.964,107.607,4,jazz
662L7eGwWhmYqYp9zXYcgA,Dean Martin,Holiday Favorites 2022,Let It Snow! Let It Snow! Let It Snow!,0,115240,False,0.484,0.332,1,-10.312,1,0.037,0.787,0.0,0.373,0.683,134.999,4,jazz
2IWyXbac49Rwk8fYyv4ee7,Nat King Cole,pov: you are an christmas elf,L-O-V-E,0,155306,False,0.425,0.373,4,-7.543,1,0.0801,0.686,0.0,0.077,0.663,78.231,4,jazz
7nSM5Q806uLYcJvWRCIRg2,Ella Fitzgerald,Weihnachtssongs,Sleigh Ride,0,175986,False,0.593,0.287,1,-12.472,1,0.0469,0.764,0.0,0.153,0.639,77.117,4,jazz
5FluYyNVSa5MzXqH4zboGr,Nat King Cole,World's Best Christmas Playlist,The Happiest Christmas Tree - Remastered 2009,0,105346,False,0.494,0.644,0,-11.781,1,0.905,0.704,0.0,0.781,0.866,206.13,4,jazz
1uWxXVpl4ZXFT7d6CH7LBS,Michael Bublé,Pop Hits Now,I'll Never Not Love You,0,218390,False,0.492,0.791,11,-5.045,1,0.0703,0.00816,1.87e-05,0.11,0.585,144.363,4,jazz
1NAvb7rxR26xGIC9jthaEu,Norah Jones,Un tecito y a mimir,The Nearness Of You,0,189906,False,0.388,0.0378,0,-16.173,1,0.045,0.979,0.00021,0.0947,0.205,166.882,3,jazz
7vvQrcQCfq7SB8mxO9CRHq,Ella Fitzgerald,Rockin' Around The Christmas Tree 2022,Frosty The Snowman,0,131733,False,0.579,0.502,8,-7.57,1,0.0513,0.733,0.0,0.281,0.836,76.783,4,jazz
2tOziCeCfa30pRQbfQqRJf,Nenei;Stella Starlight Trio;Ronan,"Lounge Remixes, Vol. 4",Feeling Good - Ronan Remix,0,154446,False,0.594,0.643,5,-9.078,0,0.066,0.0112,0.00156,0.447,0.668,166.004,4,jazz
5bz8N2YpZhNBToG4ofY8SZ,Project Grand Slam,All of the Time,All of the Time,38,214240,False,0.64,0.613,0,-9.823,1,0.0324,0.814,0.0448,0.26,0.608,130.019,4,jazz
5pT0eVpi7qZuqCFtqcErQX,Living Room,"Global Lounge Masters, Vol. 5",Opera Reload,0,199564,False,0.373,0.48,3,-12.869,0,0.0326,0.307,0.855,0.731,0.345,79.988,4,jazz
0NvcKIkVy2X8AJKiF1aA0c,Nat King Cole;John Legend,Rock Christmas 2022 - The Very Best Of,The Christmas Song (Chestnuts Roasting On An Open Fire),0,210026,False,0.226,0.382,1,-9.243,1,0.0288,0.845,0.0,0.111,0.165,81.943,4,jazz
49VtINCSmc3AMPzxq1wkKD,Dean Martin,Rockin' Around The Christmas Tree 2022,"Baby, It's Cold Outside",0,143733,False,0.439,0.196,0,-16.093,1,0.0601,0.88,0.0,0.0513,0.525,129.581,4,jazz
1bKRkiT7RdtyO5G6Q05IJj,Scott Hamilton,Ultimate Calm Christmas Jazz,Little Drummer Boy,0,362066,False,0.509,0.383,2,-9.993,1,0.0277,0.905,0.902,0.094,0.341,91.564,4,jazz
5KrZRnkLIYL0rocVgeAuGr,Dean Martin,Christmas Dinner 2022,"Baby, It's Cold Outside",0,143733,False,0.439,0.196,0,-16.093,1,0.0601,0.88,0.0,0.0513,0.525,129.581,4,jazz
4CM2CpR5UpFoObTmuFOUIj,Antônio Carlos Jobim,Chill in Brazil,Favela,0,154960,False,0.457,0.224,9,-19.476,0,0.0344,0.715,1.2e-06,0.224,0.48,80.845,4,jazz
4GF8TVlUq9ptfdbK3F7kEd,Elis Regina,Chill in Brazil,Beguine dodói,0,134973,False,0.728,0.333,9,-16.162,1,0.0791,0.69,0.0,0.0653,0.399,111.673,4,jazz
7B9Tz3NNVRSQBrrWmzkwVN,Peggy Lee,Slow Christmas Songs 2022,The Christmas Waltz,0,173106,False,0.25,0.168,1,-16.789,0,0.0329,0.822,0.000135,0.136,0.141,107.269,3,jazz
5TIUgAE7x3xmJJUMI8SrgM,Ella Fitzgerald,Rock Christmas 2022 - The Very Best Of,Sleigh Ride,0,175986,False,0.593,0.287,1,-12.472,1,0.0469,0.764,0.0,0.153,0.639,77.117,4,jazz
2YJ7Y1oJO1O9w4qnxoJWmK,Norah Jones,Santa Claus Is Coming To Town,Christmas Don't Be Late,0,160293,False,0.497,0.374,10,-6.941,1,0.028,0.751,5.82e-05,0.118,0.235,66.785,4,jazz
1q3kqiTC9EPN6cvmyI2uHr,Dean Martin,12 Days of Christmas 2022,"Let It Snow, Let It Snow, Let It Snow - Remastered",0,121026,False,0.446,0.214,1,-15.215,1,0.0326,0.885,1.46e-06,0.052,0.741,133.436,4,jazz
6Nn4pKqCL0m9bWQL2zdXf8,Norah Jones,Rock Christmas 2022 - The Very Best Of,Christmas Don't Be Late,0,160293,False,0.464,0.356,5,-6.953,1,0.03,0.708,7.76e-05,0.108,0.265,66.377,4,jazz
6kOuIhlzgPlqlrWPudpSHL,Shankar;Ehsaan;Loy;Udit Narayan;Sunidhi Chauhan;Gulzar,Bunty Aur Babli,Dhadak Dhadak,45,392411,False,0.76,0.807,6,-5.603,1,0.0866,0.304,0.0,0.11,0.562,113.975,4,jazz
4PSjU3BTM5T7nNkDBxoCTs,Sammy Davis Jr.,Perfect Christmas Hits,The Christmas Song (Chestnuts Roasting on an Open Fire),0,205066,False,0.297,0.0915,3,-20.631,1,0.0325,0.94,6.85e-06,0.32,0.201,82.484,1,jazz
6GjTQ9GfE9X0OqmvWfLsm4,Dean Martin,Christmas Playlist 2022,Let It Snow! Let It Snow! Let It Snow!,0,121026,False,0.462,0.209,1,-15.251,1,0.0323,0.9,0.0,0.0514,0.765,133.988,4,jazz
4JmbtS0Muijl37KP9lDscy,SUNMI,Heart Burn,Heart Burn,71,193173,False,0.84,0.656,6,-5.162,0,0.0401,0.0287,4.38e-06,0.0714,0.783,121.99,4,k-pop
1oen3GpTcA486fTHaT7neg,Girls' Generation,FOREVER 1 - The 7th Album,FOREVER 1,79,202533,False,0.615,0.871,9,-1.248,1,0.0516,0.0427,0.0,0.254,0.297,123.915,4,k-pop
2X3UgVLSA4wYriGIQyYmMA,BTS,Love Yourself 結 'Answer',Answer : Love Myself,69,251279,False,0.568,0.793,1,-3.749,1,0.0406,0.189,0.0,0.111,0.45,108.051,4,k-pop
3FRLxtpSk9BxxnxdS6I4jq,Yuvan Shankar Raja;Tanvi Shah,Naan Mahaan Alla (Original Motion Picture Soundtrack),Iragai Poley,65,317739,False,0.875,0.539,3,-8.364,0,0.0367,0.0586,0.0047,0.116,0.305,115.004,4,k-pop
5bevVJ1zMWutZ3rQulAp62,Yuvan Shankar Raja,Taramani (Original Motion Picture Soundtrack),Yaaro Ucchikilai Meley,44,177866,False,0.646,0.756,8,-5.316,0,0.0446,0.0228,0.00638,0.14,0.503,179.998,4,k-pop
0UXswv8EK5264CWxS0tLNF,Anupam Roy,Chotushkone,Boba Tunnel,49,247510,False,0.598,0.537,9,-8.281,1,0.0326,0.285,0.0,0.13,0.397,131.955,4,k-pop
2EG7WoRvVEb1LcAq0n8qME,Alka Yagnik;Kumar Sanu,Raja Hindustani (Original Motion Picture Soundtrack),Pucho Zara Pucho,50,371666,False,0.59,0.783,0,-11.708,0,0.0433,0.713,0.116,0.4,0.74,120.515,4,k-pop
1oACG26rFg4XwAkW5oGGUa,Stella Jang,Colors,Colors,58,101635,False,0.734,0.295,11,-8.598,1,0.889,0.636,0.0,0.0741,0.788,199.99,4,k-pop
0dUbhFM18NyBDDpiktEQLk,Alka Yagnik;Udit Narayan,Qayamat Se Qayamat Tak,Ae Mere Humsafar,63,355840,False,0.436,0.499,7,-12.909,0,0.0356,0.499,5.01e-05,0.308,0.551,103.104,4,k-pop
6rHDMFYZMwHeQZ6084qFHq,Ilaiyaraaja;S. P. Balasubrahmanyam;Swarnalatha,Unna Ninachen Paatu Padichen (Original Motion Picture Soundtrack),Ennai Thottu,60,300960,False,0.796,0.35,0,-15.182,1,0.044,0.851,0.00684,0.124,0.793,115.891,4,k-pop
4i3c6yGBiS2Nkkb3LURQQ2,Anuradha Paudwal;Sonu Nigam,Top Navratri Bhajans Vol-6,O Aaye Tere Bhawan,46,319600,False,0.565,0.683,1,-11.099,0,0.0391,0.616,0.0,0.218,0.964,81.795,3,k-pop
6g9Vd4z3JnVUiAIRwFlVCG,BTS,"BTS, THE BEST",Film out,62,216586,False,0.503,0.71,10,-6.382,1,0.085,0.297,0.0,0.329,0.293,81.932,4,k-pop
1mWdTewIgB3gtBM3TOSFhB,BTS,"Butter (Hotter, Sweeter, Cooler)",Butter,78,164441,False,0.759,0.459,8,-5.187,1,0.0948,0.00323,0.0,0.0906,0.695,109.997,4,k-pop
63irPUP3xB74fHdw1Aw9zR,Stray Kids,ODDINARY,MANIAC,80,182757,False,0.581,0.8,1,-2.613,1,0.411,0.154,0.0,0.0697,0.709,119.872,5,k-pop
1xDmRbSnfZMcj6KM8HBYiN,Vidyasagar;Shankar Mahadevan;Sujatha,Alli Thantha Vaanam (Original Motion Picture Soundtrack),Vaadi Vaadi Naattu Katta,49,265840,False,0.578,0.579,0,-9.922,1,0.151,0.0771,0.000524,0.0815,0.64,105.279,3,k-pop
1LxpfJKJuEqAA6vhzaQOKS,Alka Yagnik,Gumraah - Jhankar Beats,Tere Pyar Ko Salam O Sanam - Jhankar Beats,0,266383,False,0.505,0.87,9,-9.392,0,0.165,0.512,0.346,0.085,0.445,112.102,4,k-pop
2Qk3D872tEmCeSZ9lXIbbe,PSY,Halloween Party Canzoni per Bambini 2022,Gangnam Style (강남스타일),0,219493,False,0.727,0.937,11,-2.871,0,0.286,0.00417,0.0,0.091,0.749,132.067,4,k-pop
7qmvLmX9tyaTiBAVNI6YEn,BLACKPINK,SQUARE TWO,PLAYING WITH FIRE,75,197288,False,0.706,0.756,4,-4.405,0,0.0845,0.0392,0.0,0.18,0.676,97.098,4,k-pop
1z0p8ODhL1aZFBengxPkZU,Vidyasagar;Udit Narayan;Shreya Ghoshal,Kuruvi (Original Motion Picture Soundtrack),Thaen Thaen Thaen,46,238600,False,0.713,0.808,8,-4.568,1,0.0435,0.115,0.000503,0.169,0.733,96.978,4,k-pop
6TLV6M2ZYR450HacvZCXik,Yuvan Shankar Raja;Sanjith Hegde,Coffee With Kadhal (Original Motion Picture Soundtrack),Hi Hello,49,230191,False,0.719,0.812,1,-7.493,0,0.0421,0.296,7.81e-06,0.0892,0.684,119.996,4,k-pop
5TjAp8EJymjvgEBkxSnENo,Jubin Nautiyal;Palak Muchhal;Sanjeev Darshan,"Dhadkan (From ""Amavas"")","Dhadkan (From ""Amavas"")",50,217965,False,0.452,0.484,2,-5.88,0,0.031,0.75,0.0,0.141,0.198,71.558,4,k-pop
04fYoQSUTfPhVjyW8aXkix,Yuvan Shankar Raja;Roshini;Priya Hemesh;Divya Vijay,Theeratha Vilayaatu Pillai (Original Motion Picture Soundtrack),En Jannal Vandha,56,283480,False,0.69,0.654,1,-4.726,1,0.203,0.0706,0.000561,0.0251,0.624,124.983,4,k-pop
3e4tHEcyzEtngkCw8ZBSMS,Gaho,ITAEWON CLASS (Original Television Soundtrack),Start Over,60,202440,False,0.591,0.818,4,-3.532,1,0.073,0.172,0.0,0.126,0.574,108.107,4,k-pop
4OtqlH4UCGzV8fLy36STjE,Yuvan Shankar Raja;Anthony Daasan,"Yaarum illa (From ""Naane Varuvean"")",Yaarum illa,58,205435,False,0.603,0.64,0,-5.601,1,0.0318,0.258,0.0,0.349,0.699,129.988,4,k-pop
7Em0lueWaMfJ4MWMDdSGNt,Yuvan Shankar Raja;Sid Sriram,Naane Varuvean,Pinju Pinju Mazhai,30,318427,False,0.746,0.649,11,-10.096,0,0.0327,0.587,1.23e-05,0.134,0.654,104.984,4,k-pop
3nY9k07g4jnP67ZtXlqRXF,The Party Cats,Upbeat Kids Songs!,You Are The Music In Me,0,159240,False,0.626,0.849,7,-5.827,1,0.0324,0.00334,1.13e-05,0.0535,0.638,141.976,4,kids
2Ve66Q3YjxWFWB4old6evS,Babyboomboom,English and Mandarin Chinese,"Itzy, Bitzy Spider (Xiǎoxiǎode Zhīzhū)",13,84800,False,0.776,0.183,11,-15.561,1,0.0707,0.862,0.0,0.098,0.556,116.426,4,kids
6MZ5ce7eKIaLmuAbhnj38A,Dora The Explorer,Dora The Explorer,Mary Had A Little Lamb,17,30960,False,0.754,0.408,9,-6.456,1,0.0446,0.668,0.0,0.172,0.799,76.269,4,kids
6ZSMbNa2ZSmLR7LlC5Bz0m,Blake Rules;Netherfriends,Kids Trap (In the House),Dance Party in the House,17,198347,False,0.913,0.604,4,-11.38,0,0.102,0.474,0.0624,0.101,0.616,120.984,4,kids
5ryWtuY9LJdqIKQcePENZ3,Choo Choo Soul,Choo Choo Soul,Blue Zoo Train - Original Version,17,116840,False,0.605,0.128,5,-7.703,0,0.0527,0.906,0.0,0.101,0.515,92.105,4,kids
2lsfMMmXKjxRX616wO9t6h,Mini Pop Kids,Mini Pop Kids 17,Never Really Over,9,223840,False,0.735,0.749,8,-6.296,1,0.0489,0.0706,9.28e-06,0.102,0.202,100.021,4,kids
19LGby5jLYCgto7lrWraWS,The Jamborees,The Wheels On the Bus,Here We Go Round the Mulberry Bush,8,133693,False,0.818,0.489,8,-14.19,1,0.0619,0.516,0.0,0.314,0.824,119.879,4,kids
3UtYkWTjlvcJr4ANrM4E2c,John Archambault and David Plummer,Chicka Chicka Boom Boom Series Vol 3 Rhythm Rap-a-Longs & Fingerplays,Polar Bear Polar Bear What Do You Hear? Sung by Children,10,218666,False,0.794,0.305,5,-12.632,1,0.0455,0.532,4.98e-06,0.111,0.256,140.824,4,kids
71bw4oNIUNz4bjdP0apio3,Hip Hop Harry,Holiday Cheer,Holiday Cheer,12,117446,False,0.859,0.847,0,-3.026,1,0.338,0.104,0.0,0.118,0.594,91.88,4,kids
4WV73uVSyGORPU6orKLvlg,Secret Agent 23 Skidoo;MC Fireworks,The Figments of Polyglot: Mixtape 7,Make Great Mistaks,13,182560,False,0.832,0.76,5,-8.391,1,0.225,0.116,8.78e-06,0.251,0.566,96.008,4,kids
5CFAPSsWQp91PGBqGy0gMD,Blake Rules;Netherfriends,Kids Trap 3,Jumping,11,110006,False,0.957,0.372,10,-9.42,1,0.0876,0.206,0.00101,0.141,0.349,110.986,4,kids
1ROst9THT4HxWpw6wYp8Tn,Pj Panda,Happy & You Know It,Happy & You Know It,9,154105,False,0.824,0.773,2,-5.318,1,0.0401,0.00182,0.0,0.453,0.438,95.515,4,kids
2Tq6BARINibFGlYZyY5Gg3,Mark D. Pencil,"Learning With Hip Hop (Today's Music Paired With Educational Lessons For Classrooms And Homes, Ages Pre-K - 5th)",Clean Up Robot - Short Version,13,110533,False,0.861,0.821,6,-8.591,0,0.143,0.00943,0.00608,0.18,0.961,150.007,4,kids
5z1Fr0zoyM2ySb2pgTa6Wt,Pj Panda,Pj Panda's New School,Pick Your Toys Up,9,174500,False,0.869,0.538,9,-6.345,1,0.102,0.0611,2.32e-05,0.15,0.918,140.026,4,kids
7qXhPWK8VR2gJCGZPObT2U,Pj Panda,My Favorite Rapper Is a Panda,Eat Your Vegetables,10,206000,False,0.753,0.749,1,-6.733,1,0.0451,0.00536,1.32e-06,0.135,0.914,159.979,4,kids
4bF6eFN14W2zkyeOSmmOSi,Babyboomboom,English and Mandarin Chinese,"Heads, Shoulders, Knees and Toes (Tóu Jiānbǎng Xī Jiǎozhǐ)",18,96000,False,0.678,0.179,9,-19.458,1,0.598,0.796,0.0,0.289,0.772,110.112,4,kids
1N4XaKCN12jBCSBkCYfNCR,The Party Cats,Kids Dance Party: A Salute To High School Musical,We're All In This Together,10,236866,False,0.835,0.909,6,-5.901,1,0.045,0.0221,0.0,0.0557,0.712,116.05,4,kids
5Sho3kEbYXopoXPhPACqo7,Mr. C,Mr. C Presents The Cha-cha Slide Greatest Hits,Cha Cha Slide,52,222080,False,0.856,0.905,11,-6.82,0,0.146,0.041,0.00385,0.315,0.805,131.003,4,kids
3ODxa71MJYzz0QveThJilo,Desmond Dennis,Cool Kids Jams,Do Cats Eat Ice Cream,20,160213,False,0.731,0.476,5,-10.304,1,0.0339,0.664,4.43e-05,0.154,0.797,125.744,4,kids
6vmX3JYhd3VY7nBRC5e1d3,Fresh The Clowns,Kinda Wavy,Kinda Wavy,9,211062,False,0.855,0.733,1,-6.693,1,0.269,0.0103,0.0,0.0818,0.348,166.033,4,kids
4pgHgU2yRYwUGOvzPqKcfH,Cooltime Kids,Kindergarten Pop,Twinkle Twinkle Little Star,10,90026,False,0.521,0.215,11,-12.251,1,0.0301,0.917,0.0,0.235,0.455,81.963,4,kids
459zEyLxNPaoRKjOmLixGr,Big Mucci,Big Mucci the Bikers Shuffle & Line-Dance / Slide Collection,The Set Slide,22,249836,False,0.898,0.404,2,-11.271,1,0.0801,0.0503,0.127,0.131,0.408,93.999,4,kids
5YRzeFvIc4yNhpzDcLKWvE,BadKidMacei;Badkidparis,Bossy,Bossy,21,144048,False,0.914,0.723,2,-6.193,1,0.138,0.196,0.0,0.216,0.335,95.0,4,kids
2Jm5GHTsbMXbDvhIoyUikW,Pj Panda,We Outside,We Outside,16,164000,False,0.657,0.739,1,-8.077,1,0.0654,0.0737,0.0,0.309,0.586,169.899,4,kids
2eWWm190QurgP8FIlo1V3Q,Ultimate Party Mixers,Ultimate Party Mix,Conga,7,260519,False,0.822,0.843,2,-10.213,1,0.0437,0.173,0.00245,0.232,0.932,120.973,4,kids
2CGhzWArXQZG86V1Ztv4Q2,Ozuna,OzuTochi,Mañana,73,192320,False,0.865,0.522,6,-4.648,1,0.0761,0.105,0.0154,0.0671,0.692,91.015,4,latin
6wWLvArD6rxvPKuivA0AQR,Gloria Trevi;KAROL G,Halloween 2022 Perreo Vol. 1,Hijoepu*#,0,188080,True,0.85,0.741,3,-4.26,0,0.15,0.0237,0.000189,0.102,0.913,92.986,4,latin
4rx74n3FvoM0zWU9nZesMw,"Tito ""El Bambino""",Perreo Tenebroso Vol. 1,"Sol, Playa Y Arena",0,188320,False,0.823,0.656,5,-6.141,0,0.11,0.257,0.0,0.329,0.713,94.038,4,latin
5YVXOvqKWq59paGb85ZaVm,Laura Pausini,Feeling Good - Adult Pop Favorites,Loneliness,0,240493,False,0.535,0.335,1,-12.767,1,0.0316,0.661,0.0,0.0794,0.146,131.386,4,latin
29bZ3bs505KcwIVqWFOPBS,J Balvin;Bad Bunny,Clásicos de ahora: Perreo,LA CANCIÓN,0,242573,False,0.756,0.646,7,-5.795,1,0.319,0.152,1.81e-05,0.108,0.429,176.088,4,latin
4B8RTAHSPfYpV222GsmEjq,Don Omar,Fiesta portatil,Zumba,2,263973,False,0.718,0.891,9,-3.494,0,0.0404,0.00175,0.0146,0.138,0.828,124.981,4,latin
2qoKPCtY8GuiSIVO1t5XWB,Anuel AA;KAROL G,Reggeaton Imperdible,Secreto,1,258799,False,0.807,0.803,11,-4.156,1,0.126,0.6,0.0085,0.136,0.706,91.982,4,latin
1OIQlcvZ7eKfm3opuKMgJ6,Alejo;Feid;ROBI,Homecoming Latin Party,Pantysito,0,240413,True,0.83,0.739,7,-5.395,0,0.0627,0.136,2.11e-06,0.162,0.631,97.993,4,latin
6nGVNcm1jBvgeNmYcxWhW7,"Tito ""El Bambino"";Beenie Man;Ines",Halloween con perreito,Flow Natural,0,173866,False,0.831,0.789,0,-5.498,1,0.0661,0.121,0.0,0.328,0.826,101.037,4,latin
3sdYKmzjWTanqTJuyf0GAf,Mariah Angeliq;Guaynaa,Noche de Halloween Latino,Taxi,0,173653,False,0.727,0.796,7,-3.918,0,0.125,0.0627,0.0,0.166,0.701,180.069,4,latin
253fPISKhgJqYqT4CEAsSb,Paty Cantú,La navidad es todo aquello que nos hace recordar...,Diciembre,0,188493,False,0.853,0.695,1,-4.825,0,0.0297,0.011,1.64e-05,0.184,0.696,110.005,4,latin
2q2atJsGhvwWiMeeDAyztu,Kevin Roldan;Bryant Myers;Lyanno,Perreo Tenebroso Vol. 5,Hasta Abajo,0,229826,False,0.714,0.671,5,-5.119,1,0.362,0.292,0.0,0.325,0.641,169.727,4,latin
3X1d3Krb95sCtZ8ydVDFDY,Mariah Angeliq;Casper Magico,El perreo es el futuro,Lo Prohibido,0,202560,False,0.83,0.679,8,-3.519,0,0.143,0.137,7.78e-05,0.0905,0.213,95.003,4,latin
6aGP0AAF8iLyoGdLRpuVoZ,J Balvin;Bad Bunny;Marciano Cantero,Bájale como 7500,UN PESO,2,277106,False,0.627,0.675,5,-7.125,0,0.212,0.125,0.0,0.0784,0.961,79.31,4,latin
5wPayKgEqHa0ewZhUS8BSY,Daddy Yankee,Frescura y Perreo,RUMBATÓN,2,248768,False,0.685,0.909,3,-4.034,0,0.0396,0.0471,0.0,0.35,0.922,95.004,4,latin
4WxMqMk1waoa4nCUZlBuJE,Kevin Roldan,Reggeaton Imperdible,PPP,0,129332,False,0.798,0.625,4,-6.83,1,0.13,0.383,3.33e-05,0.125,0.774,92.994,4,latin
7qUv2Tq895aJc6g4O1F6Zs,Ozuna,OzuTochi,Vida,61,152626,False,0.728,0.577,1,-5.371,0,0.0538,0.0502,0.000309,0.0589,0.318,169.988,4,latin
5mGloFHrHDNGR1pY8iyxGn,Kevin Roldan,Frescura y Perreo,PPP,0,129332,False,0.798,0.625,4,-6.83,1,0.13,0.383,3.33e-05,0.125,0.774,92.994,4,latin
6oJ2Bv9izAD2mPy8zi6Ypw,Chino & Nacho,Halloween 2022 Pop Vol. 4,Niña Bonita,0,217480,False,0.675,0.924,9,-4.879,1,0.113,0.287,0.0,0.256,0.643,120.069,4,latin
06feZZKF0F6FRvSTHCR0a4,Mon Laferte,noches de lluvia,Amor Completo,0,241880,False,0.389,0.418,4,-8.976,1,0.027,0.664,5.71e-05,0.108,0.347,175.567,3,latin
3YtBnp4q2Trhu9Zv09ErQl,Wisin & Yandel,Halloween 2022 Perreo Vol. 1,Estoy Enamorado,2,271720,False,0.78,0.725,6,-6.032,1,0.0503,0.288,0.0,0.0851,0.431,100.92,4,latin
0PyWzcDAflIrRNZrJzmYhE,Anuel AA;KAROL G,Halloween con perreito,Secreto,0,258799,False,0.807,0.803,11,-4.156,1,0.126,0.6,0.0085,0.136,0.706,91.982,4,latin
63LEOoSzRvECYNQ5M69rif,Paulina Rubio,Retro Baladas,Ni Una Sola Palabra,0,232066,False,0.76,0.827,5,-4.015,0,0.029,0.046,0.0,0.109,0.633,130.321,4,latin
1TVf1ZYXnoAPf2tNBwpOEH,TINI;Alejandro Sanz,Dulce Balada,Un Beso en Madrid,0,144351,False,0.378,0.619,0,-6.794,1,0.0767,0.305,0.0,0.413,0.349,87.387,4,latin
2ccCaAC8svYq42eUY6uZuv,Chino & Nacho;Baroni,Queda poco para la PAES 2.0,You Make Me Feel (Higha),0,315520,False,0.829,0.726,10,-7.476,0,0.102,0.00686,0.00509,0.0443,0.517,104.985,4,latin
5VgsXmsfGIBOqq0imAv4y1,31 Minutos,Arwrarwrirwrarwro (Banda Sonora Original de la Cuarta Temporada),"Drácula, Calígula, Tarántula - Coágula Espátulo",39,173549,False,0.816,0.799,7,-3.296,1,0.188,0.0273,0.0,0.0325,0.884,134.982,4,latino
5Tj1ohvoTgMyk5KyatzI88,J Balvin;Bad Bunny,Feliz Cumpleaños con Perreo,QUE PRETENDES,2,222346,False,0.639,0.791,10,-4.443,0,0.254,0.0275,0.0,0.362,0.933,92.603,4,latino
1NzcfWIiD1SnRnqkzT2lfD,Jhayco,Perreo Tenebroso Vol. 1,Dime A Ve,0,213200,False,0.773,0.753,10,-4.173,1,0.06,0.122,4.8e-05,0.102,0.56,179.983,4,latino
7qCAVkHWZkF44OzOUKf8Cr,Nicky Jam;Enrique Iglesias,Fénix,El Perdón (with Enrique Iglesias),74,205906,False,0.628,0.69,8,-5.83,1,0.0511,0.443,0.0,0.113,0.66,179.908,4,latino
5zQQcVFs0Jyr4AjGokqyB7,Feid,Perreo Tenebroso Vol. 4,Nuestra Canción,0,182373,False,0.801,0.702,9,-4.952,1,0.37,0.49,1.86e-06,0.269,0.524,99.043,4,latino
5rfAvjThTSoBWAJgtFIf5M,Maikel Delacalle;Justin Quiles,Queda poco para la PAES 2.0,Jaque Mate,0,222000,False,0.782,0.797,10,-5.229,1,0.0387,0.13,1.89e-05,0.165,0.554,110.045,4,latino
7Lf5l4hbjlZIV6iQ3nR0YV,J Balvin;Bad Bunny;Marciano Cantero,FELIZ CUMPLEAÑOS,UN PESO,3,277106,False,0.627,0.675,5,-7.125,0,0.212,0.125,0.0,0.0784,0.961,79.31,4,latino
02yEhcqA7tqfca3gwPxXdF,Nacho;Wisin;Noriel,Perreo Tenebroso Vol. 3,No Te Vas - Remix,0,227226,False,0.812,0.764,8,-5.447,1,0.0954,0.0646,2.45e-06,0.0974,0.803,93.995,4,latino
4eSJM9STV1Tfho9D5n6mHK,"Tito ""El Bambino"";Randy",Reggeaton Imperdible,Siente El Boom,0,188733,False,0.804,0.745,4,-5.805,0,0.0744,0.112,0.0,0.0925,0.512,95.024,4,latino
39xU2D7t9LWs9EueUtC48K,Jhayco;Bad Bunny,Última Misión Reggaeton,CÓMO SE SIENTE - Remix,0,227520,True,0.807,0.606,3,-8.871,0,0.0872,0.0946,0.0,0.119,0.304,92.988,4,latino
5R7l05dglCrUX0qjZ1Eec1,Cyril Kamer,Cinderella,Cinderella,77,193124,True,0.793,0.694,5,-5.731,0,0.0426,0.13,0.0,0.0836,0.484,127.971,4,latino
2h9ILYXG8eEJK9caVZYQgA,DrefQuila,Claudito Sunshine,Túnel,41,224084,False,0.701,0.567,9,-6.592,0,0.0889,0.332,2.57e-06,0.104,0.521,89.921,3,latino
6TFUGAC1zk57FICwy1wZNW,Daddy Yankee;Natti Natasha;Becky G;Bad Bunny,Homecoming Latin Party,Dura - Remix,0,242160,False,0.772,0.803,1,-3.035,1,0.0468,0.187,0.0,0.434,0.853,94.98,4,latino
1dvlY1iYFNgO7SFWRGHB3x,Wisin & Yandel,Halloween 2022 Perreo Vol. 3,Pegao,1,234546,False,0.792,0.804,3,-4.752,1,0.259,0.537,0.0,0.342,0.807,96.041,4,latino
3wS1njCO85Eo9iQ6gs7740,Alberto Stylee,Exitos,Perros y Gatas,39,225462,False,0.843,0.729,11,-7.462,0,0.125,0.0125,0.000221,0.0715,0.932,91.959,4,latino
69l7qruLhItl4ZllPP1f0H,LIT killah,Tropical Vibes,La trampa es ley,3,141864,False,0.596,0.71,6,-5.815,1,0.136,0.243,0.0,0.204,0.632,117.871,4,latino
0Ysepw3QUt2pyKvsBZ9PGD,J Balvin;KAROL G;Nicky Jam;Crissin;Totoy El Frio;Natan & Shander,Homecoming Latin Party,Poblado - Remix,0,392866,False,0.813,0.81,3,-5.382,0,0.0809,0.112,1.59e-06,0.377,0.632,93.005,4,latino
709mEkXJxSopnAmOnRJGRr,Feid,Clásicos de ahora: Perreo,Normal,0,171880,True,0.709,0.56,4,-4.867,0,0.171,0.034,0.0,0.315,0.541,170.082,4,latino
5VCiHDSwirlQ3yGZAcW8sh,Lalo Ebratt;J Balvin;Trapical,Halloween 2022 Perreo Vol. 1,Mocca - Remix,0,202876,True,0.732,0.758,11,-1.694,1,0.189,0.214,0.0,0.388,0.78,98.007,4,latino
2wQBzAZdsaqDBbtwBk5MhA,DJ Nelson;Jose De Las Heras;Alejandro Armes;Babywine;Alberto Stylee,PAPI (feat. Babywine & Alberto Stylee),PAPI (feat. Babywine & Alberto Stylee),54,187092,False,0.909,0.716,1,-6.628,1,0.126,0.359,0.00224,0.106,0.417,105.078,4,latino
6WcRqzZZI5LcN8rpvnDswa,Jhayco;Wisin & Yandel,Halloween 2022 Perreo Vol. 3,Imaginaste - Remix,3,246653,False,0.855,0.71,1,-5.321,1,0.0939,0.0426,0.0,0.337,0.591,89.977,4,latino
13dOCMI6S2yLVvmC3CgDW5,Julianno Sosa;Keylon;Ak4:20,No Saen,El Extendo,39,174915,True,0.833,0.601,5,-7.644,1,0.248,0.22,1.46e-06,0.17,0.774,140.008,4,latino
1thR2sfJj6FasYaXHQ98e4,Juan Magán;Mala Rodríguez,Perreo Tenebroso Vol. 3,Usted,0,233746,False,0.666,0.826,0,-4.093,1,0.0625,0.017,0.0,0.285,0.343,104.701,4,latino
7trX995xQ3AdG8LW4OCZb3,Yaga & Mackie,Los Mackieavelikos 2055,La Bellaquera,40,235400,True,0.833,0.661,11,-7.721,0,0.109,0.00836,0.00287,0.076,0.881,78.006,4,latino
2awk2br4XeJn2L6Dl9stuj,Cali Y El Dandee;Reik,Halloween 2022 Perreo Vol. 5,Borracho De Amor,1,175640,False,0.62,0.754,9,-2.155,1,0.116,0.0578,0.0,0.0993,0.828,90.064,4,latino
6YINoRUOzEFYOnGwOafdEI,Gowry Lekshmi,Godha (Original Motion Picture Soundtrack),Aaro Nenjil,56,267876,False,0.549,0.457,5,-9.953,1,0.0288,0.863,0.0789,0.0938,0.506,129.866,4,malay
7JcDxlIgGNrLy7lLOTWgA6,Fejo,Poovili X4,Poovili X4,17,158682,False,0.696,0.902,7,-5.678,1,0.36,0.473,0.0,0.137,0.312,194.041,4,malay
5oGCJHXET1htn4CNJPfBfP,Joy John,Aaja Mere Dil Mein Yesu (Sunday School Song),Aaja Mere Dil Mein Yesu - Sunday School Song,30,84532,False,0.694,0.731,9,-5.604,0,0.0333,0.0565,1.34e-06,0.0688,0.867,95.044,4,malay
58coPmLAownbBWtRpFtOhO,K. G. Markose,Jesus,Israyelin Naadhanayi,27,363467,False,0.662,0.603,5,-10.798,0,0.032,0.13,9.99e-06,0.198,0.798,117.638,4,malay
0czPLC7PWxCyaBT58kDwwA,Sujatha,Mozhi,Katrin Mozhi,37,352666,False,0.553,0.643,8,-9.705,1,0.0348,0.561,0.00886,0.0757,0.306,81.001,4,malay
6o8TVsJ32zgciInnkbWPvk,Hanumankind,Skyline,Skyline,32,266486,True,0.855,0.554,0,-11.658,0,0.0876,0.313,8.16e-05,0.102,0.381,111.005,4,malay
4SH8m1dOlwUV8Bsi0jytbN,Sujatha,Humse Hai Muqabala (Original Motion Picture Soundtrack),Maine Bheja Hai Sandesh,22,90693,False,0.479,0.166,4,-12.125,1,0.0282,0.757,9.06e-06,0.127,0.207,81.993,3,malay
3epxqmWkqp4HplaYp8NfMP,Niranj Suresh,Godha (Original Motion Picture Soundtrack),Innalekalil,47,192682,False,0.635,0.563,11,-7.133,0,0.0297,0.278,4.13e-05,0.144,0.466,123.041,4,malay
0UFthA0qo3JDLxqfG25kgP,Yuna,Y4,Fool 4 U,57,179000,False,0.76,0.404,8,-10.028,1,0.0425,0.763,0.00119,0.106,0.665,150.023,4,malay
28Ubfc4UYgLJnUE3rGMR0H,Dabzee;Simhakutty;Abby,Pulley,Pulley,24,196905,False,0.604,0.584,7,-10.914,1,0.317,0.367,0.0,0.16,0.355,90.977,4,malay
1RRczh6jjx2P0CPftZgmoG,Vikadakavi,The Best Of Psycho Unit,Bunga Saavi Remix,34,231828,False,0.693,0.954,11,-2.305,0,0.287,0.167,0.0,0.354,0.678,76.509,4,malay
5GsMebgDNkNdY5UVv40cTU,Santesh;Amos Paul,Shocked,Shocked,29,193655,False,0.627,0.947,11,-3.426,0,0.449,0.224,0.0,0.0445,0.728,136.975,4,malay
5nxoZa9rMVL5HO1G5lN3FJ,Saleem,Jai Mata Di,Jai Ho Ganesh Ji,21,277986,False,0.642,0.666,8,-8.617,1,0.0435,0.253,0.0,0.158,0.831,134.054,4,malay
6GPXPw2AmaCoisKIELxAyc,Reyan;Melvin,Aduthu Vaa,Aduthu Vaa,30,141333,True,0.73,0.58,0,-8.059,0,0.0861,0.589,0.000187,0.224,0.464,90.054,4,malay
5yqqnmNqpmF5zEio1PixnA,Nomadic Voice;Melvin,Kali Mari,Kali Mari,30,179357,True,0.841,0.561,0,-8.812,0,0.172,0.141,0.0,0.358,0.162,140.017,4,malay
5Nx5RNHYpFCV4LgyHcRqeq,ThirumaLi;Thudwiser,AARDA?,AARDA?,36,226438,True,0.733,0.689,2,-7.454,1,0.0738,0.388,0.00069,0.158,0.518,145.931,4,malay
7hh9tFp9OGoHI4S7TC83Ej,K. S. Harisankar;Arun Muraleedharan,Anugraheethan Antony,Kamini,52,238819,False,0.518,0.481,3,-8.115,1,0.0305,0.444,0.0,0.0876,0.199,100.068,1,malay
6x92rezeG05zhvtQRyiozs,Sachin Warrier,10.30 AM Local Call (Original Motion Picture Soundtrack),Etho Sayana,51,294604,False,0.847,0.511,0,-9.699,0,0.0718,0.42,2.81e-05,0.117,0.436,99.996,4,malay
3xbFL7Vn7o9xK9Pk0SfDkq,V3K,Minni,Niraye,21,243116,False,0.6,0.298,9,-9.803,0,0.026,0.569,5.89e-05,0.146,0.425,76.93,4,malay
6den5JW5dn0hLrhnD9UkQS,Matadoria,Dhoore,Dhoore,30,210206,False,0.376,0.518,10,-8.614,1,0.0295,0.236,1.02e-06,0.134,0.289,108.738,3,malay
2BPNE8sQqTNhORgM1lf6Vv,Virgoun,Dua Warna Cinta,Saat Hatiku Bertanya,39,217763,False,0.614,0.718,9,-6.277,1,0.0333,0.254,0.0,0.137,0.629,87.528,4,malay
2LbZ7kbxOWFwUm9yUYjlRc,Fejo,Manasse Va Va,Manasse Va Va,17,198493,False,0.67,0.468,1,-9.937,0,0.0926,0.757,0.00217,0.154,0.461,145.986,4,malay
1QchiD6sdsjMn4r72a2BOb,Aromal Chekaver,Hope,Kaattu,3,129218,False,0.632,0.19,3,-10.629,1,0.06,0.944,0.0,0.118,0.512,114.92,4,malay
60ri599YHaGXTSeWHe61GX,Sujatha,Thithikkuthdhe (Original Motion Picture Soundtrack),Silendra Theepori,39,321480,False,0.664,0.624,7,-9.878,0,0.056,0.309,2.2e-05,0.103,0.469,131.98,4,malay
6y1tAz16FSnd1o7VoUOWfb,Sachin Warrier,Katheyondu Shuruvagide (Original Motion Picture Soundtrack),Good Morning,19,207264,False,0.743,0.52,5,-10.793,0,0.0524,0.153,5.44e-06,0.18,0.756,101.972,4,malay
0LbeHtEANtIeQeUK5VZpvl,音樂磁場,音樂磁場19-台語經典名曲,無人熟識,22,264933,False,0.673,0.351,9,-14.733,0,0.0282,0.253,0.00289,0.082,0.544,100.002,4,mandopop
3ParDD1MKVZPGagEsT8hZd,Tiger Hu,《三生三世枕上書》影視原聲帶,枕邊人 - 電視劇《三生三世枕上書》片頭曲,41,269982,False,0.291,0.71,2,-5.611,0,0.0462,0.29,0.0,0.103,0.188,147.714,4,mandopop
1G9MmoUjo5nC5lB7paaG0l,Fish Leong,別再為他流淚,沒有如果,50,267426,False,0.53,0.886,2,-2.715,1,0.0579,0.454,0.0,0.041,0.814,148.081,4,mandopop
4K3Iu3WLo19LIkfcpfldQL,魏嘉瑩 Arrow Wei;WONFU,我很好,出來面對,24,217021,False,0.704,0.803,9,-5.962,1,0.124,0.312,0.0,0.0879,0.891,127.992,4,mandopop
7LHaRfgjJzOEzvnAZVxxtR,Eason Chan,認了吧,好久不見,55,250493,False,0.312,0.242,0,-14.149,1,0.0327,0.772,0.00454,0.184,0.113,114.469,3,mandopop
6nGI4EM4zdyWOYoqeb7pyo,陳盈潔,陳盈潔 (台語暢銷精選),風飛沙,27,252906,False,0.714,0.328,11,-13.01,0,0.0374,0.238,9.92e-06,0.0787,0.604,110.522,4,mandopop
0UqoqhqZw7yNijnCt6I5kK,Joker Xue,渡,像風一樣,47,255111,False,0.514,0.418,2,-9.053,1,0.0619,0.355,0.0,0.0604,0.147,117.705,4,mandopop
1Rxn57Wwv6hQUu60MIiMMJ,Mayday,自傳,好好 (想把你寫成一首歌),49,198551,False,0.582,0.321,0,-8.876,1,0.0284,0.816,0.0,0.12,0.612,133.895,4,mandopop
1oDlZ9gdbeq9Jz9S15OUuL,Astro Bunny,樂遊原 Leyou Height,想在你身旁,22,192437,False,0.48,0.721,1,-7.099,1,0.0437,0.0336,5.98e-06,0.179,0.188,179.905,4,mandopop
1ybDBYsAIOO7Xbstm8AbqW,WeiBird,明天再見,沒有人想念沒離開的人,56,189728,False,0.622,0.672,11,-7.596,1,0.0414,0.11,4.34e-05,0.196,0.519,144.066,4,mandopop
5LlhtR0dYQcYUTapamXiKU,Jay Chou,八度空間,分裂,47,252626,False,0.637,0.438,1,-8.504,1,0.0282,0.515,7.15e-06,0.0959,0.145,122.699,4,mandopop
0pnmUYIstjsVeJQj3wEHGI,Mavis Hee,靜聽精彩十三首,明知故犯,51,257893,False,0.701,0.215,5,-15.16,1,0.0369,0.783,0.0,0.103,0.144,131.156,4,mandopop
7pAzI19zjpiXXr6h8C9Rsb,秀蘭瑪雅,天頂星,天頂星,23,263760,False,0.378,0.387,0,-8.304,0,0.0295,0.909,3.3e-06,0.165,0.335,139.277,4,mandopop
627GAlNjgw3o4EsOaAsIYm,Jay Chou,依然范特西,白色風車,50,270586,False,0.536,0.613,2,-5.791,1,0.0247,0.297,0.0,0.147,0.252,141.991,4,mandopop
4rzTxZaFsTXQN54WimO4QU,David Tao,I'm O.K.,天天,49,255200,False,0.522,0.551,2,-6.908,0,0.0339,0.275,0.0,0.123,0.158,120.976,4,mandopop
0NVOTV0nqsndWzBmMwRFOS,Joker Xue,天外來物,天外來物,55,257212,False,0.587,0.474,11,-7.107,1,0.0369,0.434,7.81e-06,0.354,0.367,135.606,4,mandopop
6c6bGcH9CWUJOHQKCGLX0j,Kit Chan,重譯 陳潔儀,心動,51,231653,False,0.448,0.0926,2,-14.509,1,0.0455,0.977,1.05e-06,0.133,0.316,123.534,4,mandopop
2N1KyUTT7nd7nj8DdCTDyx,葉佳修,"金韻民歌, Vol. 1",赤足在田埂上,23,178333,False,0.495,0.41,2,-10.109,1,0.0287,0.708,0.000115,0.174,0.698,174.311,4,mandopop
39tpfLHvnzXk4f8iD0htkn,A-Mei Chang,阿密特意識專輯,掉了,52,237560,False,0.541,0.48,1,-6.646,1,0.0269,0.789,0.0,0.0779,0.154,162.017,4,mandopop
7gikOCfWiAPFjFwKHYEdRA,詹雅雯,詹雅雯 女人夢,媽媽請保重,24,266453,False,0.645,0.533,11,-4.125,1,0.029,0.604,2.17e-06,0.305,0.593,114.959,4,mandopop
59dXbkVRhqHMxmu5ubznHS,Hong Ronghong,洪榮宏 百萬金曲 (愛情一斤值多少 / 阿爸原諒我),見面三分情,23,219066,False,0.418,0.421,4,-10.719,0,0.0409,0.528,0.0,0.388,0.267,116.869,3,mandopop
6FSOibqLCbhFrmGdqMbwiZ,Tanya Chua,說到愛,Letting Go,63,263453,False,0.536,0.702,11,-6.327,0,0.0285,0.154,1.61e-06,0.0938,0.408,136.095,4,mandopop
5RKWxItZvYY9wtKJuy2Hb7,A Si,热爱105°C的你,热爱105°C的你,57,195328,False,0.799,0.613,10,-5.948,1,0.0446,0.363,0.0,0.0588,0.751,137.124,4,mandopop
34dK493M256BU2UFA9XJ06,No Party For Cao Dong,醜奴兒,山海,55,251053,False,0.564,0.676,11,-10.49,0,0.0647,0.0543,0.0524,0.106,0.286,160.039,4,mandopop
17IidG1HMhzJ7hee4uOikv,S.H.E,Forever 新歌 + 精选,触电,43,261506,False,0.611,0.583,7,-5.471,1,0.0306,0.182,0.0,0.143,0.663,179.34,4,mandopop
77tR4iQgyQTAnhhuPik3ZP,Escape the Fate,Ungrateful (Deluxe),One For the Money,65,199950,False,0.525,0.964,5,-3.451,0,0.0571,0.000328,5.5e-06,0.0527,0.385,90.013,4,metal
70L6nHORQsblY813yNqUR3,Deftones,Saturday Night Wrist,Cherry Waves,75,317706,False,0.47,0.859,2,-3.663,1,0.0537,0.000362,0.00691,0.142,0.17,124.01,4,metal
2aX1zws7bVjTLbS1cYZK2W,Scorpions,Fishing Music,Wind Of Change,0,311240,False,0.429,0.63,0,-7.392,1,0.0329,0.078,0.0,0.104,0.211,151.627,4,metal
7Bcjjhemjq1HxoWkTw4X6O,Marilyn Manson,Halloween Spooky Party 2022,The Beautiful People,0,222773,True,0.609,0.948,9,-4.938,1,0.113,0.00404,0.0978,0.042,0.786,144.037,4,metal
1KTJmfwrk5pYqsi9mkY3nT,Bring Me The Horizon,That's The Spirit,True Friends,66,232320,False,0.419,0.938,7,-3.12,1,0.0837,0.000683,0.0,0.114,0.333,160.151,4,metal
4Ql5Q06HoJeQmpIBl9TngL,Evanescence,Helloween Party,Bring Me To Life,2,235893,False,0.318,0.943,4,-3.188,0,0.107,0.00721,2.06e-06,0.242,0.298,189.985,4,metal
3b3eu3uMp1b9xPOHbfSwBi,Avenged Sevenfold,Nightmare,Fiction,52,307986,False,0.605,0.627,0,-7.454,1,0.0265,0.0612,3.6e-05,0.106,0.243,120.0,4,metal
6vtcxMO8GBs1V0Jscy3DKA,Ghost,Halloween Party 2022,Square Hammer,0,239293,False,0.529,0.903,2,-4.396,0,0.0483,3.31e-05,0.182,0.259,0.746,129.986,4,metal
1GaLQ64H7Df0HG2cIOXy5i,Evanescence,Halloween Party 2022,Haunted,0,185440,False,0.37,0.861,4,-4.588,0,0.0625,0.00959,0.00449,0.107,0.16,155.671,4,metal
63Slke1vlnpTejDeluhyQ9,Cheap Trick,Alternative Christmas 2022,I Wish It Was Christmas Today,0,194120,False,0.383,0.984,8,-3.573,1,0.103,0.000246,0.287,0.24,0.304,164.959,4,metal
66lWvfNt5DaPXPbuZLApUf,Nickelback,Those Days,San Quentin,9,211457,True,0.671,0.934,0,-4.496,1,0.0486,0.000145,1.81e-05,0.104,0.832,124.005,4,metal
5e3YOg6fIkP0wD5TyxcHOH,Living Colour,Vivid (Expanded Edition),Cult of Personality,68,294826,False,0.504,0.918,0,-3.463,1,0.0517,0.00164,2.12e-05,0.78,0.539,92.031,4,metal
5ih5d9WJSI7Hxz0KIPJPY2,Slipknot,"The End, So Far",Yen,70,283786,False,0.562,0.934,2,-4.264,1,0.111,0.000833,0.0159,0.298,0.302,137.005,4,metal
6jDTQvwOkgUhS2PMbVPgEr,STEELHEART,Heavy Metal Summer,She's Gone,49,392400,False,0.416,0.559,0,-10.751,0,0.0349,0.00346,0.0831,0.148,0.152,137.18,4,metal
5gdg8veEXwC9qPnmXZN1x1,Issues,Emo Christmas 2022,"Merry Christmas, Happy Holidays",0,227973,False,0.607,0.919,1,-5.432,1,0.172,0.0275,0.0,0.225,0.469,109.993,4,metal
69UZ7jq0OEfymnk2mmXScI,White Zombie,Rock & Halloween,Thunder Kiss '65,0,234466,False,0.636,0.937,9,-3.94,1,0.044,0.00117,0.000223,0.54,0.395,112.641,4,metal
1nQYbtP8RwXxA7DwW6Kn38,Rob Zombie,Twisted Halloween Hits,Living Dead Girl,0,201400,False,0.518,0.948,6,-5.579,0,0.0676,0.00512,0.0996,0.228,0.548,103.025,4,metal
35ZmCVnfYRdK1iLGCxNhMa,Static-X,Shadow Zone,The Only,64,171106,False,0.428,0.979,1,-2.929,1,0.225,7.04e-05,0.0,0.129,0.292,104.84,4,metal
3BIDLsbt2mhciopVG1tuBw,Oficina G3,Depois da Guerra,Eu Sou,39,352432,False,0.359,0.924,8,-4.096,1,0.0719,0.000377,5.96e-06,0.0982,0.422,199.91,4,metal
3mJV4kByjmgU3ubU7JPp9W,Marilyn Manson,Halloween 2022,You And Me And The Devil Makes 3,0,264266,False,0.596,0.964,2,-5.754,1,0.0804,9.52e-05,0.834,0.203,0.399,128.021,4,metal
5ofoB8PFmocBXFBEWVb6Vz,Architects,For Those That Wish To Exist,Animals,67,244364,True,0.532,0.759,1,-3.842,0,0.0319,0.000123,0.02,0.073,0.293,95.01,4,metal
0OxDGZakSMFjEHSoQHEjfy,Deep Purple,80s Bangers Vol. 2,Perfect Strangers,1,328426,False,0.521,0.72,2,-7.699,1,0.0254,0.00352,0.0114,0.391,0.609,97.577,4,metal
2AMjuIoFxAYnQ5PWrRceOP,Rob Zombie,Twisted Halloween Hits,Dragula,0,222893,False,0.579,0.978,0,-5.327,0,0.0548,8.55e-05,0.000141,0.0955,0.558,125.073,4,metal
5IVA7WzOlWrmZh8EqZqMaw,Hatebreed,The Concrete Confessional,Looking Down the Barrel of Today,70,161626,True,0.486,0.986,1,-4.71,1,0.0818,0.000662,0.048,0.29,0.501,180.085,4,metal
7fcfNW0XxTWlwVlftzfDOR,Pantera,Vulgar Display of Power,Walk,74,315120,True,0.43,0.704,1,-8.008,0,0.0804,0.000155,0.00221,0.0933,0.703,118.242,4,metal
1aSlbsafTMTjyu9Q616v8a,Upon A Burning Body,Red. White. Green.,Planet Terror,26,204333,False,0.294,0.976,9,-4.638,1,0.28,0.00211,0.0,0.0757,0.0391,104.149,3,metalcore
1Ho5lI6FHNyG8H7UW5kSrs,Architects,the classic symptoms of a broken spirit,living is killing us,0,221406,True,0.469,0.849,0,-3.157,1,0.0527,2.23e-05,0.000212,0.571,0.266,94.962,4,metalcore
5SrbYHN89Ay0EFCiyqyB4a,Chiodos,Bone Palace Ballet: Grand Coda,Smitten For The Mitten,26,195293,False,0.483,0.968,5,-3.167,1,0.111,0.0163,0.0,0.331,0.195,93.988,4,metalcore
04K4hdavNtIwDwn3V6IKOE,In Hearts Wake,Skydancer,Badlands,25,195562,False,0.551,0.997,2,-0.974,1,0.112,1.03e-05,0.617,0.0806,0.121,111.976,4,metalcore
5OxclJsdFESni44YlpNpkR,Bring Me The Horizon,Parasite Eve,Parasite Eve,65,291812,True,0.589,0.797,9,-5.464,1,0.15,0.0289,4.35e-06,0.383,0.232,102.489,4,metalcore
3le4ECmJTUNXYLsGjQYSXi,Our Last Night,Oak Island,Sunrise,57,229250,False,0.376,0.877,7,-4.007,1,0.0554,0.00395,4.26e-05,0.16,0.168,74.954,4,metalcore
4db68Sbkp5DydcmUAJgNvs,Gideon;Drew York,Out of Control,2 CLOSE (feat. Drew York),28,222823,True,0.587,0.959,5,-3.304,0,0.0692,0.000136,0.0578,0.67,0.446,97.531,4,metalcore
6m1mPWWQTiOp2Daf024oCW,Architects,the classic symptoms of a broken spirit,all the love in the world,0,241040,True,0.386,0.906,7,-2.884,1,0.0916,3.68e-05,0.00011,0.227,0.48,161.787,4,metalcore
0wXK5IepYKg2qfpCAoSsqC,Vanna,A New Hope,The Same Graceful Wind,26,235106,False,0.345,0.988,4,-4.912,0,0.208,0.000379,0.0,0.215,0.11,124.741,4,metalcore
1FrQqK2Q1nsfuymS8gZfRO,May of Sorrow,Another Side (Reload),Sand,25,203728,False,0.484,0.941,0,-3.887,0,0.0658,0.000394,0.0,0.148,0.535,180.025,4,metalcore
1g5Jqwo02PuitYfv19B6Jn,We Came As Romans;Caleb Shomo,Darkbloom,Black Hole,50,179186,False,0.49,0.956,5,-4.249,0,0.0675,2.32e-05,0.0,0.455,0.412,110.042,4,metalcore
4fpdKDIpr8YVg89VRlLL2r,A Day To Remember,For Those Who Have Heart,"Fast Forward To 2012 - Live At The Capitol / Ocala, FL / January 5, 2008",30,147426,False,0.315,0.956,7,-8.301,1,0.173,0.00784,5.03e-06,0.616,0.137,143.069,4,metalcore
4bE3cBcwAe7T5SklvbkiYZ,I Prevail,TRAUMA,Breaking Down,62,206146,True,0.503,0.568,4,-7.182,0,0.0341,0.00131,0.00144,0.0856,0.0705,126.935,4,metalcore
1aBVudllbYWxn7ZHiKVPZY,Walls of Jericho,With Devils Amongst Us All,And Hope to Die,24,194840,False,0.271,0.989,2,-2.351,1,0.223,0.000398,0.0,0.324,0.277,158.034,4,metalcore
2lUECytCuzKCCDSsUdIqyC,Memphis May Fire,Make Believe,Somebody,13,200000,False,0.479,0.99,10,-2.801,0,0.102,0.00661,0.0,0.104,0.637,137.979,4,metalcore
2goJK85OkKFSLkv7k0qa1f,Wage War,Manic,Godspeed,56,186933,False,0.525,0.95,7,-3.175,1,0.0919,2.22e-05,0.0,0.304,0.509,115.055,4,metalcore
6dvh0VS6h6QBihnGFOxZtI,Wildways,Картины счастливого мира,Весна,37,188500,False,0.5,0.911,9,-3.192,0,0.0532,0.00196,0.0,0.351,0.35,120.016,4,metalcore
4WL3FDdLkZzy1xdAcgcCqL,Upon A Burning Body,Red. White. Green.,From Dusk Till Dawn,24,151695,False,0.366,0.982,9,-4.123,0,0.234,4.21e-05,1.92e-06,0.312,0.196,118.264,4,metalcore
5znIVOv7RucpCHGkbonySq,Parkway Drive,Reverence,The Void,58,233079,False,0.571,0.954,2,-3.399,0,0.0464,0.000432,0.0014,0.058,0.53,123.051,4,metalcore
690SQwV9HI5aK07YO5yByz,Villain of the Story,Divided,Losing Control,56,208920,False,0.548,0.966,11,-4.616,1,0.0719,0.00101,0.0,0.436,0.474,125.037,4,metalcore
3YvEJX5kgNn5VCxroKxwQG,Gideon,Out of Control,out of control,25,263680,True,0.533,0.975,6,-3.219,1,0.0759,7.21e-05,0.0013,0.113,0.307,102.516,4,metalcore
6QhzpxVOPMeku3Yuz3aeEl,Gideon,Calloused,Calloused,28,220480,False,0.555,0.994,6,-2.139,1,0.0909,0.00122,0.0,0.362,0.318,114.956,4,metalcore
37LTDJrNmWco1qHO1AuZ1r,Wage War,Manic,Circle The Drain,61,215346,False,0.448,0.969,5,-3.309,0,0.11,0.000129,0.000135,0.0771,0.387,92.512,4,metalcore
0v3UwgJhdNCaEIMyuaoqyt,We Came As Romans,Darkbloom,Darkbloom,50,228266,False,0.494,0.837,8,-5.406,1,0.0413,8.64e-05,4.95e-06,0.124,0.358,109.996,4,metalcore
3kRGiGpjCFS7CtEBSfHNH0,Parkway Drive,Darker Still,Soul Bleach,58,211996,True,0.555,0.96,1,-3.254,1,0.0844,2.79e-05,0.00391,0.342,0.353,126.913,4,metalcore
2J0p9XIUKJfY6g013MrRoO,Fritz Kalkbrenner,Sick Travellin',Brumaire,18,444714,False,0.723,0.811,1,-12.246,1,0.0342,0.0198,0.874,0.136,0.0985,124.028,4,minimal-techno
14rSIgekMulAiaXhvGfWvt,Moonbootica;Ante Perry,Urban Artistic Music Issue 45,Blow Your Cool - Extended Mix,0,378388,False,0.785,0.875,1,-5.983,1,0.0608,0.000107,0.686,0.0506,0.774,122.997,4,minimal-techno
6ekLy1OsrYdLMbcqc0KZ8G,Solomun,Nobody Is Not Loved,Home,28,221090,False,0.679,0.707,2,-11.453,1,0.04,0.00634,0.855,0.18,0.258,120.007,4,minimal-techno
3PpMfZDmJRjsiUCUwYPFqT,Worakls;Boris Brejcha,"Hungry Music Remix, Vol. 1",Toi - Boris Brejcha Remix,39,468480,False,0.822,0.429,2,-11.657,1,0.0835,0.00331,0.601,0.0874,0.165,124.992,4,minimal-techno
71X3gFOEhD0GpttlQSc1gr,Fritz Kalkbrenner;Ben Böhmer,True Colours,Where The Roads Collide,17,294666,False,0.643,0.676,7,-9.708,0,0.0341,0.194,0.81,0.105,0.142,120.0,4,minimal-techno
2AA8bmX7QdpBa87ILkI2ya,Christian Löffler;Menke,Lys,Lys (feat. Menke),39,260510,False,0.695,0.351,10,-18.41,0,0.0358,0.333,0.814,0.0946,0.177,116.999,4,minimal-techno
2HjcFrEc1qBZEhWKlEgbqd,Droplex;Mark Dekoda,Nebel,Nebel,49,292500,False,0.934,0.533,8,-6.17,1,0.0789,0.00694,0.447,0.0942,0.15,128.001,4,minimal-techno
6TRljMcCdetlogDSmEsLU9,Boris Brejcha,Mein Wahres Ich,My Love,38,451869,False,0.798,0.767,0,-8.73,1,0.0355,0.00681,0.823,0.11,0.368,127.996,4,minimal-techno
4f6nQA7W6TREhfwo4iYm3h,C-Ro;Don Bnnr;Lazy Panda,Light Comes Up,Light Comes Up,20,154373,False,0.811,0.799,0,-4.888,0,0.0433,0.152,0.0006,0.0789,0.0988,123.98,4,minimal-techno
2wFblS49qUyicuDXHcvSFD,Raumakustik,The Masquerade (Mixed by Claptone) [Mixed],Raider - Mixed,18,359053,False,0.802,0.974,7,-7.746,1,0.102,0.00221,0.883,0.151,0.439,123.039,4,minimal-techno
2nQGEVtP6hTGiddjZm7iVF,John Talabot,My Old School,Afrika,19,454986,False,0.732,0.583,7,-9.21,0,0.0596,0.0147,0.958,0.0967,0.0895,113.997,4,minimal-techno
5JGCS3oySt8hnSQeMOqDGc,Solee,Sternstunde | Exhilaration,Exhilaration,42,414326,False,0.662,0.725,4,-8.958,0,0.0469,0.059,0.717,0.0772,0.301,124.994,4,minimal-techno
5h1y0Ah4mwwCWTSSUbCQSP,Josh Wink;Adana Twins,Higher State Of Consciousness (Adana Twins Remixes),Higher State Of Consciousness (Adana Twins Remix Two),8,415728,False,0.787,0.966,7,-7.494,1,0.0712,0.177,0.894,0.112,0.504,122.998,4,minimal-techno
0VomrCFhqYNVuhfIRPLeVa,Oliver Schories,Fields Without Fences,Daily Routines,49,412133,False,0.982,0.478,5,-7.658,0,0.202,0.118,0.74,0.112,0.567,122.007,4,minimal-techno
3odvxxzdbwQ3eBY6TRiIHt,Booka Shade;Jan Blomqvist,Blaze,Blaze,56,215875,False,0.664,0.636,8,-6.722,0,0.0317,0.0115,0.631,0.0523,0.383,123.996,4,minimal-techno
5cLgbaAbT211xskzOex6IX,Recondite,Taum,Naif,32,224320,False,0.793,0.678,8,-11.068,0,0.0568,0.166,0.86,0.108,0.902,133.999,4,minimal-techno
0iCRn8Eztc3um6S5YAavnn,Moderat,MORE D4TA,DRUM GLOW,49,284200,False,0.593,0.906,5,-9.375,1,0.0454,0.278,0.913,0.0961,0.412,139.019,4,minimal-techno
2BJI8RyfQQaV84HuDiwvI6,Apparat,LP5,DAWAN,41,272879,False,0.629,0.732,0,-11.986,1,0.0519,0.353,0.91,0.1,0.308,172.034,4,minimal-techno
5mLllF9AIePVdhExTiNyyr,Joris Voorn;Underworld,Too Little Too Late (Little Late Edit),Too Little Too Late - Little Late Edit,46,258984,False,0.682,0.737,4,-10.628,0,0.0412,0.00559,0.689,0.0873,0.169,128.005,4,minimal-techno
6t2n3UIVbiLf31I3GiI4qG,Josement,Lush And Love XXII,My Battery Is Hungry - Original Mix,0,428341,False,0.702,0.775,5,-10.667,0,0.0525,0.00112,0.918,0.0986,0.209,130.008,4,minimal-techno
32TMYaqi8DNsXtv3Ffnf1N,Booka Shade,Contour EP,Confide (Contour 1) - Booka Shade Rework,21,375840,False,0.625,0.591,7,-11.039,0,0.0342,0.00502,0.915,0.123,0.0411,124.999,4,minimal-techno
3joCfQaNHoW7xrh7dImwiN,Rone,Tohu Bohu,Bye Bye Macadam,48,265250,False,0.593,0.509,4,-12.042,0,0.0626,0.107,0.893,0.277,0.0769,190.028,4,minimal-techno
3ExDIibVe1gvL319lI1ovi,Marco Carola,Plus Two,Sensation,19,487741,False,0.811,0.762,1,-10.134,1,0.0541,0.00032,0.894,0.0607,0.478,123.997,4,minimal-techno
5sPQZv8GaaGrRFLa5dDzRK,Christian Löffler;Mohna,Mare,Haul (feat. Mohna),53,315369,False,0.634,0.207,11,-22.772,0,0.0354,0.434,0.881,0.105,0.174,117.981,4,minimal-techno
1qolXijooNmOF6qs5Jz7Aq,Matador;braev,Eternity,Eternity,34,416626,False,0.727,0.632,11,-9.523,0,0.0682,0.0042,0.691,0.0982,0.24,122.989,4,minimal-techno
24MXXeJEcB1ennbWoFAJMp,Vanusa,20 Super Sucessos: Vanusa,Mudanças,40,197930,False,0.483,0.474,6,-7.286,0,0.0457,0.614,0.0,0.585,0.428,72.068,4,mpb
7yd3GzvC8fxsk0m6hyEXGX,Luiza Possi;Thiaguinho,Seguir Cantando,Ainda É Tudo Seu,45,238306,False,0.676,0.5,11,-8.432,0,0.0412,0.422,0.0,0.12,0.124,117.987,4,mpb
12yMBcVTUmAweo1eZPmWos,Roupa Nova,Roupacústico (Ao Vivo),A Lenda - Ao Vivo,45,252506,False,0.334,0.678,9,-8.212,1,0.0451,0.197,0.0,0.979,0.55,177.539,4,mpb
4wxIhBInWQcvbZZMhPt21b,Big Up,Ao Vivo Em São Paulo,Como Se O Amanha Não Fosse Chegar - Ao Vivo,40,182810,False,0.483,0.688,6,-2.578,1,0.0317,0.806,3.47e-06,0.681,0.579,145.22,4,mpb
5XCtW9CMVKaulNe0iEAM7V,DUDA BEAT,Deixa Eu Te Amar,Deixa Eu Te Amar,41,172235,True,0.725,0.65,10,-7.937,0,0.0912,0.0719,2.15e-06,0.0783,0.714,169.614,4,mpb
6I1xKOKLWzxIuauemavcz3,Titãs,Ressaquinha,Não vou me adaptar,0,221733,False,0.536,0.399,10,-7.579,1,0.0319,0.307,0.000327,0.105,0.476,81.371,4,mpb
264Jze0mvGjOzxNG8fLEuO,Mônica Salmaso,Iaiá,"Menina, Amanhã de Manhã",40,329680,False,0.378,0.24,3,-17.685,1,0.0652,0.876,6.34e-05,0.114,0.533,101.408,4,mpb
1l75b5q10NeaBkyMy18R5N,Jota Quest,Acústico Jota Quest,As Dores do Mundo - Acústico,42,305701,False,0.609,0.73,0,-9.474,1,0.0581,0.384,0.000489,0.694,0.509,105.163,4,mpb
07i3pSkXkzqS3RPkphFJHn,Melim;Saulo,Cantando Eu Vou,Cantando Eu Vou,43,168514,False,0.68,0.493,6,-7.587,0,0.029,0.763,0.0,0.286,0.669,97.871,4,mpb
3Ea08ZAiu9QOepEYDIc4cl,Roupa Nova,Roupacústico (Ao Vivo),A Força do Amor - Ao Vivo,47,267906,False,0.525,0.774,4,-8.649,1,0.0451,0.121,0.0,0.935,0.721,77.083,4,mpb
324Vv8APc2bHig0lm6wiYC,Jota Quest,Acústico Jota Quest,Dentro de um Abraço - Acústico,43,322422,False,0.689,0.618,9,-10.241,1,0.036,0.594,1.46e-05,0.699,0.491,95.999,4,mpb
46GFAtmuQpg31pX7JdwHQ6,Marisa Monte,Barulhinho Bom,Segue o Seco - Ao Vivo,39,178133,False,0.472,0.674,8,-11.831,1,0.055,0.101,0.000151,0.112,0.829,168.929,4,mpb
1KMBAzA8X44WL5RfxkjSsu,Lagum,MEMÓRIAS (de onde eu nunca fui),FESTA JOVEM,49,112052,False,0.819,0.438,11,-10.611,1,0.303,0.378,0.0,0.37,0.809,130.099,4,mpb
198v7BbjXn2GTeI4NkBN39,Mariene De Castro,Santo De Casa,Vi Mamãe Oxum Na Cachoeira - Live,39,105240,False,0.59,0.697,5,-8.046,1,0.0323,0.75,0.000163,0.621,0.815,126.911,4,mpb
6S1G1YciJfoW5wRzMio6Ll,Agnes Nunes;Neo Beats,Hiroshima,Hiroshima,41,216033,False,0.698,0.358,2,-9.843,0,0.151,0.396,0.0,0.356,0.3,107.052,4,mpb
1zmlYxENm8EkFbTnetcuEz,Os Paralamas Do Sucesso,A Arte De Os Paralamas Do Sucesso,Você,41,196506,False,0.823,0.382,9,-10.552,1,0.0736,0.0926,0.00495,0.108,0.749,144.438,4,mpb
6Obm82gMaFUOkHiDIWUD4y,Melim;Djavan,Outono,Outono,38,204007,False,0.302,0.293,11,-9.702,1,0.0317,0.952,0.0,0.114,0.146,75.007,4,mpb
0n4dWhWRJpt5TO2mAGCKlo,Zeca Baleiro,Líricas,Quase Nada,40,238466,False,0.582,0.698,2,-9.051,1,0.0261,0.275,9.76e-05,0.39,0.81,89.989,4,mpb
50ryecGe7GwSIICiReKbP1,Raul Seixas,A Arte De Raul Seixas,O Trem Das 7,44,159960,False,0.441,0.635,9,-8.318,1,0.0385,0.109,0.0,0.126,0.479,121.745,4,mpb
0Xwyrday8WegUjgW3bXPa3,Vander Lee,Vander Lee (Ao vivo),Onde deus possa me ouvir - Ao vivo,38,217013,False,0.458,0.339,2,-8.041,1,0.036,0.887,0.0,0.72,0.306,126.055,4,mpb
0RJUGIAmaXXvfcnN41HweK,Lagum,Coisas da Geração,É Seu,42,120757,False,0.414,0.526,5,-7.648,1,0.0378,0.577,0.0,0.0832,0.1,158.731,4,mpb
2ReXjoXXQ6diAn9RocOE1F,Fagner,Romance no Deserto,Deslizes,52,252000,False,0.54,0.394,11,-15.022,1,0.0284,0.244,0.0,0.316,0.49,136.48,4,mpb
5YpDmhY73LENoh0JMEvEZV,Tribalistas,Carnavália (Ao Vivo),Carnavália - Ao Vivo,41,270029,False,0.498,0.887,11,-6.644,0,0.0552,0.444,0.00283,0.987,0.365,81.9,4,mpb
4ZBxAQzSqxf09s3ef1KBf7,Seu Pereira e Coletivo 401,Seu Pereira e Coletivo 401,Já Era,43,263040,False,0.64,0.659,7,-8.448,1,0.0385,0.194,0.0,0.167,0.382,127.078,4,mpb
2nPjqjeE2NnjPr1rkoi4kK,Dalto,Meus Momentos,Espelhos D'Água,50,175800,False,0.617,0.568,9,-10.731,0,0.0279,0.0523,2.01e-05,0.152,0.526,113.571,4,mpb
3imHr42Xsa3R3dQvgCiuZ3,Will Ackerman,The Opening Of Doors,The Opening Of Doors,20,370586,False,0.27,0.103,8,-19.866,1,0.0331,0.951,0.909,0.104,0.201,84.679,4,new-age
3eYnhHVteuPWRpmdXEagnm,Brian Crain,Piano and Violin Duet,Andantino,42,236885,False,0.204,0.281,7,-13.888,1,0.0369,0.942,0.551,0.0703,0.193,87.316,1,new-age
6VoYnLiXIpKLg7j2Tnq95x,Deuter,Atmospheres,Uno,52,354973,False,0.262,0.00502,6,-28.14,1,0.0348,0.985,0.965,0.112,0.0509,67.042,4,new-age
1a9tmyZUSN2DhsqlFk7w5a,Queen Latifah,New Jersey Drive Vol. 1,Jersey,23,294693,True,0.839,0.467,6,-12.265,1,0.421,0.0426,1.34e-06,0.117,0.678,83.247,4,new-age
1yOsOTiSKeEGmHQ1xGKquH,Tony O'Connor,Rainforest Magic (30th Anniversary Edition),Mountain Forests (30th Anniversary Edition),35,710533,False,0.19,0.346,1,-18.501,1,0.044,0.783,0.655,0.193,0.159,78.713,4,new-age
5JABzvkbDXIgRro1jp1duD,Dan Gibson's Solitudes,Natural Anti-Stress,Courant Qui S'Ecoule,20,880150,False,0.148,0.216,6,-22.944,1,0.0423,0.824,0.76,0.519,0.0545,82.723,5,new-age
0NOQIVWFlnRntZs30i2KJn,Paul Speer;David Lanz,Natural States,Mountain,22,291960,False,0.532,0.253,0,-16.117,1,0.0318,0.333,0.959,0.109,0.0394,83.338,4,new-age
0OK0R0smXIhO9HvNH64JcC,Mike Rowland,The Fairy Ring (Remastered),"The Fairy Ring, Part 1 - Remastered",22,746093,False,0.0852,0.258,11,-12.255,1,0.0372,0.206,0.959,0.131,0.0395,84.511,4,new-age
1J0mCmH4RF4dVcvkLV8h37,Secret Garden;Fionnuala Gill,You Raise Me Up - The Collection,Sleepsong,42,292160,False,0.172,0.21,2,-13.967,0,0.0393,0.892,0.0638,0.122,0.0395,171.59,3,new-age
5Q1WrsTDRJQXKlqLUo8YkG,Enigma,MCMXC a.D.,Mea Culpa,55,301333,False,0.556,0.762,11,-14.145,0,0.0478,0.0225,0.61,0.362,0.332,109.995,4,new-age
3uBRqN1cGi6OUp9MF2b4HE,Dan Gibson's Solitudes,Stream of Dreams,The Repose,20,376400,False,0.255,0.105,2,-30.505,1,0.0987,0.774,0.198,0.921,0.166,165.786,4,new-age
4k5bHTRIX9HeWhNzH0h3zj,Yiruma,The Best - Reminiscent 10th Anniversary,Sky,44,310880,False,0.365,0.229,0,-18.655,1,0.0447,0.99,0.862,0.164,0.127,105.314,5,new-age
2agBDIr9MYDUducQPC1sFU,Yiruma,Yiruma 2nd Album 'First Love' (The Original & the Very First Recording),River Flows In You,71,188786,False,0.315,0.22,9,-21.343,1,0.0514,0.987,0.943,0.0802,0.116,145.195,4,new-age
1T7QAliOBS2iHntHcTs6jI,Mike Rowland,Arc-En-Ciel: The Healing,The Other Side,21,348493,False,0.172,0.17,6,-14.268,1,0.0319,0.902,0.84,0.0965,0.121,82.104,4,new-age
44ehTQAdu2IxkVNKmVCGVA,Ira Stein,Carousel,Briarcombe,22,383640,False,0.412,0.153,4,-17.123,0,0.0344,0.837,0.881,0.0761,0.08,131.253,4,new-age
69QPVkplpu9vpbKyz7JstA,Jim Brickman,"Soothe, Vol. 2: Sleep (Music for Tranquil Slumber)",Setting Sun,20,355542,False,0.439,0.0962,8,-20.859,1,0.0292,0.882,0.884,0.0697,0.0445,62.984,4,new-age
1Mjsb1o0I16XLlX90ojBca,Jim Brickman,Winter Chill,Coventry Carol,0,202703,False,0.302,0.039,9,-19.122,0,0.0349,0.98,0.905,0.0632,0.0621,130.765,4,new-age
0ImYtGljvVGvRIFueRumGE,Jim Brickman,Winter Chill,The Little Drummer Boy,0,173956,False,0.351,0.0709,0,-19.615,1,0.034,0.981,0.872,0.105,0.0951,139.035,4,new-age
7v373TJVKDsnubhoMJ7eA1,Conjure One;Rhys Fulber,Conjure One,Make A Wish,38,272053,False,0.621,0.714,7,-8.364,0,0.0317,0.0521,0.109,0.627,0.415,96.014,4,new-age
1B6CyKUhKLCsmMCRqi95Is,Jim Brickman,Beautiful World (Deluxe),In The Mountain Air,22,154800,False,0.364,0.213,7,-18.34,1,0.0411,0.979,0.814,0.151,0.359,131.83,4,new-age
1tUeaAwcZK4S1CUDtDwJDc,Brian Crain,Piano and Cello Duet,Butterfly Waltz,48,223346,False,0.361,0.185,5,-14.602,1,0.0362,0.988,0.899,0.21,0.401,129.439,3,new-age
0cGxbboNdXxfMtGppUdExl,Dan Gibson's Solitudes,Desert Retreat,Whispering Sands,22,779893,False,0.188,0.0884,4,-26.723,0,0.0416,0.987,0.769,0.372,0.0823,80.083,4,new-age
71QWBr5CLcQFXkXgzrg3Iy,Tony O'Connor,Dreamtime,Magic,21,532906,False,0.297,0.0213,0,-24.777,1,0.041,0.988,0.843,0.0766,0.194,91.802,4,new-age
0eItcs7GIjo0JX7YcESG1O,Paul Cardall,Hymns,"Come, Come Ye Saints",21,250400,False,0.417,0.0416,4,-19.349,1,0.0529,0.983,0.925,0.0741,0.0966,127.388,4,new-age
5qBTgZFjztQUPWm6oIIQFv,Yiruma,The Best - Reminiscent 10th Anniversary,Scenery,44,291720,False,0.456,0.182,0,-17.393,1,0.065,0.992,0.87,0.098,0.155,119.454,4,new-age
3F10yGruAGAJhxvyd3NDgW,Giuseppe Verdi;Vincenzo Ciliberti,CD 2 LE NOVITÀ,Attila - Santo di patria... Allor che i forti corrono,0,216129,False,0.149,0.553,10,-6.576,1,0.0412,0.906,0.719,0.637,0.369,178.113,1,opera
5PAdbw7X61H3fQ8OwaTuBO,Jacques Offenbach;Boston Symphony Orchestra;Seiji Ozawa,"Ballet Highlights - The Nutcracker, Romeo & Juliet, Swan Lake",Gaîté parisienne: Barcarolle,50,227973,False,0.103,0.0725,2,-23.629,1,0.0375,0.96,0.694,0.378,0.0747,77.356,4,opera
0HTAIhTWy9RLhbSgnYUzfD,José Carreras,Recital de Canciones,Solamente una Vez,18,174533,False,0.29,0.204,5,-16.134,1,0.0377,0.994,0.342,0.116,0.279,85.044,4,opera
4QxvGE6cdx4AIRwpjo9czl,Andrea Bocelli,You're The Inspiration: The Music Of David Foster And Friends (Int'l DMD),Amapola - Live,21,247066,False,0.2,0.499,3,-9.604,1,0.0586,0.854,0.00147,0.975,0.0895,146.629,4,opera
3S57yUN9gSk1Db1H4cMtTg,Giuseppe Verdi;Maria Dragoni;Kristjan Johannsson;Barbara Dever;Mark Rucker;Francesco Ellero d' Artegna;Riccardo Ferrari;Antonio Marcenò;Monica Trini;Colin Mawby;RTÉ Philharmonic Choir;RTE Chamber Choir;Culwick Choral Society;Bray Choral Society;Dublin County Choir;Dun Laoghaire Choral Society;Cantabile Singers;Goethe Institut Choir;Musica Sacra;The Phoenix Singers;RTÉ National Symphony Orchestra;Irish Army No. 1 Band;Ricco Saccani,Verdi: Aida,Aida: Act II: Marcia,50,94666,False,0.307,0.107,8,-20.164,1,0.0396,0.864,0.955,0.126,0.321,112.328,4,opera
58Xkg3LJSLNJ16TjPivQmL,Josh Groban;Arturo Sandoval,All That Echoes (Deluxe),Un alma más (feat. Arturo Sandoval),21,250453,False,0.483,0.521,7,-9.221,0,0.0397,0.685,2.97e-05,0.1,0.43,172.098,4,opera
3Olsvqd6AC8WOlBEtZkU8V,Alberto Urso,Il Sole Ad Est,Non Sono Più Lo Stesso,22,211106,False,0.314,0.806,1,-2.459,1,0.0453,0.251,0.0,0.107,0.286,108.041,1,opera
6umBxaxgV2q52o3Q8wH2Ma,Susan Boyle,I Dreamed A Dream,I Dreamed a Dream,52,190560,False,0.286,0.378,10,-8.752,1,0.0382,0.803,0.000518,0.107,0.113,69.316,4,opera
1FjHYiyN34dh9V6mrWq3mo,Roberto Alagna;Yvan Cassar;Paris Symphony Orchestra,Sicilien,Parla piu piano (Thème du Parrain),31,197146,False,0.334,0.433,11,-5.624,0,0.0291,0.939,0.00502,0.121,0.235,136.98,4,opera
4lI1izPJwDoyDCrxgMCWtN,Epica,Live At Paradiso,Run For A Fall - Live At Paradiso,24,428187,True,0.271,0.583,4,-8.182,0,0.0517,0.246,1.59e-05,0.806,0.251,112.003,4,opera
7oONS5KyagKsvkl6oGvGxo,Josh Groban,Illuminations,The Wandering Kind (Prelude),23,157360,False,0.363,0.312,8,-14.066,1,0.0309,0.713,0.934,0.183,0.344,62.766,4,opera
0ekjNSeieypnjsTUKqW46v,Jules Massenet;London Symphony Orchestra;Richard Bonynge,Fête de Ballet,"Le roi de Lahore, Opera in five Acts: Entr'acte Act V & Adagio & Waltz, Ballet Act III",21,436000,False,0.263,0.221,3,-17.468,1,0.0404,0.971,0.8,0.136,0.19,109.25,4,opera
5BpBzULpMAuYl00QTwl6b5,George Perris,Live,The Windmills of Your Mind / Les Moulins De Mon Coeur (Live),23,144693,False,0.351,0.55,4,-10.61,0,0.107,0.601,0.0,0.716,0.622,154.156,4,opera
78KEUDqdN4IMpxVcxLR7Kh,Giorgia Fumanti,Libertango (Radio Edit),Libertango - Radio Edit,20,200566,False,0.536,0.46,7,-9.103,1,0.0336,0.937,0.87,0.0898,0.304,121.948,4,opera
3gkaIUaByFC8OOvLVH9c4H,Giuseppe Verdi;Yevgeny Nesterenko;Orchester der Deutschen Oper Berlin;Giuseppe Sinopoli,Verdi: Nabucco,"Nabucco / Act II: Vieni, o Levita!",22,61266,False,0.23,0.0546,7,-23.952,1,0.0436,0.958,0.0238,0.137,0.0921,162.878,3,opera
7IxkjiVOXaPjb0xy7UcF7s,Lisa Kelly,Lisa,The Deers Cry: From the Pilgrim,23,222479,False,0.236,0.151,0,-14.181,1,0.0406,0.95,7.56e-06,0.109,0.256,83.692,3,opera
2WmbbiWfFEKsSZe6E5GeVe,Nightwish,Century Child,The Phantom Of The Opera,60,248706,False,0.431,0.829,5,-7.713,0,0.0491,7.33e-06,0.03,0.086,0.356,131.891,4,opera
4ABDFuZgqdg9X8Rw02WfYF,Nightwish,Spooky Scary Season,The Phantom Of The Opera,1,248240,False,0.433,0.848,5,-6.92,0,0.0496,6.53e-06,0.0316,0.0982,0.324,131.9,4,opera
6sYU0eGQKhWUq5acEHiOyW,Adolphe Adam;Rolando Villazón;Xavier De Maistre,Weihnachten Klassik 2022,O Holy Night,0,210401,False,0.322,0.157,2,-15.679,1,0.0351,0.944,0.031,0.103,0.113,107.014,3,opera
6c64u472Cg7WP9vK3tkw8f,Andrea Bocelli,Andrea (Remastered),Libertà,21,237555,False,0.443,0.618,3,-6.319,1,0.0473,0.489,1.52e-05,0.187,0.32,144.021,4,opera
3zptfwfioQPIHNstRSfGHG,Órla Fallon,Lullaby Time,Suantrai (Brahms Lullaby),24,158600,False,0.332,0.0808,9,-18.93,1,0.0498,0.989,0.16,0.107,0.208,79.276,1,opera
4lJ1STTajoMAx802bHqA45,Giacomo Puccini;Tom Krause;Pier Francesco Poli;Piero de Palma;John Alldis Choir;London Philharmonic Orchestra;Zubin Mehta,Puccini: Turandot,"Turandot / Act 2: O mondo, O mondo",23,333133,False,0.34,0.239,3,-19.237,1,0.0558,0.974,8.82e-05,0.456,0.297,93.767,4,opera
2btbz8nKuheHXb9x0luUPT,Georges Bizet;Angela Gheorghiu;Michel Plasson;Wolff;Orchestre National Du Capitole De Toulouse,Bizet : Carmen,"Carmen, Act II, No.17 Duo (continued...): La-la-la-la / Attends un peu, Carmen (Carmen/Don José)",23,118733,False,0.527,0.152,5,-22.636,1,0.0946,0.907,8.48e-06,0.354,0.681,115.501,4,opera
5ITi64nceMr4EgWfqmivd4,Andrea Bocelli;Dua Lipa,Sì (Deluxe),If Only,52,217224,False,0.236,0.207,4,-10.829,1,0.0334,0.875,8.15e-06,0.0934,0.0757,147.518,4,opera
3Nuwv0OCUO3TFYQjxAtRnC,Hayley Westenra,River Of Dreams - The Very Best of Hayley Westenra,Pokarekare Ana,26,198813,False,0.149,0.149,7,-13.189,1,0.0365,0.8,3.6e-06,0.111,0.113,77.697,4,opera
05QsnIXjPo4ZUhvlV1JxfA,Sorriso Maroto,É Diferente (Ao Vivo),Amanhã - Ao Vivo,52,238960,False,0.62,0.746,0,-8.475,1,0.0461,0.505,0.0,0.702,0.763,140.038,4,pagode
71BRjOzgS7GLAut8pOlElG,Sorriso Maroto,Sinais,Sinais,60,243493,False,0.698,0.711,9,-6.037,1,0.0296,0.74,0.0,0.104,0.683,134.097,4,pagode
3GLpIUWDgAecg0LCHz1r0m,Marvvila;Dilsinho,Marvvila na Área (Ao Vivo),Convite - Ao Vivo,46,197454,False,0.521,0.649,8,-8.189,1,0.0285,0.764,0.0,0.433,0.688,140.067,4,pagode
35hcTbiin6rMydWixorzN5,Arlindo Cruz;Caetano Veloso,Batuques do Meu Lugar (Ao Vivo),Trilha do Amor - Ao Vivo,46,241173,False,0.437,0.729,2,-7.84,0,0.0643,0.646,0.0,0.982,0.658,84.068,4,pagode
3s5eF58FHyYXO4ckNWHWIB,Doce Encontro,Além dos Limites,Sem Razão,42,217880,False,0.616,0.571,4,-9.906,1,0.039,0.401,0.0,0.11,0.414,74.897,4,pagode
6d9qq2PhNjE2lZRR72dcf7,Os Travessos,Os Travessos 20 Anos (Ao Vivo),Adivinha / Sorria - Ao Vivo,42,310797,False,0.327,0.905,7,-5.151,1,0.127,0.101,0.0,0.699,0.645,155.701,4,pagode
5dKNjyNIh9A6Rdm3Ek4Dlp,Péricles,Nos Arcos da Lapa,Pela Hora,40,170853,False,0.596,0.821,8,-6.023,1,0.054,0.641,0.0,0.701,0.87,118.268,4,pagode
6CtNhAbI35jsI1BFlwhXwd,LUDMILLA,Numanice,Cheiro bom do seu cabelo,46,167806,False,0.603,0.68,6,-6.693,0,0.031,0.69,1.2e-05,0.402,0.894,91.941,4,pagode
3FkeNbs9Zeiqkr3WkbOiGp,Anitta,Versions of Me,Envolver,76,193805,False,0.812,0.736,4,-5.421,0,0.0833,0.152,0.00254,0.0914,0.396,91.993,4,pagode
2wd2B6rMa5IJ4harNZp3CU,Rodriguinho,Uma História Assim,Não Tem Hora e Nem Lugar,40,267893,False,0.596,0.732,2,-8.115,1,0.0551,0.455,0.0,0.362,0.338,148.101,4,pagode
2Rlsfa7YK4ZyJYTVVmlca3,Kamisa 10,"Pagode do K10 (Ao Vivo em Goiânia), Vol. 2",Por Tão Pouco / Teu Segredo / Sayonara - Ao Vivo,45,876750,False,0.509,0.763,9,-6.183,0,0.039,0.686,3.57e-05,0.778,0.578,155.116,4,pagode
7403W5ylwNjRRUm8aIUNHR,Exaltasamba,Ao Vivo Na Ilha Da Magia,"Já Que Tá Gostoso Deixa (Mata Papai) - Ao Vivo Na Ilha Da Magia,Brasil/2008",46,220636,False,0.721,0.737,9,-8.725,0,0.0692,0.581,1.58e-06,0.942,0.831,102.52,4,pagode
1M9n7XnWDThtGZoD4hseVu,Timbalada,Andei Road,Mimar Você,44,240760,False,0.715,0.65,11,-9.931,0,0.0514,0.445,1.88e-06,0.269,0.889,109.081,4,pagode
0YP9RUlhsYw7MdM5wV89Bp,Grupo Revelação,Velocidade da Luz,Baixa Essa Guarda,45,193146,False,0.625,0.797,5,-6.917,1,0.0659,0.617,0.0,0.194,0.816,87.645,4,pagode
2JVkbbkS4KcOMDpOQbEp1p,Grupo Fundo De Quintal,Palco Iluminado,Não Tem Menos Semelhante,43,252866,False,0.601,0.676,2,-6.838,1,0.0308,0.366,0.0,0.206,0.814,143.122,4,pagode
24x5oInzj9hnzyronG3gdS,Soweto,Eu Sou O Samba - Soweto,Maça Do Amor,44,216813,False,0.507,0.772,2,-10.235,1,0.108,0.223,0.0,0.241,0.84,171.137,4,pagode
3CBOvR0mJYZF1uq8vyjj3y,Grupo Clareou;Belo,Posso Te Chamar de Mô,Posso Te Chamar de Mô,44,198618,False,0.496,0.776,0,-5.765,1,0.0476,0.561,0.0,0.955,0.785,81.826,4,pagode
4nzYO2gblduWhKhjmVZk1O,Dilsinho;Jorge & Mateus,Pódio,Pódio,46,182476,False,0.679,0.674,10,-7.25,1,0.074,0.824,0.0,0.357,0.947,155.916,4,pagode
4HDhnw6qYZNlQqLttbHHEa,LUDMILLA,Numanice,Um Pôr do Sol na Praia,47,160656,False,0.663,0.8,4,-6.583,0,0.038,0.723,0.000137,0.102,0.971,80.015,4,pagode
5hj27tfTJtVyd51BW3q4KV,Sorriso Maroto,Como Antigamente (Ao Vivo),Apenas Desejo - Ao Vivo,42,172880,False,0.583,0.622,9,-7.223,1,0.0395,0.658,0.0,0.342,0.742,159.872,4,pagode
18nD2SZN8cE9nK4ep5ZeUQ,Sem Compromisso,Ao Vivo,Ainda sei te amar,42,266306,False,0.391,0.902,9,-4.128,1,0.0528,0.464,0.0,0.941,0.775,141.233,4,pagode
18EfjSH1r9Jf6vx52eby5c,Calcinha Preta;Gusttavo Lima,Agora Estou Sofrendo (Ao Vivo),Agora Estou Sofrendo,51,258968,False,0.612,0.654,9,-3.79,0,0.0299,0.613,0.0,0.446,0.386,124.881,4,pagode
49BfJjMs40ki2rIRX4IbN3,Turma do Pagode,O Som das Multidões,Horário de Verão - Ao Vivo,45,171560,False,0.523,0.827,2,-7.975,1,0.0406,0.553,0.0,0.798,0.443,93.026,4,pagode
47uFA64u70EIIAda7rdItD,Péricles;Xande De Pilares,"Pagode Do Pericão II, Pt. 2 (Ao Vivo)",Estrela Da Paz - Ao Vivo,41,208983,False,0.646,0.811,2,-7.004,1,0.117,0.669,0.0,0.343,0.929,113.856,4,pagode
4u1MSjULnQ95O8w3cJTOzl,Arlindo Cruz,Mtv Ao Vivo Arlindo Cruz - Cd 1,O Que É o Amor,49,248173,False,0.509,0.75,2,-7.273,1,0.037,0.692,4.63e-06,0.798,0.816,93.948,4,pagode
162CaoHeul0CCxeN5xf4Vd,Brings,Best Of Karneval,"Polka, Polka, Polka - Club Mix",0,282343,False,0.775,0.99,9,-4.267,0,0.0467,0.0103,0.000741,0.0411,0.949,127.999,4,party
2EnNzwYRvxU9vnTWq0dXWu,Klaus & Klaus;Lorenz Büffel,DJ Cashi präsentiert Mallora Closing 2022 powered by Xtreme Sound,Biergit (Wo es noch Bier gibt),1,213061,False,0.852,0.978,11,-4.328,1,0.0463,0.124,0.0,0.375,0.942,130.072,4,party
4ik7U3CHIZp8mDx7zV8ZeU,Paveier,Karneval der Stars 49,Sieben Nächte lang in Amsterdam,29,195386,False,0.653,0.766,0,-4.167,1,0.032,0.000576,8.76e-06,0.253,0.785,129.937,4,party
49ZnsnaVWKVt0cA3eeBVtz,voXXclub;Paveier,Karneval 2022 100%,Leev Marie,1,271093,False,0.484,0.844,5,-3.78,0,0.0375,0.0119,0.0,0.193,0.729,148.026,4,party
29lRfchZ443zFbtRMLY1QU,Bierkapitän;Andy Luxx;Dj Aaron,Karneval 2022 100%,Lea,0,159374,False,0.66,0.977,6,-2.232,0,0.0579,0.0278,0.0,0.337,0.771,140.013,4,party
39BgsO0W6Xkyuv8D1hXURG,DJ Ötzi,20 Jahre DJ Ötzi - Party ohne Ende,7 Sünden - Xtreme Sound Remix 2019,31,233320,False,0.689,0.984,7,-3.531,1,0.0469,0.0157,0.0,0.365,0.796,130.008,4,party
5QYnAUA5esDf99x7oYN6tY,Matthias Reim,Das ultimative Best Of Album,Wie man liebt,24,253520,False,0.576,0.828,5,-5.33,1,0.0303,0.0168,0.0,0.0764,0.593,124.036,4,party
5D7pZbo7zTa1BgBm696YXb,DualXess;Stefan von BierKeller;Inked_Princess__,Butzemann,Butzemann,26,126511,False,0.482,0.889,1,-3.993,1,0.122,0.0132,0.0,0.133,0.277,149.969,4,party
4A7ugctNkmbjCGCwuo8SlC,Buddy,Ballermann Hits Party 2023,Bis das Licht angeht,0,152571,False,0.732,0.842,8,-12.88,1,0.141,0.0171,0.00033,0.0876,0.21,139.93,4,party
2Ud1CGW1qtbI72utEWlwzR,Nancy Franck;Cowboy KiTa Bill,Best of Kinderkarneval 2019,Ich kenne einen Cowboy,34,199763,False,0.657,0.995,0,-1.721,1,0.0376,0.0449,0.00265,0.35,0.977,135.061,4,party
3HaAS5MOzW1SubBE0wVB2y,Höhner,Karneval 2022 100%,"Wenn nicht jetzt, wann dann?",0,192040,False,0.681,0.923,9,-4.365,0,0.0381,0.0729,0.0,0.0701,0.786,105.002,4,party
1kFhUVgekAWjOWX2ZzvsCN,Rick Arena,Malle DNA,Malle DNA,34,190160,False,0.639,0.951,1,-2.335,0,0.122,0.0473,0.0,0.294,0.695,137.986,4,party
2jRlS0Dwiwkni1lLrtGj5z,Tim Toupet;DJ Padre,Ballermann Stars - Die Apres Ski Party Hits 2012 - Die Karneval und Apres-Ski Schlager bis 2013,Humba Täterä - Stadion-Mix,28,189026,False,0.764,0.986,1,-2.677,0,0.165,0.165,0.0,0.0951,0.384,127.974,4,party
5mkjplHZNNa8ebq0ZEucBh,Cooltime Kids,Halloween y diversión para peques,Ding Dong The Witch Is Dead,0,161560,False,0.596,0.964,7,-3.708,1,0.0515,0.0109,7.85e-06,0.235,0.799,124.025,4,party
3VRowfPfpBF3jUwJpL04kW,DJ Ötzi;Nik P.,Karneval 2022 100%,Ein Stern (der deinen Namen trägt) - Party Mix,0,236306,False,0.716,0.962,0,-3.094,1,0.0334,0.00309,5e-06,0.445,0.945,126.017,4,party
4iEmptNNLVbh810rw10Kmz,Matthias Reim,Wolkenreiter,Sowieso für dich das Letzte,32,205493,False,0.683,0.971,9,-5.426,1,0.0668,0.0727,0.0,0.134,0.833,125.53,4,party
6pLLqDBq11NzPXkrFLl7TD,Marry,DJ Cashi präsentiert Mallora Closing 2022 powered by Xtreme Sound,Sinkt das Niveau,0,182470,False,0.546,0.965,7,-3.273,0,0.196,0.00922,0.0,0.401,0.537,147.02,4,party
3ujiq7yK4Uan5z4876fHLK,DJ Robin;Schürze,Layla,Layla,74,185437,False,0.442,0.922,5,-2.918,0,0.0695,0.00134,0.0,0.432,0.388,140.082,4,party
3diPEpZKPa7DyhpMtp5Psw,DJ Robin;Schürze,Ballermann Hits Party 2023,Layla,0,185437,False,0.442,0.922,5,-2.918,0,0.0695,0.00134,0.0,0.432,0.388,140.082,4,party
45IKNXz8XDwG9hyDynwqj6,Carina Crone,Es eskaliert eh,Es eskaliert eh,26,160589,False,0.765,0.863,11,-2.228,1,0.232,0.0845,0.0,0.305,0.526,132.092,4,party
37jT5FWjizTz0yzow9mj1G,Michelle,Ich würd' es wieder tun (Deluxe),Vergiss mich nicht,29,222933,False,0.744,0.841,1,-4.093,1,0.0855,0.598,0.0,0.336,0.441,127.987,4,party
4WThTvZZDHKmnPwGGeFqsq,Marry;Mia Julia,Geile Zeit,Bis in alle Ewigkeit,25,196218,False,0.437,0.88,1,-3.288,0,0.0451,0.00343,2.47e-06,0.154,0.393,151.998,4,party
6yvL7VEyMDM8ssqdQMgVQy,Brings,Best Of Karneval,Dat is geil,0,210746,False,0.629,0.916,0,-4.148,0,0.0579,0.0504,0.0,0.111,0.499,132.98,4,party
2Q69LDDBUzbqwvCGVMV8kI,Tim Toupet,Allee Allee 2022,Allee Allee 2022,26,184490,False,0.608,0.885,7,-4.611,1,0.0436,0.0163,0.0,0.248,0.431,138.079,4,party
6IujLG0qZPjRKdMH5UjA4Q,Peter Wackel;Chriss Tuxi,Karneval Klassiker,Joana,0,204386,False,0.763,0.906,2,-4.856,1,0.0336,0.174,1.35e-06,0.176,0.961,126.043,4,party
1Nj2oBISdFDSF8eDuXcALz,OneRepublic;Logic,13 Reasons Why (Season 2),Start Again (feat. Logic),62,165626,False,0.564,0.722,1,-5.59,0,0.124,0.162,0.0,0.0931,0.276,99.083,4,piano
1y05VMAnbF0SUrDo7RsMyy,Keane,Обратно в клас - rock,Somewhere Only We Know,1,236160,False,0.453,0.655,9,-4.22,1,0.0257,0.0794,7.06e-06,0.0849,0.366,172.01,4,piano
3OGC0n3jV8RsxOKEjlHhGc,Brian Crain;Johannes Bornlöf,Stress Free Music,Song for Sienna,0,224550,False,0.256,0.0652,7,-26.663,1,0.0378,0.99,0.929,0.0816,0.307,185.015,4,piano
1qHiDbTJI7GB62W3BBFigx,A Great Big World;Futuristic,When the Morning Comes,Hold Each Other (feat. Futuristic),47,216040,False,0.61,0.796,10,-5.431,1,0.0656,0.0365,0.0,0.274,0.51,159.944,4,piano
1kjxU1Z1omaqsaS7qh3ZhQ,Selma India,Je Suis Paix,Je Suis Paix,58,182831,False,0.304,0.0219,9,-30.35,1,0.0324,0.987,0.91,0.109,0.231,104.09,4,piano
2nyu65wNXcu377f7UVDnYa,Eugene Goh,Lilt,Lilt,39,141312,False,0.405,0.134,7,-22.188,1,0.0419,0.98,0.931,0.11,0.129,112.285,4,piano
3np71XMsjRnFTol0XTEgOZ,Paul Cardall,40 Hymns for Forty Days,Father in Heaven,28,147626,False,0.2,0.209,3,-12.772,1,0.0393,0.901,0.893,0.137,0.0398,76.491,4,piano
79TFJ7hsMTcn3fGn0DiuMg,HalcyonMusic,Anime Music on the Piano (2nd Collection),"unravel (from ""Tokyo Ghoul"") - Piano Arrangement",45,239250,False,0.532,0.326,7,-15.227,0,0.0343,0.917,0.887,0.295,0.265,135.038,4,piano
3msS7xaelR4Oa0n7IwHkgF,Cold War Kids;Bishop Briggs,LA DIVINE,So Tied Up,58,189506,False,0.587,0.894,0,-4.184,0,0.0402,0.0309,2.15e-05,0.179,0.81,104.993,4,piano
0KF5nzdiqZlxVK68MPITst,Ben Rector,Brand New,"30,000 Feet",57,256933,False,0.555,0.452,0,-9.636,1,0.0554,0.694,0.0,0.0595,0.321,179.921,4,piano
64VP3skE86iTvdOlbzuIcO,Jerry Lee Lewis,Jerry Lee's Greatest,Great Balls Of Fire,68,111535,False,0.533,0.729,7,-7.227,0,0.0714,0.563,0.0,0.159,0.884,78.67,4,piano
0x7oCog91UWqiYJQEee3uK,OneRepublic,Oh My My,Lift Me Up,51,226186,False,0.69,0.84,3,-6.104,0,0.0307,0.0107,0.0,0.0785,0.701,115.0,4,piano
0iluWxTpC9QOdVPg3PROvm,Kate Bush,Hounds Of Love,Hounds Of Love,61,183266,False,0.546,0.748,5,-13.989,1,0.0384,0.505,0.0,0.16,0.9,145.582,4,piano
0XAivVlq04RdaO5FpIUcm3,Chewie Melodies,Genshin Impact Piano Cover Collection (Pt. 2),Mondstadt Nighttime,45,65762,False,0.448,0.0297,7,-31.359,1,0.0794,0.992,0.644,0.0768,0.28,128.861,1,piano
46jLy47W8rkf8rEX04gMKB,OneRepublic,Oh My My (Deluxe),Wherever I Go,70,169773,False,0.552,0.689,10,-6.444,0,0.0425,0.0915,0.0,0.27,0.349,99.961,4,piano
7etGs69UCKGxJIHxKFe7BD,See Siang Wong,Cinema Classics: The Piano at the Movies,River Flows in You,48,173426,False,0.259,0.183,9,-20.917,1,0.0485,0.988,0.918,0.103,0.186,71.339,3,piano
35PyovSr4wZwaFtnrfZUKp,OneRepublic,The Giver: Music Collection,Ordinary Human,44,291613,False,0.282,0.719,5,-7.633,1,0.0335,0.196,0.000358,0.107,0.276,99.992,4,piano
4aWE5S8LTbTBeR1o44ozLu,We The Kings;Demi Lovato,Smile Kid,We'll Be a Dream (feat. Demi Lovato),23,233066,False,0.434,0.702,9,-4.681,1,0.0305,0.00346,0.0,0.232,0.15,159.94,4,piano
0e3yhVeNaTfKIWQRw9U9sY,Elton John,Sleeping With The Past (Remastered with bonus tracks),Sacrifice,74,304133,False,0.756,0.422,11,-12.967,0,0.0292,0.0165,0.00183,0.0368,0.487,112.751,4,piano
5tQ2Zd9ZZ80feVfXje7gWk,Billy Joel,Live at Yankee Stadium,"The Downeaster 'Alexa' - Live at Yankee Stadium, Bronx, NY - June 1990",35,283506,False,0.396,0.847,9,-4.808,0,0.0634,0.0458,0.0,0.983,0.501,93.607,4,piano
7JVjcxfs9CG6Ozlmibdrkl,Stephan Moccio,Whitby,Whitby,49,195240,False,0.215,0.0223,7,-28.528,0,0.0432,0.991,0.922,0.105,0.253,166.528,3,piano
5NvNo6iJw4lZhjPGYlWnMw,Fats Domino,The Complete Imperial Singles,I'm Ready,32,123133,False,0.652,0.934,5,-3.89,1,0.0497,0.629,0.000377,0.327,0.971,85.845,4,piano
1rpF77jsLBMG2QjCuhe0Sr,Yiruma;Ólafur Arnalds,We Contain Multitudes — piano reworks,We Contain Multitudes — piano reworks,57,264052,False,0.417,0.0287,7,-25.066,1,0.0714,0.994,0.889,0.079,0.285,143.262,4,piano
7N05mAG1X23Sd2PNOyoJSF,Hikaru Shirosu,Blue Stone of Atlas (Piano Solo Version),Blue Stone of Atlas - Piano Solo Version,50,158000,False,0.455,0.0038,10,-32.104,1,0.177,0.992,0.951,0.141,0.254,204.573,4,piano
0PMAlHB4OYyLjqHVvhD3hV,Kim Bo,A Piano Dream,Mia & Sebastian's Theme,57,87288,False,0.389,0.0371,9,-23.951,1,0.0501,0.994,0.841,0.128,0.269,96.57,1,piano
1ocYa8PoVd5e2vPn0xHJcA,Sohail Sen;Mohit Chauhan;Taraannum Mallik;Kausar Munir,Ek Tha Tiger,Saiyaara,67,252160,False,0.659,0.665,8,-8.181,0,0.0266,0.456,0.000486,0.0898,0.692,93.012,4,pop
3Vmo13MxVRKBszmfK61ONH,Karan Aujla;YG,Way Ahead,Gangsta,72,190153,True,0.791,0.687,1,-6.279,1,0.104,0.00665,2.12e-06,0.0986,0.513,130.154,4,pop
56FjTokFXI8OJIkVeP7yGA,Feid,Clásicos de ahora: Perreo,Feliz Cumpleaños Ferxxo,0,155960,False,0.865,0.573,5,-5.501,1,0.0678,0.0863,0.0,0.305,0.563,94.999,4,pop
7kcMEKsmqgfq68gSQk6F9c,A.R. Rahman;Antara Nandy,Ponniyin Selvan Part-1 (Original Motion Picture Soundtrack),Alaikadal,68,314207,False,0.441,0.308,11,-10.107,0,0.0407,0.958,0.000231,0.0638,0.292,149.593,3,pop
6qS40yL7kXVoChI8SSCQIQ,Karan Aujla;KR$NA;Mehar Vaani,Ykwim,Ykwim,67,194857,False,0.837,0.575,5,-7.971,0,0.127,0.0361,7.23e-06,0.457,0.655,105.015,4,pop
2lbDzgkMN0Q1c6nnmRY2bn,Bruno Mars;Anderson .Paak;Silk Sonic,New Pop Classics,Skate,0,203122,False,0.708,0.598,5,-8.365,1,0.0291,0.037,0.0,0.17,0.698,112.027,4,pop
3HFjh7QljnUCBLsoTwMuTj,KK,Woh Lamhe,Kya Mujhe Pyar Hai,64,266653,False,0.644,0.818,6,-5.924,0,0.0549,0.431,2.62e-05,0.0806,0.789,118.477,4,pop
4kaLkst9lT3sQ5Crgxs3ic,Ayushmann Khurrana,Vicky Donor (Original Motion Picture Soundtrack),Pani Da Rang - Male Vocals,68,240786,False,0.441,0.618,4,-8.511,0,0.0386,0.295,6.65e-05,0.105,0.454,98.031,4,pop
3QBOSFnhe6GrJKAOrm9Hij,David Guetta;Becky Hill;Ella Henderson,Cardio Tracks,Crazy What Love Can Do,2,169756,False,0.601,0.713,4,-3.758,0,0.0449,0.0282,0.0,0.158,0.464,122.872,4,pop
0K44Tg7YUxocXe237lbwkO,Justin Bieber;Usher,Holidays Are Coming,The Christmas Song (Chestnuts Roasting On An Open Fire),1,216426,False,0.533,0.426,9,-9.525,0,0.0297,0.46,0.0,0.1,0.152,103.267,3,pop
69xohKu8C1fsflYAiSNbwM,BTS,Proof,Run BTS,84,204939,False,0.724,0.818,8,-3.747,1,0.168,0.0201,0.0,0.0358,0.696,77.004,4,pop
6h49LElLEJLbKfR6zdcFtf,The Weeknd,Autopilot,Blinding Lights,3,201573,False,0.512,0.796,1,-4.075,1,0.0645,0.00147,0.000209,0.0938,0.344,171.014,4,pop
4yMbbysldl7E3WgiaugnwM,Sachet Tandon,Kabir Singh,Bekhayali,66,371790,False,0.296,0.582,9,-5.18,0,0.0413,0.449,0.0,0.319,0.365,168.4,3,pop
4GrowvVL3xpUgfnXj6mVRH,Yasser Desai;Aakanksha Sharma,Shaadi Mein Zaroor Aana (Original Motion Picture Soundtrack),Jogi,67,273188,False,0.651,0.562,9,-5.787,1,0.0302,0.601,0.0,0.121,0.607,81.029,4,pop
3dPlLOjFnKpGpakkhPEIgF,Prem Dhillon,No Lookin' Back,OG,71,173195,True,0.594,0.625,11,-9.081,0,0.256,0.00521,0.0,0.481,0.517,96.706,4,pop
6jjYDGxVJsWS0a5wlVF5vS,BTS,Proof,Butter,83,164952,False,0.759,0.459,8,-5.187,1,0.0948,0.00323,0.0,0.0788,0.695,109.997,4,pop
7gFzBppKTiKAs38SWOjbO6,Vilen,Kyun Dhunde,Kyun Dhunde,66,70434,False,0.711,0.346,7,-10.162,1,0.0291,0.766,0.0,0.212,0.771,91.993,4,pop
6G699QfN1BWYWXfiblH51F,Tanishk Bagchi;Zahrah S Khan;Dev Negi,"Kusu Kusu (From ""Satyameva Jayate 2"")","Kusu Kusu (From ""Satyameva Jayate 2"")",71,195616,False,0.742,0.911,8,-2.812,1,0.0572,0.0137,0.00081,0.0593,0.78,101.0,4,pop
73y649QhnXdcm6fRdvfraO,Ajay-Atul;Sonu Nigam,Agneepath (Original Motion Picture Soundtrack),Abhi Mujh Mein Kahin,65,364786,False,0.334,0.387,2,-9.483,1,0.0332,0.755,3.94e-05,0.113,0.42,129.959,1,pop
5DqdesEfbRyOlSS3Tf6c29,Ali Gatie,YOU,It's You,80,212606,False,0.732,0.463,11,-6.972,0,0.0287,0.374,0.0,0.194,0.397,95.971,4,pop
7MdX25DW2YXXwCWl8fSHnq,Bhalwaan;Signature By SB,Priceless,Priceless,65,107755,False,0.665,0.572,5,-9.611,0,0.262,0.37,0.0,0.282,0.634,146.9,4,pop
5OCFWPgrCCNBukB3YrDD90,Raj Barman,Tu Mile Dil Khile - Raj Barman,Tu Mile Dil Khile,62,197716,False,0.639,0.368,2,-14.096,0,0.048,0.245,0.0,0.106,0.415,89.94,4,pop
5SXwKl2nWY1No4wZ0FJDHN,A.R. Rahman;Vagu Mazan;Thoughtsfornow,Cobra (Original Motion Picture Soundtrack),Adheeraa,66,259139,False,0.722,0.835,6,-9.082,0,0.0402,0.107,8.23e-05,0.0928,0.558,110.962,4,pop
2zQE8TE5BQDJA11ggnope9,Sidhu Moose Wala;Bohemia,Moosetape,These Days (feat. Bohemia),70,209230,False,0.73,0.748,6,-4.371,0,0.152,0.0936,0.0,0.282,0.694,155.861,4,pop
5OMUXgfXsSukZ0zxelpC3b,A.R. Rahman;Jaswinder Singh;Shiraz Uppal,Raanjhanaa (Original Motion Picture Soundtrack),Raanjhanaa,69,254653,False,0.673,0.714,9,-8.042,1,0.039,0.111,0.0,0.0858,0.78,112.941,4,pop
75p6BrziB5urmwPCeXl3y7,Arijit Singh,Heartless,Main Dhoondne Ko Zamaane Mein,69,262986,False,0.329,0.45,2,-6.312,0,0.0405,0.594,0.0,0.13,0.284,80.095,4,pop-film
5QVHNa0ppJUOoqSd36ovQS,Arijit Singh;B Praak,"Pachtaoge (From ""Jaani Ve"")","Pachtaoge (From ""Jaani Ve"")",65,226789,False,0.515,0.691,5,-4.028,0,0.0344,0.624,0.0,0.121,0.484,169.521,3,pop-film
5fwRhPXAvGgzUxW62ZCvEg,Atif Aslam,Zeher,Woh Lamhe Woh Baatein,66,320040,False,0.465,0.822,8,-4.826,0,0.066,0.136,0.000442,0.0898,0.405,89.761,4,pop-film
7IO5iU84tFIZ4kfvhrg4oZ,Sean Roldan;Shakthisree Gopalan,Vaayai Moodi Pesavum (Original Motion Picture Soundtrack),Kadhal Ara Onnu Vizundhuchu,58,225310,False,0.638,0.731,2,-4.537,1,0.0641,0.101,3.34e-05,0.248,0.684,89.928,4,pop-film
0TiYOkOkHtMUp5BaLhT4P3,G. V. Prakash;Karthi,"Yaerumayileri (From ""Sardar"")","Yaerumayileri (From ""Sardar"")",55,251988,False,0.583,0.616,7,-9.486,1,0.243,0.201,2.32e-06,0.0367,0.719,103.466,3,pop-film
1gwO79MdYdumgIjxq8eCxB,Vishal-Shekhar;Shreya Ghoshal;Sona Mohapatra,I Hate Luv Storys (Original Motion Picture Soundtrack),Bahara,64,325706,False,0.595,0.739,5,-6.733,1,0.0359,0.0716,6.98e-06,0.134,0.722,87.834,4,pop-film
4dPeCbg2Op44s9kwyMS3ZT,Vishal-Shekhar;Suraj Jagan;Mahalakshmi Iyer,I Hate Luv Storys (Original Motion Picture Soundtrack),Sadka,56,343586,False,0.678,0.547,7,-6.89,1,0.0286,0.232,0.000176,0.0785,0.579,143.892,4,pop-film
3tgdOveYac7YMEAQD9sGLf,Vishal-Shekhar;Papon;Irshad Kamil,Sultan,Bulleya,61,357067,False,0.675,0.579,4,-11.976,1,0.0308,0.369,3.38e-06,0.118,0.724,97.01,4,pop-film
0YJooLEHFKKjtwWSEaeHzX,Udit Narayan;Neha Kakkar;Palak Muchhal;Raja Hasan,Loveyatri - A Journey Of Love,Dholida,60,216251,False,0.546,0.945,1,-3.031,1,0.213,0.144,0.0,0.0909,0.914,124.524,4,pop-film
1XFZMenJ30FfGOsj8X5sqf,A.R. Rahman;Arijit Singh;Shashaa Tirupati,Dil Bechara (Original Motion Picture Soundtrack),Khulke Jeene Ka,57,246741,False,0.676,0.544,7,-10.893,1,0.0568,0.566,0.0,0.341,0.533,88.969,4,pop-film
3r9TfIOkOIM2Uwr5IW0sxP,Unni Menon,Rhythm,Nadhiyae Nadhiyae,56,409306,False,0.398,0.39,2,-11.841,1,0.097,0.424,0.0,0.946,0.266,74.727,5,pop-film
7JqpYvigO9X4QY3W9QTArZ,Haricharan;Yuvan Shankar Raja,Thottal Poo Malarum,Arabu Naadu,61,322013,False,0.745,0.46,5,-9.92,0,0.0614,0.0952,1.06e-06,0.0751,0.802,84.994,4,pop-film
4nX9XlGazE4EkOJQyrT64j,Yuvan Shankar Raja;Dhanush,"Rendu Raaja (From ""Naane Varuvean"")",Rendu Raaja,66,202718,False,0.607,0.695,0,-9.537,1,0.0567,0.163,4.26e-06,0.109,0.594,150.061,4,pop-film
1t99uhmctVeG4FbC5giRCM,Santhosh Narayanan;Pradeep Kumar;Ananthu,Meyaadha Maan (Original Motion Picture Soundtrack),Idhayam Love (Megamo Aval),58,291121,False,0.296,0.298,0,-10.167,1,0.0295,0.777,6.6e-06,0.0909,0.243,178.292,4,pop-film
1kcV2LJxt5v0s2cEGtEJ5i,Mohit Chauhan,Rockstar,Phir Se Ud Chala,66,268833,False,0.647,0.656,11,-8.632,1,0.0354,0.657,0.000163,0.343,0.453,119.965,4,pop-film
2jBGJRgDrUbL0dfwTIFWVB,Yasser Desai,Jashne Amade Rasool,Aaqa Lelo Salaam Ab Humara,4,232948,False,0.515,0.185,7,-13.119,0,0.0285,0.779,5.68e-05,0.13,0.224,109.763,4,pop-film
1KgIBPUmEDdjsMwPnGmDKC,Rahat Fateh Ali Khan,Qalandar (Original Score),Qalandar (Original Score),33,289301,False,0.592,0.629,7,-6.344,1,0.0359,0.779,7.6e-06,0.0888,0.62,149.946,4,pop-film
5fjIpQa7O7ttgx64TN9lZR,Armaan Malik;Amaal Mallik,Kaun Tujhe (Armaan Malik Version),Kaun Tujhe (Armaan Malik Version),65,160485,False,0.492,0.411,2,-9.616,0,0.03,0.749,1.04e-06,0.191,0.187,107.939,4,pop-film
55LK166LWHOpXOroZ5g82J,Arko;Jubin Nautiyal,The Shaukeens,Meherbani,65,243591,False,0.41,0.455,4,-8.071,1,0.0316,0.731,0.0,0.185,0.361,90.993,4,pop-film
0tpwqQhdfJXRcUDSNRjb9O,Arijit Singh;Neeti Mohan;Rashmi Virag,"Mere Yaaraa (From ""Sooryavanshi"")","Mere Yaaraa (From ""Sooryavanshi"")",73,285163,False,0.324,0.539,2,-8.076,1,0.038,0.713,3.15e-05,0.118,0.486,120.526,4,pop-film
1wnozUBSe7OMpmZiTPJC5j,A.R. Rahman;Javed Ali;KIRTI SAGATHIA;Pooja AV,Raanjhanaa (Original Motion Picture Soundtrack),Tum Tak,66,304466,False,0.72,0.621,2,-9.773,1,0.0491,0.676,0.0,0.0679,0.566,114.987,4,pop-film
0Ilt3ks9TsVNV5g9tM2uW5,Hariharan;Sujatha,Poovellam Kettuppar,Irava Pagala,56,310752,False,0.703,0.402,1,-11.471,1,0.059,0.478,4.7e-06,0.163,0.191,82.049,4,pop-film
76eCC3r9jrVDsQnfAqQNH4,Naresh Iyer,Karthikeya,Inthalo Ennenni Vinthalo Male,57,260000,False,0.645,0.674,4,-10.094,0,0.0348,0.408,2.22e-06,0.0963,0.503,140.003,4,pop-film
1VvGJIAjhGdB7InVP9NA7V,Sachin-Jigar;Arijit Singh;Priya Saraiya,Meri Pyaari Bindu,Haareya,58,214735,False,0.675,0.392,4,-10.11,0,0.037,0.773,0.0,0.109,0.534,123.935,4,pop-film
47Il9B5GJ2FEkiwiIH3xX0,Arijit Singh,Kabir Singh,Bekhayali (Arijit Singh Version),60,370444,False,0.29,0.58,9,-4.767,0,0.0434,0.491,0.0,0.243,0.353,172.396,3,pop-film
2Xg1jewTdorDPXO8EUPXSS,Elvis Costello & The Attractions,All This Useless Beauty,All This Useless Beauty,23,277973,False,0.449,0.149,2,-13.869,1,0.0428,0.726,7.73e-05,0.134,0.356,137.28,3,power-pop
1HqkUaVMht41tBturrMmfP,The Soft Boys,Underwater Moonlight,Queen of Eyes,24,121053,False,0.361,0.924,4,-4.468,1,0.0672,0.253,2.09e-06,0.307,0.63,139.54,4,power-pop
0moJi7C89oQnsGAVGgiRn1,Nada Surf,Lucky,Beautiful Beat,26,278429,False,0.368,0.822,6,-5.929,1,0.033,0.000148,0.00623,0.129,0.515,200.338,4,power-pop
7mntHnF2frXuZwFAp8ouCB,Weezer,Alternative Christmas 2022,We Wish You A Merry Christmas,0,84973,False,0.387,0.786,11,-4.127,1,0.0436,0.0195,0.0,0.123,0.462,149.806,3,power-pop
5sY9rNLAgzb4q50MXwZj04,Hoodoo Gurus,Mars Needs Guitars!,The Other Side Of Paradise - 2005 Remaster,20,212840,False,0.544,0.855,0,-3.464,1,0.0282,0.00341,0.0428,0.26,0.609,139.432,4,power-pop
4JexFFm0DJLQ8IodTQ72Yh,Squeeze,Singles - 45's And Under,Up The Junction,30,192693,False,0.519,0.665,9,-8.317,1,0.051,0.48,0.000448,0.099,0.866,120.767,4,power-pop
5Npe3of0NOoDVamMLyz1Sd,Guided By Voices,Under The Bushes Under The Stars,Your Name Is Wild,20,121906,False,0.319,0.993,11,-4.549,1,0.0887,0.0281,0.138,0.138,0.257,135.901,4,power-pop
2nIdwh499z1vWpzNy7IeGP,Hoodoo Gurus,In Blue Cave,Night Must Fall - Remaster 2005,26,346666,False,0.524,0.845,11,-7.585,0,0.177,0.0761,0.289,0.721,0.233,151.433,4,power-pop
4I1UdWSa55VKTiII5Zpn6P,Go Betty Go,Nothing Is More,Saturday,21,197186,False,0.367,0.941,2,-3.379,1,0.0487,0.00253,4.57e-06,0.452,0.73,187.089,4,power-pop
4nCZLNJ1wi9GV0YUOPx3VF,Swingin' Utters,A Juvenile Product of the Working Class,Fifteenth and T,25,133533,False,0.466,0.953,11,-6.814,0,0.0533,0.00242,0.00104,0.25,0.708,107.861,4,power-pop
3n5tgT9Q5uAn4vw5xvp9Nw,Shannon & The Clams,Year Of The Spider,"Mary, Don’t Go",26,173893,False,0.541,0.842,0,-3.479,1,0.0436,0.145,3.05e-05,0.135,0.747,120.987,4,power-pop
5r2z0FHOoFI06GZEVGDjzM,Squeeze,East Side Story,Tempted,61,240333,False,0.729,0.356,6,-13.743,0,0.0347,0.0916,0.0905,0.052,0.392,95.026,4,power-pop
5RNjs0ue5fBDLRmS1OCZcW,Teenage Bottlerocket,They Came From The Shadows,They Came from the Shadows,25,136760,False,0.44,0.994,6,-2.938,0,0.0736,6.97e-06,0.0518,0.0744,0.611,102.982,4,power-pop
14XTeULkTlXbtKClGqWMb3,Nick Lowe,Walkabout,Blue on Blue,21,206386,False,0.646,0.425,3,-10.233,1,0.0257,0.326,0.214,0.0933,0.77,97.647,4,power-pop
3LGUsgNrsptmc9SFqVNZyD,Rooney,Iron Man Armored Adventures Theme,Iron Man Armored Adventures Theme,50,136240,False,0.571,0.891,1,-3.518,0,0.047,0.00114,0.00295,0.0428,0.821,144.985,4,power-pop
0a4agFmqHXxcZl1nho1BxM,Blondie,Best Of Blondie,Heart Of Glass - Special Mix,69,275733,False,0.694,0.577,4,-14.63,1,0.0308,0.015,0.00836,0.0853,0.845,114.478,4,power-pop
2dBud3AlOI7HI9Es8oBa8i,Off With Their Heads,Home,Focus On Your Own Family,34,136520,False,0.461,0.988,0,-3.904,1,0.0854,0.00463,1.47e-05,0.12,0.275,109.464,4,power-pop
7ljajsdFTaRVN7EUCE6ODY,Elvis Costello & The Attractions,Imperial Bedroom,You Little Fool,21,189546,False,0.581,0.621,7,-7.952,1,0.0259,0.126,0.0,0.0584,0.421,112.263,4,power-pop
72n9VfCePhb88GN8gEeQJr,Screeching Weasel,Bark Like a Dog,You Blister My Paint,24,200133,False,0.494,0.925,8,-5.564,1,0.0404,0.0161,3.02e-05,0.292,0.83,153.948,4,power-pop
5Ag2HVfyE4rzXa8ba47Qqo,The Lemonheads,Varshons 2,Abandoned,21,220306,False,0.444,0.545,0,-6.574,1,0.0284,0.0391,0.000356,0.184,0.382,126.728,4,power-pop
7dNsG3ixofzQIQW9BjWg26,Dead To Me,Cuban Ballerina,Visiting Day,28,79680,False,0.561,0.93,1,-6.82,0,0.161,0.00145,2.63e-06,0.313,0.372,123.508,4,power-pop
0PNKW23m5Qu4OJ9UjPZTuQ,Direct Hit!,Brainless God,The World Is Ending (No One Cares),21,146386,False,0.43,0.994,1,-3.65,1,0.0704,0.000384,0.000184,0.087,0.583,95.974,4,power-pop
5KckAOzQttI3LsIEzfSAaG,Off With Their Heads,Home,Janie,24,123733,False,0.348,0.996,7,-3.269,1,0.0564,5.4e-05,0.0,0.421,0.501,102.12,4,power-pop
3jw5KrLTxeIzpSvByNsH7F,Twin Peaks,Sweet '17 Singles,Blue Coupe,59,222672,False,0.597,0.864,5,-5.629,1,0.0271,0.261,0.0747,0.0973,0.55,130.079,4,power-pop
7JlrM6MxsLw5l70L6xDaUw,Screeching Weasel,The Awful Disclosures Of Screeching Weasel,In La Quinta del Sordo,22,158613,False,0.278,0.912,0,-5.542,0,0.0704,2.94e-05,0.0407,0.12,0.49,179.847,4,power-pop
6Ehy8wRUYjAZcMMRCxMZVM,Marshmello,Moving On,Moving On,56,179154,False,0.687,0.799,0,-1.498,1,0.0354,0.00286,0.0565,0.21,0.67,142.0,4,progressive-house
5bFuHlXKw66Uu2cHKn5bf8,Zeds Dead;MKLA,Alive,Alive,63,197388,False,0.618,0.758,8,-7.996,1,0.0336,0.0087,0.102,0.147,0.144,120.987,4,progressive-house
0zzVTGyRrWpQu8Fr28NRAv,Marshmello;Demi Lovato,OK Not To Be OK,OK Not To Be OK,75,159862,False,0.743,0.837,1,-5.025,0,0.0649,0.0172,0.0,0.0743,0.263,103.072,4,progressive-house
2hr7myxuDCoXsKyVfh4ue0,Afrojack;Thirty Seconds To Mars,Forget The World (Deluxe),Do Or Die - Afrojack vs. THIRTY SECONDS TO MARS Remix,51,278174,False,0.575,0.89,2,-3.169,1,0.0416,0.034,3.23e-06,0.047,0.206,128.041,4,progressive-house
08bNPGLD8AhKpnnERrAc6G,Marshmello;Anne-Marie,FRIENDS,FRIENDS,79,202620,True,0.626,0.88,9,-2.384,0,0.0504,0.205,0.0,0.128,0.534,95.079,4,progressive-house
55y30bh2ZUtzOXjWLxn7XT,Martin Garrix;Bebe Rexha;DallasK,In The Name Of Love Remixes,In the Name of Love - DallasK Remix,57,200597,False,0.522,0.816,4,-3.156,0,0.0643,0.0126,4.19e-06,0.348,0.102,134.103,4,progressive-house
7FliZx9wTDb0U1tPfS7AuX,Calvin Harris;Dua Lipa;Valentino Khan,One Kiss (with Dua Lipa) [Remixes],One Kiss (with Dua Lipa) - Valentino Khan Remix,45,251428,False,0.829,0.664,7,-4.191,1,0.0435,0.169,0.000927,0.262,0.432,126.017,4,progressive-house
6L4ZHLACL2Fla9qT56ef8P,Quintino,No Time,No Time,58,156328,False,0.639,0.955,1,-7.377,1,0.0508,0.0105,0.812,0.0744,0.635,127.998,4,progressive-house
76yOifDfvrq9NruvjGfQsL,R3HAB;Julie Bergan,Don't Give Up On Me Now,Don't Give Up On Me Now,30,127826,False,0.689,0.705,4,-5.357,1,0.0462,0.0872,0.0,0.124,0.27,115.231,4,progressive-house
0W3XXRdUeLUEYul1NMCnTo,Morgan Page;VIVID;ALLÉ;Damon Sharpe,Fire & Gold,Fire & Gold,54,154044,False,0.607,0.895,7,-3.687,1,0.0863,0.0544,0.0,0.652,0.352,126.13,4,progressive-house
0YolgGK84QuubeLxZKCNRD,MOGUAI;RuN RiOT,"Swanky Club House, Vol. 1",Get Fresh - RuN RiOT Remix,0,425481,False,0.652,0.543,2,-7.133,1,0.0545,0.00744,0.845,0.141,0.415,126.989,4,progressive-house
7bxnKAamR3snQ1VGLuVfC1,Lush & Simon;XOV,City Of Lights (Vocal Mix),City Of Lights,51,204375,False,0.429,0.922,2,-1.814,1,0.0935,0.0766,0.0,0.0668,0.21,128.168,4,progressive-house
5XXNwkFGSRcv8Gw2hOngBB,R3HAB;Jolin Tsai;Alle Farben,Stars Align (The Remixes),Stars Align (with Jolin Tsai) [Alle Farben Remix],36,174759,False,0.724,0.831,1,-5.079,0,0.0501,0.0601,0.00546,0.184,0.319,124.025,4,progressive-house
5NYejXf1mwigePilCGLjdM,Hardwell;Mitch Crown,Spaceman,Call Me A Spaceman,56,189375,False,0.582,0.878,3,-3.595,0,0.0487,0.0172,0.0,0.248,0.35,127.945,4,progressive-house
3Cl8IGVb7E63EDIXTn5Pk7,Swedish House Mafia;Seinabo Sey,Paradise Again,Don’t Go Mad (feat. Seinabo Sey),57,264966,False,0.564,0.701,7,-7.378,1,0.252,0.0119,0.334,0.385,0.212,136.499,4,progressive-house
0k006goIxz92vu9UuSicWl,Morgan Page;Mark Sixma,Our Song (Mix),Our Song,54,191538,False,0.702,0.659,6,-4.485,1,0.0625,0.313,0.0,0.11,0.224,122.054,4,progressive-house
3G2O60rq5a77GEIwK1mVmh,Borgeous;Zack Martino,Make Me Yours,Make Me Yours,47,195239,False,0.577,0.615,7,-6.084,0,0.0395,0.0124,1.33e-06,0.124,0.174,127.904,4,progressive-house
1BAupWJ7hkJFJuOL0eHb45,Yves V;Bhaskar;Twan Ray,Halfway (feat. Twan Ray),Halfway (feat. Twan Ray),52,158416,False,0.739,0.639,10,-6.838,0,0.0299,0.168,0.0238,0.212,0.303,121.962,4,progressive-house
7fCR5jaisnPxIHcvyUKAv9,Axwell;Shapov;Years,Belong,Belong - Axwell & Years Remode Edit,44,217500,False,0.536,0.881,6,-3.102,1,0.0388,0.0273,0.0,0.104,0.215,127.958,4,progressive-house
1T4U8Q2DRfs6OUg8DEsRZf,Don Diablo;Zak Abel,Bad,Bad,63,169910,True,0.791,0.738,0,-5.197,1,0.0732,0.406,0.00826,0.159,0.666,123.927,4,progressive-house
7dsImih2L25fa6qjNphBI7,Chris Lake;Alexis Roberts,Turn off the Lights,Turn off the Lights,67,210546,False,0.824,0.745,11,-5.49,0,0.0755,0.0467,3.29e-05,0.198,0.888,125.013,4,progressive-house
23tSVCziOnXVAyayQt0Bi7,Curbi,Flying,Flying,67,184836,False,0.747,0.855,4,-7.27,1,0.0341,0.24,0.807,0.111,0.219,130.038,4,progressive-house
6Yis2VwVcABCNVEutLgAf7,R3HAB;VINAI,How We Party,How We Party,53,211875,True,0.649,0.99,11,-1.888,1,0.112,0.000744,0.328,0.0626,0.208,127.964,4,progressive-house
52SX3JHvHsC6hiATpP9slC,Kura;PEACE MAKER!,Actuation ADE 2022 Pre-Party,You,0,205440,False,0.642,0.679,7,-7.689,1,0.052,0.0711,0.179,0.252,0.227,124.986,4,progressive-house
3wvo6Fh3RBn5t60p3iK16Z,Markus Schulz;Delacey;GXD,ASOT 1090 - A State Of Trance Episode 1090,Destiny (ASOT 1090) - GXD Remix,38,279420,False,0.461,0.901,3,-7.969,0,0.0474,0.000228,0.00691,0.197,0.048,133.863,4,progressive-house
1iW2ktyrQHNKZwFTvgP0Ta,Deep Purple,Burn (30th Anniversary Edition),Burn - Remastered 2004,58,364933,False,0.387,0.94,7,-6.192,1,0.0376,0.0155,0.023,0.327,0.582,98.533,4,psych-rock
4u9f8hqstB7iITDJNzKhQx,The Who,My Generation (Stereo Version),My Generation - Stereo Version,65,198706,False,0.412,0.782,2,-9.186,0,0.058,0.308,0.00822,0.0775,0.705,96.732,4,psych-rock
3iltRlox3jEeSKuqdW88EK,Canned Heat,On The Road Again,Going Up The Country,62,172866,False,0.622,0.239,5,-18.982,0,0.0447,0.859,0.051,0.109,0.737,79.674,4,psych-rock
5R9VNFgxUVo43fqWEmrjTr,PJ Harvey,Peaky Blinders (Original Music From The TV Series),Red Right Hand,35,170693,False,0.24,0.0708,7,-21.21,1,0.0414,0.986,0.00599,0.0863,0.0373,169.672,4,psych-rock
6dQDk0BjDkNUVpUvV1daYu,Cem Karaca,Nerde Kalmıştık,Herkes Gibisin,34,241946,False,0.228,0.394,9,-13.418,0,0.0445,0.189,0.0,0.0909,0.321,199.902,4,psych-rock
5OsNQfEC4BivT4xBQkFuAY,Tiger Army,II: Power Of Moonlite,Under Saturn's Shadow,32,184360,False,0.321,0.97,4,-1.413,0,0.141,0.000378,0.0,0.151,0.322,157.695,4,psych-rock
5CGpPUcUahMuLzkNK9ZgPP,Traffic,Mr. Fantasy,Dear Mr. Fantasy,60,334000,False,0.24,0.615,2,-14.117,1,0.0677,0.171,0.0125,0.0801,0.768,166.657,4,psych-rock
38Vb1J5W5LOs0i7SAF76pa,The Beatles,1 (Remastered),Can't Buy Me Love - Remastered 2015,56,131213,False,0.426,0.76,0,-4.082,1,0.0414,0.118,0.0,0.325,0.955,171.838,4,psych-rock
4PL0Pnn5pAVp2iFeQ8Ye3r,"Crosby, Stills & Nash",CSN 2012,Suite: Judy Blue Eyes,29,560160,False,0.394,0.338,7,-9.626,1,0.0351,0.555,0.0,0.695,0.176,150.649,4,psych-rock
07QZXkXxtkjlm1GPxfH4gt,Syd Barrett,The Madcap Laughs,Terrapin,45,302733,False,0.45,0.119,9,-17.16,1,0.0498,0.792,0.0,0.108,0.21,83.015,3,psych-rock
5FeXVT3M7ppmN04GcHGmrd,Kamuran Akkor,Bitmeyen Çile,Kimbilir,27,243506,False,0.458,0.41,0,-10.471,1,0.0424,0.764,0.000321,0.114,0.322,114.311,4,psych-rock
3VwgtTh9D0CubY32jdhI5U,Crumb,Jinx,Cracking,59,111986,False,0.635,0.385,6,-11.621,1,0.0341,0.39,0.783,0.0993,0.117,121.951,4,psych-rock
0WNGPpmWqzPnk0psUhJ3SX,Mott The Hoople,All The Young Dudes (Expanded Edition),All the Young Dudes,64,211066,False,0.429,0.668,4,-7.539,0,0.044,0.208,0.0,0.538,0.398,77.737,4,psych-rock
2X9H5BokS1u5O46YpNYNsZ,The Beatles,The Beatles (Remastered),I'm So Tired - Remastered 2009,55,123493,False,0.433,0.483,9,-9.422,1,0.175,0.656,2.64e-05,0.539,0.717,68.492,4,psych-rock
0uco0wQkB909zpPlHvu5Cc,Jimi Hendrix,Axis: Bold As Love,Bold as Love,57,251013,False,0.354,0.741,1,-6.389,1,0.0806,0.018,0.0134,0.0753,0.596,142.348,4,psych-rock
0ZdSZBV8sg0C2sZSPJJSgU,Şençalar Kardeşler,Modern Sazlardan Oyun Havaları,Fesuphanallah - Enstrümantal,36,216093,False,0.634,0.638,10,-13.904,1,0.0274,0.23,0.613,0.185,0.962,130.402,4,psych-rock
0GxV3poTM7Z7fKSUqy5qFw,Cream,Disraeli Gears (Deluxe Edition),Tales Of Brave Ulysses,55,166453,False,0.538,0.476,0,-9.215,0,0.049,0.0178,4.26e-05,0.101,0.188,105.642,4,psych-rock
0DZKuCQD8cLvm28yd74Z9a,Quicksilver Messenger Service,(60's) Sixties Collected Volume 2,Who Do You Love - Pt. 1,0,215400,False,0.637,0.615,4,-10.571,1,0.0791,0.204,0.74,0.226,0.828,92.597,4,psych-rock
5yZzLyY9SMI3ZjdqpXWYDp,Fred Neil,Fred Neil,Everybody's Talkin',58,164600,False,0.671,0.299,2,-13.215,1,0.0315,0.521,0.000288,0.15,0.574,120.112,4,psych-rock
4cw0g10w0KD6Dcj5Nndm8h,Tiger Army,Music From Regions Beyond,Ghosts Of Memory,27,202586,False,0.405,0.954,1,-4.183,0,0.06,0.000187,4.71e-06,0.1,0.759,134.51,4,psych-rock
3b7OG6vJYLvLw5cD2vJGiJ,Courting,David Byrne's Badside,David Byrne's Badside,27,197393,False,0.328,0.906,0,-5.707,1,0.0709,0.00133,6.52e-06,0.349,0.571,149.674,4,psych-rock
2ZVN8uzgXLzwuCvOzMdn5W,The Beach Boys,"It's Christmas, Let's Dance",Little Saint Nick - 1991 Remix,0,118840,False,0.602,0.553,11,-9.336,1,0.0328,0.108,0.0,0.0512,0.971,130.594,4,psych-rock
0PHfHk7nElZ2EX7phkuTwl,Cem Karaca,"Cem Karaca'nın Apaşlar, Kardaşlar, Moğollar, Ferdy Kleine'a Teşekkürleriyle",Unut Beni,38,243693,False,0.393,0.454,5,-15.335,1,0.0385,0.127,2.72e-05,0.375,0.42,95.628,4,psych-rock
2aoo2jlRnM3A0NyLQqMN2f,Jimi Hendrix,Electric Ladyland,All Along the Watchtower,77,240800,False,0.438,0.805,8,-6.237,1,0.0624,0.00255,5.69e-05,0.0842,0.564,113.253,4,psych-rock
6KqiVlOLfDzJViJVAPym1p,The Beatles,1 (Remastered),All You Need Is Love - Remastered 2015,57,227760,False,0.397,0.625,7,-5.829,1,0.0347,0.437,5.47e-06,0.263,0.676,104.54,4,psych-rock
1hEjcrND10Utm4ZA7ji6ew,Closehead,Discopunkhead,Menunggu Bintang Terang,39,227448,False,0.533,0.923,9,-4.808,1,0.0401,0.000528,3.72e-05,0.105,0.474,107.503,4,punk
1pkTvuXbKr4upKDTE67Nnb,Surf Curse,Magic Hour,Sugar,46,162840,False,0.611,0.695,6,-5.056,1,0.0612,0.112,0.000347,0.14,0.699,121.347,4,punk
2LGj1sOH9OEN5y1fF3TPoL,The Smiths,Alternative Rock Mixtape,How Soon Is Now?,1,408173,False,0.398,0.93,11,-6.76,1,0.0599,0.000854,0.121,0.0874,0.73,190.84,4,punk
2Rmw7J0krEU75ffhkaK93D,Waterparks,FANDOM,I Miss Having Sex But At Least I Don't Wanna Die Anymore,66,133351,False,0.582,0.81,5,-4.104,0,0.106,0.0763,0.0,0.351,0.874,73.954,4,punk
5773KSWFzg9kCc8yazjbSt,Le Tigre,Le Tigre,Deceptacon,69,184626,True,0.603,0.864,4,-3.341,0,0.0668,0.055,0.00493,0.0986,0.616,160.488,4,punk
68Xzn8inCgRs7AEMZoKYPq,Surf Curse,Magic Hour,Lost Honor,45,239346,False,0.445,0.924,9,-3.442,1,0.0857,0.0716,0.00962,0.193,0.845,159.888,4,punk
2PS1X5DzUCIFuX4ljfNAH0,Set It Off,Alternative Christmas 2022,This Christmas (I'll Burn It To The Ground),0,207000,False,0.516,0.943,6,-5.593,0,0.054,0.00131,0.0,0.324,0.285,94.998,3,punk
5z4AXu1gorKi6CU08B6uEk,Rybičky 48,"Amores Perros, Voe!",Emily,42,238146,False,0.557,0.917,11,-3.592,1,0.0469,0.0181,6.09e-05,0.0609,0.815,117.356,4,punk
2AjLI6h9DZrFw0XVtTYwdT,blink-182,Rock Workout 2023,All The Small Things,1,171066,False,0.442,0.9,0,-5.032,1,0.0529,0.0109,0.0,0.395,0.609,148.62,4,punk
4yKFAIgwISeVWcNnatlxx3,Tři Sestry,Sex drógy rokenról,Já jsem Aleš,43,230314,False,0.503,0.874,7,-5.0,1,0.0406,0.055,0.0,0.256,0.524,137.989,4,punk
0GgN4MhR5GKn5IcKN0e0rG,My Chemical Romance,The Black Parade,Cancer,69,142973,False,0.457,0.515,4,-4.31,1,0.0261,0.358,0.0,0.278,0.222,74.984,4,punk
6MXJQlaY0IcNjVDNYeYj8y,The Minds Of 99,Liber,Hjertet Følger Med,41,282416,False,0.512,0.973,11,-4.822,0,0.0573,0.0022,0.494,0.0763,0.902,128.005,4,punk
5dAMXZx98EA6x3MiqGt2DY,Catupecu Machu,Cuentos Decapitados,Perfectos Cromosomas,41,219480,False,0.608,0.942,11,-3.401,1,0.0696,0.0235,0.000188,0.119,0.46,143.979,3,punk
6PudNM0mVIi3ipGCSUW8gu,Soda Stereo,Comfort Y Musica Para Volar,Superstar,40,248333,False,0.555,0.692,0,-9.717,1,0.0299,1.58e-05,0.506,0.2,0.551,120.104,1,punk
0WjMFlPfM73K02rAeC2JAf,Cobra Skulls,Sitting Army,Cobracoustic,37,168120,False,0.654,0.486,0,-9.473,1,0.0278,0.741,0.0,0.0977,0.373,81.7,4,punk
7MUd9iu6pW3KnLcz2NuMcs,Jimmy Eat World,Christmas Rock 2022,Last Christmas,0,267493,False,0.532,0.842,2,-6.152,1,0.0403,0.00131,1.2e-06,0.33,0.715,126.042,4,punk
1ErS8Tahdp0bOUH7SBM4jo,Soda Stereo,Dynamo (Remastered),Ameba - Remasterizado 2007,41,256665,False,0.438,0.778,7,-7.271,0,0.0355,2.1e-05,0.00321,0.411,0.531,101.961,4,punk
1S5nq7DelsGNc4DVFaJHul,Attaque 77,"Acústico,Teatro Opera, Buenos Aires, Argentina.",Arrancacorazones - Acústico en Vivo,39,226000,False,0.385,0.838,7,-6.051,1,0.0369,0.23,0.0,0.91,0.274,125.572,4,punk
6zpBjeIne0jS2AVCElureG,Kapelle Petra,Nackt,Also stoßen wir an,37,235152,False,0.409,0.813,3,-4.346,1,0.0376,0.0138,0.0,0.183,0.48,188.115,4,punk
3XERD1dJsm6kLPblCwgdJ1,My Chemical Romance,Top of the Rock,The Foundations of Decay,0,360760,False,0.363,0.67,1,-6.652,0,0.0552,0.000582,0.548,0.317,0.198,150.15,4,punk
1hdlpRiRTVIjO6yGYVLJJp,wander wildner,Baladas Sangrentas,Bebendo vinho,39,268493,False,0.55,0.638,7,-10.438,1,0.0259,0.000421,0.0558,0.108,0.6,124.76,4,punk
7cdnq45E9aP2XDStHg5vd7,The Runaways,The Runaways,Cherry Bomb,69,138706,False,0.501,0.813,11,-8.192,1,0.0639,0.0455,4.75e-05,0.131,0.495,136.59,4,punk
7JrctawaAEFFjKwTGuJK5B,Anarcute,Hope+,Sosok Pengganti,38,195857,False,0.657,0.775,8,-9.973,1,0.0342,0.169,0.0,0.123,0.543,139.962,4,punk
3Xi6BMBRtkRyfOxNlfvCcv,blink-182,Alternative Christmas 2022,I Won't Be Home For Christmas,0,198093,False,0.347,0.942,7,-5.517,1,0.0913,0.00196,0.0,0.338,0.66,200.025,4,punk
4Ssi6tKwrTHi5qvDndrZRP,Neck Deep,The Peace And The Panic,Wish You Were Here,73,248253,False,0.53,0.496,10,-6.318,1,0.0264,0.428,0.0,0.0898,0.535,159.957,3,punk
3Sz7Q3D89jYaOu7F8MXUxh,PXNDX,Bonanza,La vida en el barandal,37,256386,False,0.592,0.869,3,-3.832,0,0.0357,0.00626,0.00481,0.107,0.44,138.011,4,punk-rock
2LGj1sOH9OEN5y1fF3TPoL,The Smiths,Alternative Rock Mixtape,How Soon Is Now?,1,408173,False,0.398,0.93,11,-6.76,1,0.0599,0.000854,0.121,0.0874,0.73,190.84,4,punk-rock
7cawZykaoTUyaRqZLclrts,2 minutos,20 Años No Es Nada,Otra Mujer,35,107053,False,0.412,0.96,5,-3.307,1,0.11,0.000603,0.0,0.446,0.511,126.578,4,punk-rock
1hRa373L1NxacnE6HdEVSF,Sumo,Sí o Sí - Diario del Rock Argentino - Sumo,Los Viejos Vinagres,37,197760,False,0.767,0.72,6,-8.412,0,0.112,0.00917,3.02e-05,0.0991,0.828,124.625,4,punk-rock
00j7NgyKytDYlBEpIv4QPQ,PXNDX,Panda MTV Unplugged (Live),Monstruo Comeastronautas - MTV Unplugged,35,301673,False,0.329,0.574,7,-7.327,1,0.0302,0.0829,0.0,0.962,0.459,185.156,3,punk-rock
5CaIwevHOqEFkn3hBJ0cNW,Cadena Perpetua,Malas Costumbres,De Más,43,180720,False,0.56,0.922,7,-5.184,1,0.0638,0.0833,0.0,0.0799,0.856,149.79,4,punk-rock
3ZOHuwn7Ok9azfFazDqNBe,Cachorro Grande,Pista Livre,Você Não Sabe o Que Perdeu,40,167026,False,0.501,0.94,7,-5.393,1,0.0451,0.000145,0.000212,0.344,0.835,136.525,4,punk-rock
7yopp41Rp0Mb2of12tGRHv,Cuchillazo,Cuchillazo,Colgado,35,170906,False,0.447,0.626,9,-7.558,1,0.0307,0.238,0.00297,0.382,0.681,169.371,4,punk-rock
2HlKoADvlaFopZPVPkrWZ1,Talking Heads,Halloween Party Hits 2022,Psycho Killer - 2005 Remaster,0,261413,False,0.721,0.521,2,-8.123,1,0.0613,0.0708,0.00545,0.127,0.942,123.118,4,punk-rock
7G8wXQyYA7lfJ7LEzYGCC8,PXNDX,Poetics,Un Tipo de Indulgencia,38,231853,False,0.45,0.933,8,-3.963,1,0.128,0.0115,0.00324,0.119,0.525,154.18,4,punk-rock
72I5gb06T9KIESon4AWY8S,The Cab,Lock Me Up,Lock Me Up,58,209626,False,0.687,0.857,0,-6.31,0,0.034,0.0852,0.0,0.467,0.68,94.011,4,punk-rock
7KrjtcjqOpMOaH9VbCjYHM,Luis Alberto Spinetta,Silver Sorgo,Adentro Tuyo,35,343893,False,0.342,0.268,7,-13.62,1,0.0298,0.782,0.00754,0.0882,0.132,94.958,4,punk-rock
5qjZgLx35G3YbZkI8cKlkn,Riff,Que Sea Rock,Lily Malone,40,302586,False,0.512,0.848,11,-5.559,0,0.0365,1.8e-05,0.000269,0.378,0.374,127.616,4,punk-rock
4ig3DcNoj3UfPdhL2Rw9J1,Waterparks,FANDOM,Turbulent,66,162577,True,0.532,0.841,4,-4.993,0,0.172,0.0272,0.0,0.136,0.23,172.004,4,punk-rock
6JgHKt0WwdwlXIht6M0mqa,Fugazi,Instrument Soundtrack,I'm So Tired,63,118933,False,0.328,0.13,6,-15.094,1,0.0307,0.892,0.0129,0.122,0.169,78.454,4,punk-rock
4uT1leY76vDaNl88JABqic,Thermo,Ancestros,Tu Nombre,36,286797,False,0.532,0.945,8,-2.979,1,0.0544,0.0379,0.00113,0.213,0.675,152.964,4,punk-rock
6YdgS3nz9fDF3a0DQ3Z3my,Last Child,Our Biggest Thing Ever,Percayalah - Bonus Track,45,208823,False,0.449,0.785,2,-5.664,1,0.0391,0.0993,0.0,0.238,0.417,169.94,4,punk-rock
7LgxYvP8zzKSapwngbxAeU,Ultraje a Rigor,O mundo encantado do Ultraje a Rigor,Nós vamos invadir sua praia - Avenida,38,254906,False,0.509,0.97,4,-6.732,1,0.0697,0.00951,0.000234,0.0459,0.665,169.121,4,punk-rock
1ZM2OI2cuxpkGHZqnlC8zW,Ultraje a Rigor,Sexo,Nós vamos invadir sua praia - Avenida,39,254906,False,0.509,0.97,4,-6.732,1,0.0697,0.00951,0.000234,0.0459,0.665,169.121,4,punk-rock
0bNxdr2hiuRVA66Vzh6SzY,Misfits,Halloween Scary Party,Halloween - Master Sound Productions 1980,0,106666,False,0.418,0.845,0,-12.182,1,0.0415,0.572,0.144,0.115,0.202,113.794,3,punk-rock
2ZnAe2Af6C6s8B25gtWbCU,Riff,Zona de Nadie (Remasterizado 2016),El Forastero - Remasterizado 2016,38,164013,False,0.485,0.803,5,-9.47,1,0.0805,0.0124,0.0149,0.11,0.857,151.0,4,punk-rock
0Om3atUNbAqVJexASXyKqH,Raimundos,Acústico - Ao Vivo,Puteiro Em João Pessoa - Ao Vivo | Acústico,35,204672,True,0.465,0.971,8,-2.722,1,0.0932,0.289,0.0,0.912,0.649,129.216,4,punk-rock
55EvnM7MCxN6cbcrOsH5XG,BBS Paranoicos,Cruces,Sin Salida,36,156181,False,0.478,0.885,6,-3.185,1,0.0546,8.51e-05,5.51e-05,0.137,0.847,155.947,4,punk-rock
3Qj5PG9R07UbNMbaMNpKYd,Charly García,García 87/93,Fantasy,36,179573,False,0.606,0.45,5,-12.867,1,0.031,0.000401,0.00814,0.329,0.263,112.729,4,punk-rock
2laJdkltxYwwCJanm7yBnn,Raimundos;Érica Martins,Só as Melhores do Pop Rock Brasileiro,A mais pedida,0,233733,False,0.538,0.825,0,-4.021,1,0.0478,0.0105,1.43e-05,0.0693,0.467,125.056,4,punk-rock
62FCtdHru9nNAJOGbzObi4,MTK;Meucci;Tasdan;Agatha,"Pode Me Esperar (feat. Meucci, Tasdan & Agatha)","Pode Me Esperar (feat. Meucci, Tasdan & Agatha)",41,210012,False,0.689,0.682,11,-6.578,0,0.0288,0.271,0.0,0.272,0.617,104.068,4,r-n-b
75JjsyGDbAaO2tPvdcYZp8,Valentín Elizalde,En la nada,Lobo Domesticado,0,171426,False,0.751,0.612,10,-3.196,1,0.0361,0.261,2.48e-05,0.359,0.942,116.016,4,r-n-b
1ZCreSfHLOgtmC85t9nNsI,Chuck Berry,12 Days of Christmas 2022,Run Rudolph Run,0,162897,False,0.647,0.876,10,-5.662,1,0.185,0.881,3.59e-05,0.26,0.949,151.925,4,r-n-b
249e2fS064cOwvWXm4JU28,Big Up,Uni-Versos,Sinta,44,212044,False,0.862,0.633,7,-8.216,1,0.0753,0.0076,0.000311,0.366,0.434,131.985,4,r-n-b
0W64NfLrIsRTAFObko6uJx,Lil Tjay,True 2 Myself,Leaked,71,220240,True,0.51,0.619,7,-7.918,1,0.281,0.801,0.0,0.0811,0.321,97.018,4,r-n-b
0tEXlkyMxbOFoD1434xDuN,22Gz;Kodak Black,Hiphopowe nowości,Up n Stuck,0,193970,True,0.869,0.802,9,-3.37,0,0.504,0.0978,0.0,0.0998,0.346,140.89,4,r-n-b
20XepQLAx0psdctutoizL7,O Rappa,Instinto Coletivo (Versão Simples),Instinto coletivo,42,305866,False,0.657,0.931,7,-5.879,1,0.15,0.0157,0.11,0.277,0.493,104.983,4,r-n-b
0A2fX1kBVpevzGnMjx5fnX,Chuck Berry,Christmas Playlist 2022,Run Rudolph Run,0,162897,False,0.647,0.876,10,-5.662,1,0.185,0.881,3.59e-05,0.26,0.949,151.925,4,r-n-b
6n1vYUIisGSlawZTVgy2Po,Biquini Cavadão,Me Leve Sem Destino (Ao Vivo),Quando Eu Te Encontrar - Ao Vivo,44,213533,False,0.52,0.933,6,-5.2,1,0.0357,0.0159,0.0195,0.397,0.536,99.998,4,r-n-b
4FbTre6XTjpHT54Kij86GS,Maneva;Oriente;Haikaiss,Ao Vivo Em São Paulo,Meu Pai É Rastafar-I - Ao Vivo Em São Paulo,42,261490,False,0.655,0.944,4,-5.457,0,0.151,0.319,0.0,0.888,0.344,97.957,4,r-n-b
2ImAP3mezUhfEZkqx8HtYW,A Família,Só as Melhores,Brinquedo Assassino,43,382142,True,0.771,0.746,9,-4.497,1,0.262,0.0902,0.0,0.0464,0.502,148.054,4,r-n-b
6GenSQjsQHvJ6ZhwzxJhhL,Facção Central,O Espetaculo Do Circo Dos Horrores,Castelo Triste,42,365388,False,0.747,0.624,9,-4.72,0,0.34,0.304,0.0,0.155,0.648,135.921,4,r-n-b
75cgHYOy44OB9plMoZwHZr,Jorge Ben Jor,Acústico Jorge Ben Jor A + B (Ao Vivo),Os Alquimistas Estão Chegando Os Alquimistas - Ao Vivo,41,201666,False,0.613,0.646,11,-8.801,0,0.0712,0.562,0.000112,0.74,0.509,95.676,4,r-n-b
6ozLwDnOkZBN1yir033PyG,El Coyote Y Su Banda Tierra Santa,Como una Huella Digital,La Loba del Mar,50,143880,False,0.799,0.736,8,-7.189,1,0.0582,0.283,0.000347,0.0265,0.975,106.539,3,r-n-b
3BSjclxC2Idsc5d8LsCJwj,Paul Anka,Las 66 Favoritas de Jose María Íñigo y José Ramón Pardo. Vol. 1 (1958-1961) [Remastered]],Put Your Head On My Shoulder (Remastered),51,158879,False,0.587,0.55,4,-4.967,0,0.0279,0.712,0.0,0.182,0.525,109.967,3,r-n-b
3j6twYGGDPLQ3EruZXgHJb,Los Hermanos,Los Hermanos 2019 (Ao Vivo),A Flor - Ao Vivo,40,211368,False,0.42,0.916,8,-8.598,0,0.08,0.166,0.0977,0.457,0.287,135.172,4,r-n-b
5Z6QUf4ruCkSMOzxQHulCm,Enygma Rapper,Chama (Ace),Chama (Ace),42,287549,False,0.563,0.8,11,-4.118,0,0.036,0.296,0.0,0.119,0.384,138.974,4,r-n-b
5QvW5lK6mkfTegpAK9JOO7,Fivio Foreign;The Kid LAROI,Paris to Tokyo,Paris to Tokyo,71,130897,True,0.642,0.787,5,-6.389,0,0.17,0.0185,0.0,0.288,0.406,146.733,4,r-n-b
6G0vQhQUP8jUzAkGZ2PXRH,Lianne La Havas,2Step - Pop R'n'B,Can't Fight,0,190560,False,0.737,0.522,6,-9.205,0,0.0485,0.0772,0.00347,0.152,0.768,86.985,4,r-n-b
2nrqCvsHTendQmjtTB1SxS,Jota Quest,Jota Quest - Rio de Janeiro - 28/01/2005,Do Seu Lado - Ao Vivo,45,297266,False,0.584,0.922,7,-5.513,1,0.0422,0.0216,0.0015,0.963,0.76,142.05,4,r-n-b
1ONnn6GrKQoGuHUYQ3eTyv,João Penca E Seus Miquinhos Amestrados,Hot 20 - João Penca e Seus Miquinhos Amestrados,Lágrimas de Crocodilo,45,232733,False,0.659,0.934,6,-5.97,0,0.0449,0.303,0.0017,0.0529,0.844,135.341,4,r-n-b
5HpX5jzbL8OweC2nAG0bC2,509-E;Dexter;Afro-X,MMII-DC (2002 Depois de Cristo),Mile Dias,41,309066,True,0.767,0.509,0,-6.123,1,0.28,0.301,0.00329,0.494,0.733,153.537,4,r-n-b
3wibiU2UECiww5wkSJfPZJ,Fresno;Lenine;Emicida,Eu Sou a Maré Viva,Manifesto (feat. Lenine e Emicida),40,273933,False,0.398,0.962,6,-3.741,1,0.106,0.0111,0.0,0.298,0.199,135.107,4,r-n-b
2cuxKp2kNIpSdGMSBgCAWH,Terno Rei,Violeta,93,42,156000,False,0.726,0.487,10,-8.377,1,0.0273,0.132,3.68e-05,0.114,0.626,126.005,4,r-n-b
41JHlHuIFyOSSRYVCsYrKZ,Barão Vermelho,Balada MTV,O tempo não para,46,272173,False,0.525,0.694,4,-7.208,0,0.0372,0.0474,0.0,0.738,0.42,136.627,4,r-n-b
5gePc5Ns5P1lBhlSrItWwK,Jhayco;Ozuna,Hora del taco sin auto,Easy - Remix,1,219866,False,0.891,0.748,1,-3.844,0,0.0976,0.186,2.06e-06,0.133,0.401,94.06,4,reggae
5UiFhQAqSCvdpBaoqJ5HVX,Shaggy;Ricardo Ducent,De ese gran pop de los 00's,It Wasn't Me,0,229194,False,0.851,0.621,0,-4.184,1,0.0675,0.0545,0.0,0.336,0.691,94.739,4,reggae
2ldVpRwLjfUWCDqrjNQYWt,Daddy Yankee;Bad Bunny,Perreo en Halloween,X ÚLTIMA VEZ,3,192477,True,0.812,0.855,7,-3.725,1,0.0554,0.0789,0.000167,0.108,0.573,90.04,4,reggae
7lTWdUAtKRdaRS0UbQD9y7,J Balvin,Noche de Halloween Latino,Morado,2,200666,False,0.881,0.696,11,-3.838,0,0.0797,0.136,4.06e-05,0.0927,0.781,97.002,4,reggae
4JELRSQrBtkmK2QN5UKKjH,Jhayco;J Balvin;Bad Bunny,Perreo Tenebroso Vol. 4,No Me Conoce - Remix,0,309120,False,0.804,0.786,10,-3.837,0,0.0735,0.144,0.0,0.0928,0.575,91.992,4,reggae
2DcRv49cdbnHGGWFIuHBkI,Maneva,Deixe-Me Ir / Tem Café (Ao Vivo),Deixe-Me Ir / Tem Café - Ao Vivo,48,272277,False,0.616,0.714,7,-3.965,0,0.311,0.243,0.0,0.316,0.695,176.192,4,reggae
02jLfqc9gMo8PkHEGHY3OT,Feid,Si Te La Encuentras Por Ahí,Si Te La Encuentras Por Ahí,82,191573,False,0.743,0.576,8,-3.552,0,0.076,0.151,5.87e-05,0.128,0.455,171.945,4,reggae
6jV4DJBIWY4ykbdCcX4Bfu,MORADA,Atenção,Desenvolvendo Amor,47,257969,False,0.59,0.763,4,-4.833,0,0.0586,0.1,0.0,0.171,0.761,145.005,4,reggae
39N7mQeMmInerrWiw8dd4D,Kail BRL;Benji La Maldita Escritura De Oro,Alta Gama,Alta Gama,47,185111,False,0.781,0.58,5,-6.11,1,0.395,0.0868,0.0,0.733,0.592,179.96,4,reggae
1MDuXjpO68UVjbBzrTL1Aq,MAGIC!,Primary Colours,Red Dress,50,200800,False,0.653,0.795,10,-4.477,1,0.0336,0.0887,0.0,0.203,0.803,135.978,4,reggae
5RZ2onkccYP8RbSamO0hXT,KAROL G;Camilo,Esto No Se Le Dedica A Cualquiera,CONTIGO VOY A MUERTE,4,219960,False,0.77,0.852,11,-2.593,1,0.0489,0.201,3.06e-06,0.0623,0.785,82.997,4,reggae
0zJbt1VyUwCmUXyo8tSU7r,Sebastian Yatra;Jhayco,pov: it's 2021,Delincuente,0,202426,False,0.82,0.67,7,-3.89,1,0.0581,0.0331,0.0,0.116,0.644,90.984,4,reggae
2VRR3vc9jMYcCEBM2A3ZV9,KAROL G,Perreo Tenebroso Vol. 2,Muñeco De Lego,0,162066,False,0.784,0.637,0,-7.386,0,0.147,0.283,0.0,0.153,0.544,143.977,4,reggae
3ZCUoHByl6bizZMHPQF5v5,J Balvin;Maria Becerra,Reggaeton Mix Perreito,Qué Más Pues?,2,217361,False,0.904,0.817,8,-3.956,1,0.0871,0.0254,0.000141,0.232,0.753,101.988,4,reggae
4u4EnZpoThBaxVRLMHyVOA,Ozuna,OzuTochi,Cielos Rosado,59,182840,False,0.86,0.72,6,-6.191,0,0.0454,0.0234,0.168,0.377,0.23,120.0,4,reggae
4AGvLxSCLfHOjndRFUXPGd,Dazaranha,Daza,Fé Menina,45,189773,False,0.578,0.588,9,-8.281,1,0.0493,0.332,0.0,0.15,0.797,162.943,4,reggae
3lQ2YjLGrwN9QDrYy8nkZw,Lenny Tavárez;Randy;De La Ghetto;Brray;Justin Quiles,Tropical Vibes,La pared 720,1,276104,True,0.698,0.845,7,-4.705,1,0.12,0.176,0.0,0.239,0.749,171.938,4,reggae
434VcYrm3FPRRiW4jw5nLb,Wisin & Yandel;Chris Brown;T-Pain,Fiesta portatil,Algo Me Gusta De Ti,3,274946,False,0.626,0.769,11,-5.296,0,0.0325,0.00291,0.0,0.0598,0.237,127.949,4,reggae
1I86H4C4Vqm0INF99IGq0r,Alvaro Diaz;Rauw Alejandro,Noche de Halloween Latino,Problemón,1,193013,False,0.729,0.737,2,-3.727,0,0.064,0.275,7.58e-06,0.137,0.369,91.99,4,reggae
1bFgMkoazsyZGSflpCzYm6,Farruko;Tiësto,Pepas (Tiësto Remix),Pepas - Tiësto Remix,70,223384,True,0.769,0.688,7,-4.378,1,0.0501,0.00215,0.107,0.088,0.387,130.026,4,reggae
3i2njMyJOynYaC9o7QS0n7,Chris Jedi;Anuel AA;Chencho Corleone;Ñengo Flow,Bájale como 7500,La Llevo Al Cielo,4,254920,True,0.795,0.845,9,-3.809,0,0.135,0.105,1.14e-05,0.172,0.769,170.023,4,reggae
0rXUq0QEtQg4gRvd4EPHGf,Jhayco,Perreo Tenebroso Vol. 4,Christian Dior,0,147133,True,0.835,0.718,7,-5.62,0,0.0694,0.226,1.99e-06,0.108,0.427,92.028,4,reggae
4xWzDlOYUJSzJda21R27G6,Feid,Frescura y Perreo,Feliz Cumpleaños Ferxxo,3,155960,False,0.865,0.573,5,-5.501,1,0.0678,0.0863,0.0,0.305,0.563,94.999,4,reggae
4Xtlw8oXkIOvzV7crUBKeZ,Daddy Yankee,Barrio Fino En Directo,Rompe,74,188626,True,0.696,0.858,9,-5.155,1,0.0859,0.0727,3.19e-06,0.0631,0.533,176.061,4,reggae
5h3PtoxLaZW2d9wKi46pQX,Feid,El perreo es el futuro,Feliz Cumpleaños Ferxxo,0,155960,False,0.865,0.573,5,-5.501,1,0.0678,0.0863,0.0,0.305,0.563,94.999,4,reggae
6Ges5C2IE738iJh4HyQizQ,J Balvin,La Familia B Sides,Ay Vamos,69,226413,False,0.718,0.711,8,-5.746,0,0.11,0.157,5.54e-05,0.1,0.92,173.916,4,reggaeton
0NBdUCQ7N2Wm8rZgWjS5Uc,ITHAN NY,Porte,Porte,44,140425,True,0.846,0.876,10,-4.168,0,0.0931,0.0237,8.43e-06,0.0921,0.774,94.004,4,reggaeton
6e9Ew4AECYwY5Xgs2ZKMgp,Anuel AA,Mercedes Tintia,Mercedes Tintia,81,195348,True,0.815,0.67,11,-4.076,1,0.109,0.0902,0.000854,0.0973,0.768,172.014,4,reggaeton
2UzdMpV9R6H1Aex1yXExli,KAROL G;Maluma,Verano en Junio,Créeme,0,214293,False,0.714,0.874,6,-3.576,1,0.0549,0.128,0.000146,0.105,0.648,96.998,4,reggaeton
2QczXDHtchuZSBVg8fliPn,Feid;Dalex,Halloween 2022 Perreo Vol. 3,Ron - Remix,3,187720,False,0.764,0.685,8,-5.548,0,0.0599,0.27,0.0,0.318,0.925,82.027,4,reggaeton
2FSGUA0gFgGeQdprjtGM2M,KAROL G;Mariah Angeliq,KG0516,EL MAKINON,79,209160,False,0.635,0.706,5,-3.224,0,0.125,0.256,0.0,0.108,0.443,88.863,4,reggaeton
5fWG4JDot8nHCte7gUdMUS,Farruko;David Guetta,Pepas (David Guetta Remix - Radio Edit),Pepas - David Guetta Remix - Radio Edit,66,171784,True,0.632,0.952,7,-4.85,1,0.0527,0.0122,0.0119,0.265,0.098,126.967,4,reggaeton
0lP3xJ4fWWCh7pN06U4IWr,Angel Y Khriz,Queda poco para la PAES 2.0,Ayer La Vi,0,236080,False,0.732,0.896,9,-4.517,1,0.0434,0.093,0.0,0.159,0.787,99.946,4,reggaeton
7bO42EBeTY998hkz8AFxpd,Alejo;Feid;ROBI,Halloween con perreito,Pantysito,0,240413,True,0.83,0.739,7,-5.395,0,0.0627,0.136,2.11e-06,0.162,0.631,97.993,4,reggaeton
704LUEih663hiE3CnyUrFW,KAROL G,SEJODIOTO,SEJODIOTO,79,181106,True,0.822,0.736,1,-3.969,1,0.15,0.157,0.000781,0.0748,0.679,175.93,4,reggaeton
5ywMdbYK6YThy10BMT7tBw,Cali Y El Dandee;Sebastian Yatra,Perreo Tenebroso Vol. 3,Locura,0,209440,False,0.758,0.778,8,-3.562,1,0.0657,0.0806,0.0,0.198,0.532,92.983,4,reggaeton
7Hr9ke37qeKfCajWSZ4iet,Ozuna;Nesi,OzuTochi,La Suzi,61,155933,False,0.541,0.544,11,-7.559,0,0.258,0.28,0.0115,0.289,0.456,98.015,4,reggaeton
25WU3f3gv6ATdPtSG5cybu,Don Omar;Juan Magán,Perreo Tenebroso Vol. 4,No Sigue Modas Aka Ella No Sigue Modas,0,232000,False,0.685,0.862,0,-4.611,1,0.0627,0.00757,0.0014,0.0226,0.884,128.032,4,reggaeton
6JXbjTYnHhVpgz8aRm1wTR,Balbi El Chamako,La Vida Es Bela,Ando Con el Carro,41,170568,False,0.706,0.804,0,-7.577,0,0.13,0.0404,0.0,0.0443,0.259,94.039,4,reggaeton
4knGE25OEOeaJocSkSliuz,"Angel Y Khriz;Gocho ""El Lápiz De Platino"";John Eric",Halloween 2022 Perreo Vol. 3,Na De Na,0,202866,True,0.878,0.893,6,-5.834,1,0.122,0.182,0.0,0.105,0.682,119.925,4,reggaeton
195Ez26qzXA0l6M1fcXayl,Alvaro Diaz;Joyce Santana;Deborah Blues,Hato Rey,Mal Necesario,39,291023,True,0.743,0.576,4,-7.453,0,0.0964,0.0542,0.0,0.121,0.337,126.945,5,reggaeton
5jRM57e9BCpKm2F0iQmReN,KAROL G;Maluma,En la nada,Créeme,0,214293,False,0.714,0.874,6,-3.576,1,0.0549,0.128,0.000146,0.105,0.648,96.998,4,reggaeton
1U6K8MHPdkqaBoJOfhXjPx,Jhayco,Reggeaton Imperdible,Sensual Bebé,0,209146,True,0.776,0.629,0,-6.09,1,0.0505,0.0268,0.0,0.114,0.104,97.066,4,reggaeton
5Tj1ohvoTgMyk5KyatzI88,J Balvin;Bad Bunny,Feliz Cumpleaños con Perreo,QUE PRETENDES,2,222346,False,0.639,0.791,10,-4.443,0,0.254,0.0275,0.0,0.362,0.933,92.603,4,reggaeton
5lWntBx6CC4JbbHPCb6ftj,Feid,El perreo es el futuro,Ferxxo 100,0,167760,False,0.705,0.562,8,-3.378,0,0.0674,0.257,0.0,0.137,0.569,163.893,4,reggaeton
3DTHLA4DaMpgHrK1fRP2bF,Jeloz,Ilusión,Por Ti,45,187640,False,0.799,0.877,1,-4.875,1,0.0501,0.0674,0.0,0.0852,0.706,120.015,4,reggaeton
2T4QfRdhGf1BxKNyLBkE6N,Jhayco;Bad Bunny,Esto me suena a Farra,CÓMO SE SIENTE - Remix,0,227520,True,0.807,0.606,3,-8.871,0,0.0872,0.0946,0.0,0.119,0.304,92.988,4,reggaeton
69vlMrzHwATKzupwNcUPyK,Bad Bunny;Daddy Yankee,YHLQMDLG,La Santa,84,206420,True,0.744,0.868,1,-4.524,1,0.047,0.0326,0.0,0.0822,0.586,93.037,4,reggaeton
1ycasxRQuWKCs0LpIBNcw7,Kevin Roldan;Bryant Myers;Lyanno,Noche de Halloween Latino,Hasta Abajo,1,229826,False,0.714,0.671,5,-5.119,1,0.362,0.292,0.0,0.325,0.641,169.727,4,reggaeton
318wNtLpuTW12tfiwo4yGN,Alex Sensation;Myke Towers;Jhayco;Arcangel;De La Ghetto;Darell,Fiesta Reggaeton 2010s,La Calle,1,292946,False,0.77,0.813,7,-3.424,1,0.139,0.298,1.82e-06,0.158,0.717,98.025,4,reggaeton
0H0NjRO6P3UAiMU5kJtKoW,The Beach Boys,Christmas Songs 2022,God Only Knows - Mono / 1997 Remastered,5,173040,False,0.524,0.487,6,-7.525,0,0.0299,0.253,0.0,0.0579,0.482,117.108,4,rock
1Q8zAPoH5EHukDXyrnZDc7,The Beach Boys,Weihnachten Playlist,God Only Knows - Mono / 1997 Remastered,0,173040,False,0.524,0.487,6,-7.525,0,0.0299,0.253,0.0,0.0579,0.482,117.108,4,rock
7o2CTH4ctstm8TNelqjb51,Guns N' Roses,Appetite For Destruction,Sweet Child O' Mine,84,354520,True,0.454,0.91,6,-7.766,1,0.0448,0.0866,0.0996,0.116,0.629,125.116,4,rock
7kgnklf0HG5upgIo0N4SYa,The Beach Boys,Christmas Dinner 2022,Little Saint Nick - 1991 Remix,0,118840,False,0.602,0.553,11,-9.336,1,0.0328,0.108,0.0,0.0512,0.971,130.594,4,rock
7vI203OsjvK2FFsfDtBYOd,The Beach Boys,Weihnachtslieder 2022,Little Saint Nick - 1991 Remix,0,118840,False,0.602,0.553,11,-9.336,1,0.0328,0.108,0.0,0.0512,0.971,130.594,4,rock
1rqqCSm0Qe4I9rUvWncaom,Panic! At The Disco,Pray for the Wicked,High Hopes,81,190946,False,0.579,0.904,5,-2.729,1,0.0618,0.193,0.0,0.064,0.681,82.014,4,rock
1zzwcBhUh3TqB2sVJWH84i,Bryan Adams,Rock Workout 2023,Summer Of '69,1,217493,False,0.5,0.908,2,-4.303,1,0.0418,0.0166,0.0,0.128,0.744,138.834,4,rock
7DbdUf8aHSYoliSjO6LZv6,Beach Weather,Chit Chat,"Sex, Drugs, Etc.",90,196784,False,0.572,0.839,4,-5.083,0,0.0377,0.013,0.00976,0.522,0.465,143.969,4,rock
1Ukz0CbWzSxCx8IEMGvvIE,Steely Dan,Best 70s Rock Tunes,Midnite Cruiser,0,246600,False,0.64,0.644,1,-10.273,1,0.0283,0.273,0.0,0.0449,0.722,99.197,4,rock
6JIC3hbC28JZKZ8AlAqX8h,Elton John;Dua Lipa;PNAU,The Lockdown Sessions,Cold Heart - PNAU Remix,83,202735,False,0.795,0.8,1,-6.32,1,0.0309,0.0354,7.25e-05,0.0915,0.934,116.032,4,rock
73jVPicY2G9YHmzgjk69ae,The 1975,The 1975,Robbers,71,254509,False,0.621,0.692,4,-6.858,1,0.0291,0.000363,1.75e-05,0.335,0.381,99.806,4,rock
0v1XpBHnsbkCn7iJ9Ucr1l,Bon Jovi,Crush,It's My Life,80,224493,False,0.551,0.913,0,-4.063,0,0.0466,0.0263,1.35e-05,0.347,0.544,119.992,4,rock
4LtSTc3xANVhYeeN69nscM,The Local Train,Vaaqif,Aaftaab,58,233471,False,0.464,0.391,6,-9.884,1,0.0384,0.755,9.64e-05,0.105,0.418,106.887,4,rock
7gF611irT26CBRN7JOTRAU,Counting Crows;Vanessa Carlton,Mirando las nubes,Big Yellow Taxi,0,226826,False,0.674,0.867,1,-4.329,1,0.0462,0.00199,0.0,0.206,0.821,88.04,4,rock
5mSJyWjbBeQzJlfaRmZAIN,The Beach Boys,Weihnachten Musik,Little Saint Nick - 1991 Remix,0,118840,False,0.602,0.553,11,-9.336,1,0.0328,0.108,0.0,0.0512,0.971,130.594,4,rock
5ygEUpyZy5qtZ1423zymBW,Arctic Monkeys,The Car,Hello You,41,244932,False,0.394,0.452,4,-9.923,0,0.0321,0.276,0.00998,0.193,0.653,169.298,4,rock
0VrqeZURszLwO3p5HpjfnO,OneRepublic,Jingle Bell Rock 2022,Christmas Without You,2,197146,False,0.262,0.677,7,-5.645,1,0.0528,0.447,0.0,0.205,0.365,207.478,3,rock
5G106022cgEVmEVE6UqrMA,Lenny Kravitz,OK Boomers - Top Tunes,Superlove,0,208626,False,0.664,0.783,9,-6.602,0,0.0321,0.00531,0.327,0.0245,0.976,100.204,4,rock
5CqgwvGdzmYmTAEDvRMKxA,Supertramp,Fiesta temática 70s,Give A Little Bit,0,248173,False,0.531,0.818,2,-5.358,1,0.0452,0.0694,0.00949,0.263,0.471,90.767,4,rock
1zx6GSqLYI2ynzAHnPRKBR,Arctic Monkeys,The Car,There’d Better Be A Mirrorball,41,265798,False,0.521,0.365,3,-10.914,1,0.0317,0.626,0.012,0.185,0.324,143.789,4,rock
5fVZC9GiM4e8vu99W0Xf6J,The Fray,How To Save A Life,How to Save a Life,80,262533,False,0.64,0.743,10,-4.08,1,0.0379,0.269,0.0,0.101,0.361,122.035,4,rock
5hnyJvgoWiQUYZttV4wXy6,Snow Patrol,Eyes Open,Chasing Cars,80,267960,False,0.56,0.595,9,-4.53,1,0.0274,0.199,6.47e-05,0.132,0.144,104.011,4,rock
1jJ893m6WM9aztKtzYmNJY,blink-182,OO's Music Grandi Successi,All The Small Things,2,171066,False,0.442,0.9,0,-5.032,1,0.0529,0.0109,0.0,0.395,0.609,148.62,4,rock
0B20hWBraHLh8d8GEedTX2,The Cranberries,90's Music Grandi Successi,Zombie,0,307440,False,0.252,0.738,7,-5.326,1,0.0446,0.0145,0.000497,0.375,0.256,165.187,4,rock
3DGSKdFDJsj9URD6fohI5g,ONE OK ROCK,This Is Why - This Is Rock,Save Yourself,0,197995,False,0.503,0.849,5,-2.709,1,0.0615,0.00428,0.0,0.0667,0.762,165.096,4,rock
3O41vXTFcrULtbGFZXIe1B,Los Freddy's,Antología. . . Los Freddy's,Déjenme llorar - Con banda,42,157600,False,0.734,0.496,11,-7.851,1,0.0337,0.646,0.0,0.0856,0.88,116.043,4,rock-n-roll
73bhxlCJIK9bwH0miqSxw9,Chuck Berry,On air 70's Hits,Route 66 - Stereo Remix,1,170173,False,0.755,0.642,10,-11.849,1,0.0566,0.564,0.000105,0.0443,0.969,79.768,4,rock-n-roll
5PrasjLcmAf7psojVaQWSr,Mike Laure,Lo Mejor De Mike Laure,Tabaco Mascao,36,159404,False,0.743,0.564,5,-11.227,0,0.0511,0.5,0.00172,0.258,0.962,118.405,4,rock-n-roll
2NDDTipKDL1L09WV2GSN52,Chuck Berry,Christmas Classics,Run Rudolph Run,0,162897,False,0.647,0.876,10,-5.662,1,0.185,0.881,3.59e-05,0.26,0.949,151.925,4,rock-n-roll
7gc7RRrsSiTPV7vBVy26MC,Jorge Muñiz;Amaury Gutiérrez,Serenata Vol. 2 Desvelo De Amor,Popurrí Los 3 Diamantes,31,321143,False,0.464,0.397,5,-7.412,1,0.033,0.567,0.0,0.0952,0.483,125.323,4,rock-n-roll
2O9Pf9JpoZFIwNgRoqhgcu,Los Tukas,15 Exitos,Dame Una Oportunidad,32,212600,False,0.352,0.559,7,-8.827,1,0.027,0.224,5.15e-06,0.124,0.688,176.981,4,rock-n-roll
1eYJ6xZLZltINa6GKYmjZw,Los Pasteles Verdes,Los 20 Grandes Éxitos,Como Una Sombra,33,136160,False,0.543,0.355,6,-13.413,0,0.0287,0.769,0.000554,0.159,0.777,108.307,4,rock-n-roll
7545Q9VR0txjH6yJUzo42v,Estela Nuñez,RCA 100 Anos De Musica - Segunda Parte,Aires del Mayab,38,194306,False,0.512,0.346,5,-10.235,1,0.0339,0.576,0.00288,0.268,0.49,98.601,4,rock-n-roll
1FuZ8H0Ts3799ZNVN5ZcSZ,Billy Fury,A Thousand Stars,It's Only Make Believe,34,146706,False,0.419,0.382,9,-13.438,1,0.0322,0.32,0.0,0.106,0.462,84.185,4,rock-n-roll
5wuSpl82FTKS7Miv8EXfMe,Los Baby's,Sólo para enamorados,Me piden,33,161173,False,0.402,0.422,4,-8.605,1,0.0294,0.795,0.0,0.0874,0.551,109.856,3,rock-n-roll
2d7enT2XqHbg5xZSylQt7P,Acerina Y Su Danzonera,Almendra,Almendra,41,162632,False,0.452,0.527,7,-5.399,1,0.0471,0.796,0.712,0.129,0.929,135.602,3,rock-n-roll
4ds0qnq5u3YjmQi1BhpgXG,Manolo Muñoz,El Inigualable,Un Millonario Más,35,119188,False,0.69,0.531,7,-7.409,1,0.161,0.565,0.0,0.147,0.888,79.484,4,rock-n-roll
4BxY1gnqICuaP6qg2Nw5HV,Alberto Vazquez,La Voz Romántica de Alberto Vazquez,La Felicidad Llegó,30,145217,False,0.665,0.454,2,-7.84,1,0.0284,0.426,0.0,0.158,0.871,94.482,4,rock-n-roll
2IfE8FhnPPEBSS4rL1qhBb,Elvis Presley,Elvis 30 #1 Hits,Heartbreak Hotel,56,127960,False,0.694,0.295,9,-8.672,1,0.0611,0.843,1.42e-06,0.0856,0.729,93.577,4,rock-n-roll
73BIHNAuJtxFTbuRK2y2sG,Ramon Marquez,Lo Mejor Para Bailar Con Ramón Márquez,Clases De Cha Cha Chá,32,185817,False,0.78,0.789,8,-7.956,1,0.049,0.842,0.0,0.0612,0.887,128.795,4,rock-n-roll
4iFECwt9g4TzMpX304uqWy,The Drifters,R'n'B Studying,She Never Talked to Me That Way,0,153973,False,0.386,0.384,10,-12.716,1,0.0426,0.679,0.0,0.116,0.791,146.387,4,rock-n-roll
5f8lcz6WmN77t1v01oi0ov,Peter Pan Speedrock,Premium Quality … Serve Loud,Resurrection,30,174000,False,0.43,0.98,11,-5.112,1,0.0879,0.00119,0.00475,0.101,0.577,153.411,4,rock-n-roll
2iXcvnD3d1gfLBum0cE5Eg,Little Richard,Here's Little Richard (Deluxe Edition),Tutti Frutti,65,144226,False,0.555,0.658,5,-3.866,1,0.0541,0.793,0.0,0.118,0.937,184.835,4,rock-n-roll
4VPq4O1fhqHyKpP2UoKryq,The Big Bopper,Teenage Monster (Spooky Monster Music),Purple People Eater Meets the Witch Doctor,0,132000,False,0.725,0.951,3,-0.131,0,0.279,0.784,0.0721,0.279,0.969,79.314,4,rock-n-roll
63Y39bpBmgiKXs4hSJ0dD3,The Platters,A Very 60s Christmas,Blue Christmas,0,115573,False,0.45,0.552,2,-6.9,1,0.0391,0.745,0.0,0.707,0.741,157.24,4,rock-n-roll
28G6JupBc72vynIwSIaSeR,Los Dinner's,15 Grandes Exitos,La Virgen De La Soledad,34,144786,False,0.682,0.73,10,-6.427,1,0.0457,0.056,0.0,0.118,0.785,81.666,4,rock-n-roll
0Juciz8gOjrO89qw5KwQV5,Bobby Darin,Hello Dolly To Goodbye Charlie,Call Me Irresponsible,59,124560,False,0.607,0.347,7,-12.241,1,0.0369,0.695,0.0,0.121,0.644,125.485,4,rock-n-roll
34Nc86qo5wreXTDX496TRB,The Walker Brothers,(60's) Sixties Collected Volume 2,Make It Easy On Yourself,0,191986,False,0.384,0.503,9,-8.917,1,0.0306,0.072,0.000307,0.261,0.441,81.736,4,rock-n-roll
3bgKVqn6LRjdpuFNpJ3rSq,Cliff Richard,Cuddle Up Christmas,Mistletoe and Wine,0,245333,False,0.498,0.432,9,-14.386,1,0.0345,0.688,0.0,0.136,0.365,135.015,3,rock-n-roll
5FGtIsIxZ7eQxvwprE0ckY,Sonia Rivas,20 Éxitos,Flauta de Pan,29,203866,False,0.253,0.355,4,-10.13,1,0.034,0.749,4.82e-05,0.346,0.191,173.732,3,rock-n-roll
40fD7ct05FvQHLdQTgJelG,Bobby Darin,Bobby Darin,Splish Splash,59,131719,False,0.645,0.943,0,-1.526,1,0.0393,0.385,0.0,0.37,0.965,147.768,4,rockabilly
1tdk9AdzpYRihGtZyvEbeQ,Toini & The Tomcats,Awake at Night,Phases of the Moon,24,273320,False,0.483,0.354,1,-8.73,1,0.034,0.661,1.9e-06,0.247,0.368,106.643,3,rockabilly
60HibhiSF8eBC2w4DWgorI,Loquillo,Heroes De Los 80,Cadillac solitario,55,214560,False,0.393,0.828,11,-4.147,0,0.0332,0.0746,0.00192,0.148,0.473,129.743,1,rockabilly
5jftUou8uMmQ423cCM1p1k,John Lindberg Trio,Made For Rock N Roll,To The Rockabilly Beat,26,165026,False,0.542,0.914,1,-6.911,1,0.0477,0.00191,0.351,0.193,0.929,91.463,4,rockabilly
6zetzE9JidathFioYpcw0O,The Baseballs,Hot Shots,Wake Me Up Before You Go Go,28,199786,False,0.461,0.836,9,-4.066,1,0.0766,0.602,0.0,0.0904,0.947,175.923,4,rockabilly
2Q0vnDYHgq4M9Ax3pahjPz,Shakin' Stevens,Let's Boogie,Because I Love You,50,197826,False,0.577,0.49,11,-7.262,1,0.0248,0.328,5.99e-05,0.14,0.422,102.048,4,rockabilly
49gCOqE9Z1WiViwrbibwHN,Brenda Lee,Happy Country Christmas,Rockin' Around the Christmas Tree - Re-Recorded Version,0,126146,False,0.682,0.641,8,-8.904,1,0.0384,0.564,0.0,0.224,0.824,141.003,4,rockabilly
4MbqzK2Oa7B9UE8KvYqv35,COOLS,GREAT SONGS of COOLS:横山剣 SELECTION ~シンデレラ・リバティ~,CINDERELLA LIBERTY,26,256440,False,0.516,0.917,11,-3.549,1,0.0341,0.0438,0.0,0.402,0.81,122.489,4,rockabilly
5blcqgpsuKhm0WQwMsmywj,Elvis Presley,The Best of The '68 Comeback Special (Live),Trouble / Guitar Man - Live from the '68 Comeback Special,58,206373,False,0.435,0.828,0,-8.764,1,0.101,0.31,4.07e-05,0.667,0.743,116.141,4,rockabilly
7E8osPOfj1L5OjlMCFC3aD,The Baseballs,Game Day,Royals,25,175124,False,0.716,0.86,1,-5.512,1,0.0738,0.513,8.35e-06,0.356,0.94,109.0,4,rockabilly
4FlYcJnfkeBpowEHJ72Bmt,Bobby Day,Rockin' Robin,Rockin' Robin,62,160080,False,0.541,0.608,7,-13.083,1,0.106,0.298,0.0,0.234,0.938,171.992,4,rockabilly
1Gz71YTPdkTuY07nTW03Pz,Chuck Berry,Best Christmas Songs 2022,Run Rudolph Run,0,162897,False,0.647,0.876,10,-5.662,1,0.185,0.881,3.59e-05,0.26,0.949,151.925,4,rockabilly
3lbIsyhdbxUVeh9Mc1iwWW,Ricky Nelson,Ricky Sings Again (Expanded Edition / Remastered),Old Enough To Love - Remastered,39,137706,False,0.694,0.483,6,-9.749,1,0.0282,0.679,0.0147,0.102,0.45,115.032,3,rockabilly
1yanWgRMVmEqOOjrpl8D20,Tom Stormy Trio;Rhythm Sophie,Respect for the '50s,Rockabilly Rhythm - Bonus Track,23,122520,False,0.485,0.944,2,-3.568,1,0.0455,0.00089,0.0,0.384,0.855,112.892,4,rockabilly
6eLL7QTdMWdhhG4i3jHDR9,Roy Orbison,Crying,Crying,59,166466,False,0.35,0.293,2,-9.502,1,0.0258,0.758,8.21e-06,0.104,0.162,96.685,4,rockabilly
3qvizeEugFwaOTHoYMMjMR,Eikichi Yazawa,アルバム未収録集 (50th Anniversary Remastered),ルイジアンナ (ニューヴァージョン) - Remastered 2022,24,158915,False,0.497,0.851,0,-8.646,1,0.0409,0.00317,1.23e-06,0.0864,0.825,159.549,4,rockabilly
6feurIHW6vyqq9OGOieSVo,Frankie Avalon,The EP Collection,Venus,33,142200,False,0.57,0.547,10,-9.11,1,0.0283,0.669,2.01e-05,0.0849,0.714,115.146,4,rockabilly
3miOxudu6gPucbG4kjCKj6,BOØWY,BOφWY,CHU-RU-LU,34,240466,False,0.667,0.858,11,-6.723,0,0.0706,0.00509,0.0048,0.315,0.694,139.908,4,rockabilly
42FsvUF4iYyXVx9jc54ziM,BOØWY,PSYCHOPATH,RENDEZ-VOUS - LIVE IN HAMBURG JULY 1987,34,222093,False,0.505,0.945,7,-4.83,1,0.0439,0.00598,0.000151,0.971,0.557,151.784,4,rockabilly
5Qkixf9OjJp5a4XphaONKO,Elvis Presley,Elvis 30 #1 Hits,Surrender,44,112226,False,0.454,0.666,3,-8.193,1,0.0379,0.758,2.89e-05,0.275,0.894,82.61,4,rockabilly
5Mggz5o8l77QsLYvhfs0CZ,Johnny Kidd & The Pirates,Thanksgiving Party,Shakin' All Over,0,141000,False,0.767,0.626,9,-8.408,1,0.036,0.188,1.03e-05,0.327,0.715,125.206,4,rockabilly
0kY5UKJr6HJHYL8bFuam9s,Dion,Runaround Sue (Original Album Plus Bonus Tracks),Runaround Sue,44,172786,False,0.469,0.6,2,-9.445,1,0.0783,0.321,0.0,0.0596,0.653,158.348,4,rockabilly
2vGfjY0JLLiBiEFq7zgQjB,Buddy Holly;The Crickets,Christmas time but not Christmas songs 2022,Everyday,0,128466,False,0.731,0.255,3,-11.732,1,0.0375,0.485,0.0,0.09,0.564,135.346,4,rockabilly
3Ma7En4uWNtzGAhXHVfmCY,The Platters,A Very 60s Christmas,"Rudolph, The Red Nosed Reindeer",0,112960,False,0.576,0.682,3,-4.212,1,0.0369,0.726,0.0,0.236,0.919,145.274,4,rockabilly
6a1nDjFiNCG3ieP7619RxN,Brenda Lee,Christmas Faves 2022,Rockin' Around The Christmas Tree,0,123453,False,0.631,0.569,5,-5.956,0,0.0438,0.728,0.0,0.27,0.874,71.078,4,rockabilly
7twW3YXIZsYmHOhBeYu62j,Ivan Petrov;Sergei Lemeshev;Eugene Belov;Valentina Petrova;Galina Vishnevskaya;Larissa Avdeyeva,Eugene Onegin,Tchaikovsky: Eugene Onegin: Medames! Ya na sebya vzyal smyelost - Act One,0,204160,False,0.276,0.118,7,-18.853,1,0.101,0.982,0.0,0.129,0.214,66.706,4,romance
2NlrRd58BapKvLXHeukwMQ,Ivan Kozlovsky,Mikhail Ivanovich Glinka. Romances,In the fire of desire,0,60734,False,0.465,0.221,10,-12.564,1,0.0744,0.986,0.0,0.106,0.234,86.018,4,romance
40hdtURHdXL441fg20L5gI,Gelena Velikanova,Zimnie pesni,Esli jolka ognjami tsvetjot,0,90160,False,0.637,0.356,4,-9.434,0,0.199,0.986,0.0,0.615,0.701,81.059,5,romance
4ky239WwcQFzDoU0ys5Xe3,Ivan Kozlovsky;хор Большого театра;Yevgeny Svetlanov;Оркестр Большого театра,Dargomyzhsky: Rusalka,"Rusalka, Act II: Chorus ""Kak vo gornitse-svetlitse""",0,262213,False,0.433,0.194,8,-14.452,1,0.0398,0.932,0.0,0.139,0.374,123.81,4,romance
6Wr1Wye4KR0sEWSwO2MEsy,Tatiana and Sergey Nikitin,Brich-Mulla Vol.2,Monday,0,135000,False,0.584,0.0282,7,-25.12,1,0.0649,0.951,0.0854,0.117,0.267,97.855,4,romance
0IOaug54ZnASgjgPl8IJlq,Тамара Церетели,Осенний романс,"О, позабудь!",0,172824,False,0.41,0.186,7,-15.958,0,0.0875,0.982,0.000379,0.128,0.339,73.266,3,romance
3GFKTTjXzCzr8QcqDfdnXy,Valery Obodzinsky,Вечная весна,Листопад,31,189074,False,0.622,0.412,8,-13.157,1,0.0589,0.449,5.4e-05,0.0789,0.719,118.63,4,romance
0v1Yw6CZy4xEkZHe8KllV5,Vadim Kozin,Velikie ispolniteli Rossii XX veka: Vadim Kozin (Deluxe Version),Ekhali tsygane,0,154549,False,0.483,0.268,4,-10.356,0,0.106,0.995,0.00538,0.0734,0.755,82.027,4,romance
3BpzBv9MICTxozAKqLJfUW,"Группа ""Загадка""",Золотая коллекция эстрады. Сиреневый туман,Сиреневый туман,0,190800,False,0.556,0.229,2,-11.817,0,0.0676,0.869,0.0,0.0863,0.529,141.004,4,romance
055xoYPMw5bQYFxlbBZ123,Gruppa Express,Застольные песни,Ромашка белая,7,292720,False,0.763,0.624,6,-5.441,0,0.0294,0.599,0.0,0.323,0.883,109.994,3,romance
10dRAfdjN1E4RzhyWMpgjc,"Группа ""Загадка""",Золотые застольные песни. Часть шестая,Сирень-черемуха,0,152106,False,0.424,0.199,7,-9.449,0,0.029,0.825,0.0,0.248,0.501,90.202,4,romance
1VtzsBQdKDXoI2wgV83vwh,Vadim Kozin,Праздничный концерт к 1 Мая,Выйду на улицу,0,131279,False,0.379,0.549,2,-7.789,0,0.0594,0.807,0.076,0.176,0.602,150.257,3,romance
17ZyJI8Za0GXrlygzlKGuf,Александр Добронравов,Лучшие песни,Такси,0,221538,False,0.314,0.61,4,-6.855,0,0.0685,0.0659,0.0,0.13,0.643,69.027,3,romance
5D0wjc5MIToteDeEMKCk8g,Gelena Velikanova;Квинтет п/у Виктора Миронова,Весенняя мелодия,Ландыши,0,151931,False,0.685,0.31,8,-13.228,1,0.0488,0.886,8.16e-05,0.224,0.747,131.529,4,romance
1q3ISxk58qc43VxRSVikeV,Rashid Beibutov,Lab Larr,Sana Mani Yar,10,239647,False,0.493,0.509,9,-8.698,0,0.0517,0.937,0.00438,0.461,0.6,135.422,4,romance
2CbEyPoDsZ9XuiqylphFN5,Tamara Tsereteli,Velikie ispolniteli Rossii XX veka: Tamara Tsereteli (Deluxe),Otrada,0,134246,False,0.542,0.115,7,-15.65,1,0.091,0.993,0.292,0.106,0.53,102.073,4,romance
2suhVE7UX0IL9ndj1GgZen,Georgi Vinogradov;Yuri Lavrentiev Jazz Orchestra,"Soviet Retro Jazz Collection (1937-1944), Vol. 3",Two Maxims,27,245016,False,0.657,0.307,10,-16.463,0,0.0625,0.955,1.95e-05,0.237,0.811,123.898,4,romance
200TXGHZe4KJNNuSlg59k7,Vadim Kozin,Вадим Козин. 20 лучших песен,Локон матери,0,175773,False,0.557,0.0989,8,-17.991,1,0.153,0.972,5.2e-05,0.0725,0.292,79.977,3,romance
0gmV4mbtJsmveGlVAdLGho,Nikolai Erdenko;Nikolai Erdenko Gypsy Band,The Famous Songs of Russian Gypsies,"Oj, rucheek, rucheek (A Brook): Rucheek (A Brook)",1,153280,False,0.36,0.815,2,-12.779,1,0.146,0.46,0.0,0.365,0.439,122.176,4,romance
4RLEptaOiYYtnZ07Nq87k2,Надежда Обухова;Матвей Сахаров,Песни советских композиторов,Осенние листья,0,208202,False,0.281,0.0665,9,-20.983,0,0.0495,0.988,1.23e-05,0.0904,0.159,74.017,3,romance
1N6Ii4ArpzqKcz5CCg1qfJ,Николай Рыбников,Лучшие поющие актёры СССР,"О чём я печалюсь - Из к/ф ""Девушка без адреса""",6,176927,False,0.456,0.245,10,-11.593,0,0.0364,0.987,0.000494,0.126,0.526,88.867,4,romance
4V1CEf4NktNY6CfHKBqSKy,Vadim Kozin,Velikie ispolniteli Rossii XX veka: Vadim Kozin (Deluxe Version),Kovyl',0,189653,False,0.502,0.0984,2,-15.272,0,0.0918,0.994,0.0128,0.127,0.48,64.687,4,romance
0ZmQWtrCcPePKjsxCrK3Ja,Sergei Lemeshev,В эту лунную ночь,В крови горит огонь желанья,0,79317,False,0.415,0.0686,1,-18.969,0,0.0549,0.993,0.0,0.345,0.204,68.004,4,romance
1hgitBIufJCzMGWatsfA6l,Izabella Jur'eva,Velikie ispolniteli Rossii XX veka: Izabella Jur'eva (Deluxe Version),Lokon materi,0,192039,False,0.41,0.144,6,-13.811,0,0.133,0.992,0.00609,0.145,0.158,145.496,3,romance
0oxygOeCTYPgKYTPhaiIVB,Ivan Rebroff,Erinnerungen an seine großen Erfolg,Wolgalied (Es steht ein Soldat am Wolgastrand),23,198080,False,0.0962,0.373,2,-10.712,1,0.0323,0.499,0.134,0.401,0.257,79.7,4,romance
2S5CxAm0tPTUQeaVwCXCil,Powfu,"Different Class, Same Boat","Different Class, Same Boat",49,179555,True,0.766,0.488,0,-7.161,0,0.0455,0.097,0.0,0.0971,0.176,135.071,4,sad
3XV5r1cMB2AlD2ir0v6mfm,yaeow;Neptune,The Way I Love You,The Way I Love You,60,162726,False,0.543,0.206,6,-18.037,1,0.0319,0.94,0.453,0.385,0.13,113.107,3,sad
526SpJgLqe5JZtyXNo0Ic6,Connor Price;Evelyne Brochu,Love Language,Love Language,51,170880,False,0.75,0.401,0,-9.105,1,0.305,0.326,0.177,0.269,0.23,139.695,4,sad
1kAkUHFb7ryeVkVSRD6Nkj,Kina;yaeow,Wish I Was Better,Wish I Was Better,65,140571,False,0.732,0.304,0,-13.086,0,0.111,0.747,6.13e-05,0.143,0.185,139.965,4,sad
2GCAgfxHMJYMqWYIVfNDum,Avion,Help Me,Help Me,41,117165,False,0.589,0.763,11,-7.104,1,0.0463,0.000496,0.0,0.136,0.413,163.948,4,sad
1XtKDLAUMpkP7d5As2tMdo,MASN,Adrenaline,Adrenaline,54,146053,False,0.604,0.767,5,-5.235,1,0.0567,0.0724,0.0,0.315,0.662,166.912,4,sad
4JnX8tY9me7jHqDwgifhwU,Aries,"BELIEVE IN ME, WHO BELIEVES IN YOU",RIDING,60,145867,True,0.777,0.702,4,-6.374,0,0.041,0.0308,0.0,0.0804,0.569,121.016,4,sad
1qcPBtzrfuWW2TZPVPPopo,Sik World,My Rise,My Rise,48,196782,True,0.876,0.675,2,-7.655,0,0.228,0.296,0.0,0.106,0.0753,119.905,4,sad
2aoNxQM2bTWqF2uC0e8oV0,Sarah Meow;Shiloh,Safe.,Imagination,49,110219,False,0.615,0.131,7,-11.095,1,0.0803,0.957,0.109,0.131,0.287,83.078,3,sad
4co218tAwJM5xQrczWhkZk,"nothing,nowhere.",Trauma Factory,upside down,54,187273,False,0.7,0.696,1,-6.513,1,0.0328,0.16,0.0379,0.1,0.336,124.002,4,sad
5YLBkEgpKzkPJOu2JZd2Xo,Xuitcasecity,Out of Order,Crash,52,132500,False,0.808,0.659,4,-8.357,1,0.148,0.0614,0.0,0.35,0.774,90.02,4,sad
4ZLzoOkj0MPWrTLvooIuaa,Kina;Snøw,Get You The Moon (feat. Snøw),Get You The Moon (feat. Snøw),80,179080,False,0.498,0.235,1,-16.541,0,0.188,0.72,0.0,0.144,0.0895,118.917,4,sad
3TLgxeugc8nOXkm04LG6Gh,Kina;Boyfifty,6 ft deep (feat. Galvanic & Silent Child),say u don't love me anymore,44,119076,False,0.665,0.3,7,-10.559,1,0.0449,0.771,0.671,0.284,0.0882,130.07,4,sad
4P1L6AniTDJzANaubzWGYs,Teqkoi;Snøw,I'm Not Enough and I'm Sorry,I'm Not Enough and I'm Sorry,63,120000,True,0.698,0.183,8,-20.188,1,0.299,0.462,0.000424,0.335,0.244,143.96,4,sad
6ncsVXsY8FaxpK5yg1eMHI,itssvd;Shiloh Dynasty,Missing,Love Again,62,89340,False,0.643,0.417,4,-10.155,1,0.186,0.809,0.0147,0.168,0.355,94.435,4,sad
4jU4Go8TPo3bkvRQSYbp8x,Sarcastic Sounds;Rxseboy,Disappointment (feat. Rxseboy),Disappointment (feat. Rxseboy),57,142092,True,0.657,0.821,0,-5.655,1,0.232,0.686,0.0,0.0736,0.823,169.897,4,sad
1Q7HO1L7KO46VlMH8C3Abh,Vwillz,She's Gone,She's Gone,51,224390,True,0.64,0.424,2,-11.221,1,0.0378,0.476,0.0,0.0851,0.387,123.006,4,sad
6hzTeCA93yeY8WZE0kW3ui,Powfu,some boring love stories pt 5,clash of the titans,42,110000,False,0.727,0.419,1,-8.334,1,0.187,0.595,0.0,0.112,0.751,158.344,4,sad
6ewXjgNwJy2Dhc4mvVMbfj,BRAMANE,I Won't Wake up This Time,I Won't Wake up This Time (Freaks),56,193044,False,0.509,0.466,10,-14.996,0,0.0378,0.753,0.973,0.0983,0.26,138.486,4,sad
3JXsIGWUG94RE2lMhu2OlE,conscience,Everything's Alright,Everything's Alright,59,203428,True,0.863,0.611,7,-9.613,1,0.158,0.00347,0.000159,0.0865,0.0518,104.959,4,sad
4ZvzH0HKoh04HAgLq9PfWD,Connor Price,EGOT,EGOT,58,179571,False,0.486,0.563,6,-7.775,0,0.209,0.135,0.0,0.276,0.423,104.787,3,sad
7yy3QgAa5unQuY2Ulpznbi,YNG Martyr,Ease Off (Slowed & Reverbed),Ease Off - Slowed & Reverbed,50,161750,True,0.744,0.416,1,-14.341,1,0.086,0.0762,0.0,0.115,0.575,120.24,4,sad
06I2PKNDtP6ypDXAMqCARp,Unodavid,Perfect Pair,Perfect Pair,58,130057,True,0.728,0.439,11,-10.62,1,0.143,0.193,0.0,0.106,0.34,82.962,4,sad
4iwjEJYExvmBM5w75RTuLv,Chri$tian Gate$,Dangerous State of Mind,Dangerous State of Mind,67,115620,True,0.697,0.874,3,-4.045,0,0.0992,0.0563,0.0,0.103,0.712,150.047,4,sad
7G4uppQl36EqokV8TyzP8Q,Rarin,Decals,Decals,57,156521,False,0.799,0.604,1,-7.67,1,0.163,0.0837,0.0,0.117,0.634,92.004,4,sad
0XkOOiaWylrrpjRYM730iQ,Guayacán Orquesta,A Verso y Golpe,Navidad,33,305031,False,0.672,0.803,0,-7.062,1,0.0361,0.345,0.000688,0.0677,0.936,94.101,4,salsa
1FIfsfbOqC4zCf6uwwAxrx,LA INDIA,The Greatest Salsa Ever,Dicen Que Soy,32,283800,False,0.664,0.748,7,-8.842,1,0.0469,0.765,0.00013,0.118,0.679,168.24,4,salsa
02YAbVNakOle4LWElPxcc5,Marc Anthony,Otra Nota,Si He De Morir,29,256666,False,0.688,0.648,0,-9.337,1,0.0341,0.24,7.49e-06,0.0654,0.884,151.935,4,salsa
0fnIHYY5u5dztgKdizQ89C,Sexteto Juventud,Antología de la Salsa,La Cárcel,28,384000,False,0.675,0.683,8,-9.973,1,0.0601,0.797,0.0114,0.374,0.921,110.934,4,salsa
3jKIwVi9Yb2ELRXloffKVc,Pedro Conga;Maelo Ruiz,"Éxitos Originales, Vol. 2",No Te Quites la Ropa,36,340800,False,0.693,0.579,5,-10.77,0,0.0338,0.511,5.6e-06,0.0643,0.934,89.452,4,salsa
4LAH9bQiYTJa4tRoPcCgMa,Nelson Arrieta;Ronald Borjas,Sobran Los Momentos (En Vivo),Eres Más (En Vivo),27,259355,False,0.487,0.872,7,-5.948,1,0.0592,0.188,0.0,0.291,0.755,187.072,4,salsa
6RJNUrR6KSRgqzvlWSkWdk,Los Master's,14 Impactos Bailables con Los Master's,La Mano en el Hombro,31,173160,False,0.686,0.584,0,-13.513,1,0.0428,0.382,1.15e-05,0.0505,0.921,101.28,4,salsa
3mu4U0flk3p0G8SwofOy4z,Grupo Niche,40,Mis Panas,27,299881,False,0.424,0.746,4,-2.904,0,0.0651,0.455,0.0,0.565,0.239,92.339,4,salsa
2USnQEejUCh9lo8nj3gSYj,Tito Rojas,Vida,Claro,28,321493,False,0.665,0.666,2,-4.764,1,0.0447,0.599,0.0,0.0464,0.754,91.102,4,salsa
6rnEvRed5Sds7RRDaaLULB,Álvaro Del Castillo,Un Niche de las Tinieblas a la Luz,Ha Llegado la Hora,27,255800,False,0.709,0.882,10,-5.051,1,0.0351,0.852,2.89e-05,0.0668,0.968,91.853,4,salsa
2l5KNv6hM0nOB6nr9H8ufE,Guayacán Orquesta,25 Aniversario,Guayacán Pasodobles,32,362866,False,0.711,0.693,2,-6.362,1,0.0569,0.0453,0.00101,0.107,0.922,122.115,4,salsa
39MN7dahoeDrkWc3io2SXR,Adolescent's Orquesta,Sellos de Mi Adn,Amiga Mía,31,232896,False,0.848,0.882,0,-2.698,1,0.0481,0.689,5.78e-05,0.0937,0.94,94.946,4,salsa
6XlkAc6DLHzXyfWvn3mVTj,Eddie Santiago,Salsa Greatest Hits,Que Haré Sin Ti,32,170426,False,0.6,0.507,0,-8.982,1,0.0408,0.664,0.0,0.111,0.609,85.166,4,salsa
0HuRPLLzkfTod934QNlnAK,Andy Montañez,Grandes De La Salsa Homenaje Al Grupo Niche,¿Cómo Podré Disimular?,30,278226,False,0.756,0.915,8,-2.385,1,0.0357,0.529,0.0158,0.105,0.767,94.223,4,salsa
7IMmfaOsJemYqmGqUfLOHc,Lalo Rodriguez,Salsa x siempre,Ven Devórame Otra Vez,0,314013,False,0.704,0.719,5,-5.353,0,0.0363,0.633,0.000147,0.313,0.961,84.417,4,salsa
5cHafbsy3vSi9ZQmzbcVxR,Andy Montañez,Salsa x siempre,Casi Te Envidio,0,320520,False,0.556,0.715,7,-5.868,1,0.0733,0.46,0.0,0.0951,0.866,92.044,4,salsa
73TNNPwLyYcBdopacix7oM,Antonio y Joel Con Labranza,Mi Canto,Mi Canto,30,212139,False,0.683,0.739,5,-6.111,0,0.0451,0.608,0.0,0.307,0.811,102.079,4,salsa
1aK5JA3rXNHvV9u5WuQexE,El Gran Combo De Puerto Rico,Nuestra Musica,El Arbolito,32,248626,False,0.652,0.616,0,-7.24,0,0.0323,0.712,0.0,0.196,0.963,98.913,4,salsa
0mDNr7mmc1EQgVBlvh4BwU,Galy Galiano,Galy Galiano 30 Años,Corazon No Te Enamores,33,222680,False,0.635,0.362,11,-7.739,0,0.0328,0.597,0.0,0.0773,0.449,137.931,3,salsa
45hLC0PmpjOuO6I2ruD2xJ,Los 4,Privilegio 2,A Ti,34,286791,False,0.621,0.927,0,-3.452,1,0.0643,0.49,0.0,0.0497,0.884,96.802,4,salsa
20bc2pByeFy38B6WdO6VdG,Raulin Rosendo,Simplemente Controlate,Frente a Una Copa de Vino,30,247693,False,0.687,0.629,2,-10.285,1,0.0608,0.52,2.99e-06,0.0733,0.816,184.22,4,salsa
7eGJXnxvAlxLEgFCDzVwNF,Alex D'Castro,Serie Millennium 21,Avanza Y Dime,29,296520,False,0.793,0.753,7,-3.974,1,0.0366,0.17,0.0,0.0627,0.838,85.513,4,salsa
1fBHvrgXPL7wQJnyRlXcWd,Gilberto Santa Rosa,Intenso,Pueden Decir - Balada,34,213546,False,0.502,0.461,7,-7.888,1,0.0402,0.684,0.0,0.36,0.285,80.065,4,salsa
12pqyJQBxYIkufjZ2od9y6,Tito Rojas,Quiero Llegar a Casa,Pensaras En Mi,32,284266,False,0.779,0.811,10,-5.497,0,0.0395,0.521,9.15e-06,0.039,0.871,92.68,4,salsa
1fCI6EuZsIBtnNCFaohiiO,Orlando Marin,"Qué Chevere, Vol. II",El Timbalero,29,282000,False,0.645,0.537,7,-12.642,0,0.0536,0.823,0.389,0.329,0.84,103.785,4,salsa
4jcDWr0C6KIUCjkz2zfVLO,Akatu,Luau do Akatu,Só pro Meu Prazer,39,112335,False,0.595,0.691,0,-8.033,1,0.0395,0.458,0.00112,0.573,0.894,158.122,4,samba
0SfzAOlEhramLKdGms2xLa,Samba De Raiz,"Samba de Raiz - Ao Vivo, Vol. 3",Seja Mais Você - Ao Vivo,39,218466,False,0.485,0.673,11,-11.898,0,0.109,0.666,0.0,0.657,0.615,96.251,4,samba
4jfgUvR8H7QXpVCX87gO1Z,Maria Bethânia,Olho D'Água,Louvação À Oxum,44,199800,False,0.77,0.457,2,-9.08,0,0.0587,0.399,2.81e-05,0.218,0.601,97.536,4,samba
7nMzPmHxYfugIx3w1igro5,Belchior,Coração selvagem (1977),Caso comum de trânsito,36,179256,False,0.678,0.856,7,-6.266,1,0.0616,0.144,9.31e-05,0.209,0.905,124.617,4,samba
2mLtn7zqcqalNZSfQZ62ko,Geraldo Azevedo,Raízes e Frutos,Táxi Lunar,39,231066,False,0.655,0.47,4,-11.395,0,0.0356,0.237,0.00163,0.128,0.577,145.703,4,samba
0GkNX9XymFBHNR5TelQbD4,Mantu Chhuria;Aseema Panda,Tu Mora Habulo Mama,Tu Mora Habulo Mama,29,217297,False,0.719,0.961,10,-2.925,0,0.223,0.206,0.0,0.0287,0.578,147.958,4,samba
3fak0qjHByUubKQY2JM3ux,Tim Maia,Tim Maia,Leva,40,258200,False,0.38,0.45,7,-10.47,1,0.047,0.254,0.0,0.0399,0.56,61.902,4,samba
4ZHGp2rnIwRkjexeUgCOTf,Alcione,Maxximum - Alcione,Pior é Que Eu Gosto,37,258973,False,0.39,0.626,7,-7.252,1,0.0561,0.372,2.87e-06,0.0959,0.403,80.601,4,samba
4fQDB6ifhFNXOeQvfeI25q,Diogo Nogueira,Alma Brasileira (Ao Vivo / Edição Especial),Coração Em Desalinho / Não Quero Mais Saber Dela / Caxambu - Ao Vivo,37,181826,False,0.651,0.792,2,-6.717,1,0.0493,0.671,0.0,0.297,0.675,122.089,4,samba
3Arr69H9myYdohwz9muLNj,RDN;Vitinho;Caju Pra Baixo,"RDN e Amigos 2, Bloco 1",Primeiro Beijo,40,83397,False,0.541,0.653,4,-8.923,0,0.0335,0.736,0.0,0.663,0.927,164.027,4,samba
2ehOp0KBkIV3X7FyJKwH3X,Casuarina;Roberto Silva,Roda de Samba do Casuarina e Convidados,Jornal da Morte - Uma edição Extra,38,183546,False,0.453,0.67,0,-9.064,0,0.035,0.501,0.00205,0.698,0.604,91.297,4,samba
4Rgn0DSa3JAXGlJe8dTLKS,Jorge Ben Jor,Negro É Lindo,Porque É Proibido Pisar Na Grama,39,294493,False,0.391,0.825,11,-5.565,0,0.13,0.161,0.0,0.799,0.659,70.612,4,samba
0AsOBvYOdl3UliZNmoitd5,Agepê,Warner 25 Anos,Moro onde não mora ninguém,37,207480,False,0.692,0.694,0,-7.852,1,0.0627,0.28,0.0,0.252,0.758,139.856,4,samba
19K67ARK51RFvi3CDdB69g,Emerson Dias;Acadêmicos Do Salgueiro,Sambas De Enredo Das Escolas De Samba 2019,Xangô,37,331853,False,0.44,0.657,0,-9.503,0,0.0423,0.195,0.0,0.275,0.798,143.184,4,samba
0FbO6ScdOkmzIsAxlAwpGk,Seu Jorge;Zeca Pagodinho,"Musicas para Churrasco, Vol.1 (Ao Vivo) (Delux Edition)",Deixa a Vida Me Levar (Ao Vivo),36,154240,False,0.509,0.904,7,-6.488,1,0.0677,0.784,6.37e-05,0.162,0.645,122.515,4,samba
5dKzCAZSQtLUoWcOeU3C0U,Akatu;Grupo Revelação;Vitinho,"Encontro de Gerações, Vol. 03 (Ao Vivo)",Só por um Momento - Ao Vivo,53,123330,False,0.578,0.603,2,-8.431,1,0.0344,0.641,0.0,0.346,0.705,151.864,4,samba
4Jpx1DL37PvEcP3egmYk2D,Benito Di Paula,Benito Di Paula Ao Vivo,Charlie Brown,42,286306,False,0.458,0.754,2,-11.326,1,0.0906,0.368,2.44e-05,0.878,0.797,135.225,4,samba
4rr3eBCjY9XtHME1LoRiqW,Jair Rodrigues,Vou De Samba Com Você,Deixa Isso Pra Lá,39,134529,False,0.747,0.74,10,-9.875,0,0.0587,0.463,0.0,0.082,0.887,93.569,4,samba
6w1JxJHzZYnH3JpK0p1T4u,RDN;Suel;Ferrugem,"RDN & Amigos, Vol. 2",Carona do Amor,38,79296,False,0.677,0.514,7,-7.007,0,0.0446,0.472,0.0,0.155,0.848,86.128,4,samba
3XLUxNgfikcE3psPGYwZiU,Exaltasamba,Livre Pra Voar,Eu Choro,40,187000,False,0.448,0.528,7,-9.284,1,0.0316,0.592,0.0,0.235,0.675,150.19,4,samba
08HJeHs0U9iSbDWX0sWIem,Maria Bethânia,Noturno,O Sopro do Fole,41,169371,False,0.524,0.0856,9,-17.766,1,0.0999,0.739,0.0,0.0919,0.316,93.672,4,samba
7CvhL59aObISl8B78yrT6x,Marcelinho Da Lua;Ultramen,Social,Ela Partiu,38,271040,False,0.76,0.843,7,-7.7,1,0.0581,0.0771,0.009,0.213,0.702,89.492,4,samba
4j40GfL8zd2iPxrF9qHagn,Demonios Da Garoa,Demônios Da Garoa,Saudosa Maloca,38,167733,False,0.74,0.526,9,-12.367,0,0.0688,0.347,1.65e-06,0.216,0.903,89.456,4,samba
4eBBprodHvNoxSVvSjfrcg,Negritude Junior,Bis - Negritude Junior,Cohab City / Música Incidental: ABC / Vem Pra Cá,44,262800,False,0.697,0.771,7,-11.294,1,0.0524,0.278,0.0,0.228,0.851,103.808,4,samba
4q3FCy1LpkERlvZ6wTscLe,Art Popular,Ao Vivo Sem Abuso,Telegrama - Ao Vivo,44,194000,False,0.418,0.75,2,-8.916,1,0.0411,0.422,0.0,0.725,0.887,167.29,4,samba
1X31OKPeVnHC8X1F7YwOPT,Henrique & Juliano,Novas Histórias (Ao Vivo / Deluxe),Nada Nada - Ao Vivo,50,156721,False,0.607,0.948,9,-3.282,1,0.0509,0.295,0.0,0.368,0.883,169.863,4,sertanejo
2XCJzT4EnC6qDnCSH1DTCF,Zezé Di Camargo & Luciano,Zezé Di Camargo & Luciano 1992,Cama de Capim,44,237493,False,0.575,0.528,4,-12.279,1,0.0324,0.0318,0.0,0.0735,0.916,80.074,4,sertanejo
5GApaOoX2suGhfLcoB3xfX,João Bosco & Vinicius,Parceria,Dedo de Deus,47,171843,False,0.569,0.73,9,-6.588,1,0.043,0.537,4.63e-05,0.2,0.584,174.093,4,sertanejo
4lRObncPmRz9K5RhdDBXJ2,Ícaro e Gilmar,"Ao Vivo em Campo Grande, Vol. 04",Mesmo Ambiente (Ao Vivo),52,188772,False,0.558,0.88,7,-4.301,1,0.115,0.42,0.0,0.971,0.556,165.124,4,sertanejo
1q1ydmAIFi5jmw5Kkb3sG9,Turma do Pagode;Mari Fernandez,Foi Ótimo (Ao Vivo No Casa Filtr),Foi Ótimo - Ao Vivo No Casa Filtr,54,154240,False,0.663,0.896,1,-4.23,0,0.0963,0.672,0.0,0.466,0.955,155.947,4,sertanejo
4uP1r2VQUD6qWail7dmeG7,Victor & Leo,Victor & Leo Ao Vivo em Floripa,Meu Eu em Você - Ao Vivo,44,244986,False,0.424,0.458,7,-10.625,1,0.0294,0.656,4.17e-06,0.942,0.183,95.663,4,sertanejo
5lyltDegA44AENqLENhMye,Matogrosso & Mathias;Zé Neto & Cristiano,Conversando Com o Abajur,Conversando Com o Abajur,51,183737,False,0.698,0.666,10,-4.511,1,0.033,0.575,0.0,0.0902,0.714,114.872,4,sertanejo
4EQKvkwNbvl3YV3kj8yqxJ,André e Felipe;Rebeca Carvalho,Meu Herói,Meu Herói,46,286956,False,0.384,0.648,4,-6.734,1,0.0365,0.0314,0.0,0.0883,0.261,146.153,4,sertanejo
62qP3AiT3STKFCTXr9ueFc,Chico Rey & Paraná,"Chico Rey & Paraná, Vol. 16 (Ao Vivo)",Você Não Sabe Amar - Ao Vivo,49,245600,False,0.617,0.608,5,-6.019,1,0.0299,0.195,0.0,0.95,0.553,105.967,4,sertanejo
3CeuBr3AaQm0Ke4t1W536Q,Vitinho Imperador,Na Pegada do Imperador,"Golpe Vai, Golpe Vem",45,152000,False,0.721,0.889,2,-4.862,0,0.0624,0.225,2.66e-06,0.141,0.843,150.079,4,sertanejo
15xHY9Abj6tTPrZlOQxP1r,Matogrosso & Mathias,Matogrosso & Mathias (Ao Vivo),Espinhos da Vida - Ao Vivo,44,176693,False,0.589,0.842,9,-3.264,1,0.0369,0.0902,0.0,0.323,0.748,129.955,3,sertanejo
006rHBBNLJMpQs8fRC2GDe,Calcinha Preta;Gusttavo Lima,CP 25 Anos (Ao Vivo em Aracaju),Agora Estou Sofrendo - Ao Vivo,47,260510,False,0.605,0.678,0,-3.257,1,0.0311,0.642,0.0,0.157,0.439,125.059,4,sertanejo
1n9qQmCJqhlWWU5e9LRATn,Edy Britto & Samuel,Na Moda (Ao Vivo),Vou Beber de Novo / Estrela Caída / Momentos Felizes - Ao Vivo,44,232086,False,0.423,0.625,8,-4.573,1,0.038,0.453,0.0,0.656,0.494,96.107,3,sertanejo
1kecd8ZaRomMhPXWEzTNCc,US Agroboy,Baladinha Rural (Ao Vivo),Baladinha Rural - Ao Vivo,47,142032,False,0.76,0.828,1,-4.581,0,0.0571,0.485,0.0,0.638,0.583,129.999,4,sertanejo
7nX4ofbIhB4YznV2jTaaHZ,Diego & Arnaldo,Do Jeito que Nóis Gosta 2,Sofri em Dobro - Versão Radio,48,196679,False,0.648,0.85,7,-4.48,1,0.0467,0.788,0.0,0.491,0.545,115.95,4,sertanejo
0fgKBJSPpgi10j7YEQoG5V,Juliano Cezar,Assim Vive um Cowboy (Ao Vivo),Cowboy Vagabundo - Ao Vivo,43,251813,False,0.519,0.868,0,-3.556,1,0.0426,0.159,0.0,0.982,0.528,129.938,4,sertanejo
6HsGMnlMltHwO6baGVbDcm,Gah Bernardes,Carminha,Carminha,46,143907,False,0.698,0.77,9,-3.619,1,0.0692,0.532,0.0,0.705,0.574,127.132,4,sertanejo
4zJU8zYYRJlZVAkThlkt7F,Ícaro e Gilmar,"Sextou BB: Ouvindo, Bebendo e Sofrendo, Completo (Ao Vivo)",Estrela / Eu Já Te Amava - Ao Vivo,47,195712,False,0.416,0.539,4,-4.145,1,0.0291,0.815,0.0,0.171,0.482,146.397,4,sertanejo
0q5YSNt8BdRiWvwSEeRraP,Di Paullo & Paulino,O Coração Chora,Nada Mudou,44,222080,False,0.389,0.363,11,-7.51,1,0.0279,0.84,0.0,0.12,0.38,176.929,4,sertanejo
4KwpqqJfUMbX9CwTErFPrU,Ícaro e Gilmar,A Gente Acertou (Ao Vivo),Mais uma Saudade (Ao Vivo),47,160863,False,0.69,0.861,11,-4.985,1,0.056,0.662,0.0,0.555,0.618,125.897,4,sertanejo
5xPZ22H4RCcKyLZZBm95nM,Chitãozinho & Xororó,60 Dias Apaixonado,60 Dias Apaixonado,48,137906,False,0.704,0.676,0,-5.789,1,0.0319,0.197,0.0,0.0846,0.967,119.578,1,sertanejo
36j2tEnRv7ZFmWZrpmej84,Liu & Léu,Jeitão de Caboclo,Prato do Dia,49,210493,False,0.803,0.578,11,-5.509,1,0.0285,0.839,0.0,0.179,0.931,109.933,3,sertanejo
74zgX6RYZJDULksL9Nq6hQ,Eduardo Costa;Gino & Geno,No Boteco,Tô Indo Embora (feat. Gino & Geno),49,191216,False,0.613,0.417,4,-5.449,1,0.0269,0.806,0.0,0.0969,0.431,107.962,4,sertanejo
5MelKhNFnoYM6W43IhPAs0,Henrique & Juliano,Manifesto Musical (Ao Vivo),Culpados - Ao Vivo,53,160407,False,0.495,0.515,3,-5.5,0,0.0341,0.662,0.0,0.302,0.451,104.009,4,sertanejo
2SmxrZmtuPBQS7MRvssBTg,Gilberto e Gilmar;Rionegro & Solimões,Paixão,Paixão,46,196625,False,0.681,0.698,4,-3.974,1,0.0373,0.374,0.0,0.383,0.464,100.183,4,sertanejo
6N4FNxukJlgyFNZ3XMK0YP,Alan Menken,Walt Disney Records The Legacy Collection: Pocahontas,Execution,20,96906,False,0.0995,0.22,10,-17.168,1,0.0396,0.952,0.845,0.0919,0.0771,70.005,4,show-tunes
6PqTze9OtDVoOotow4cESD,Stephen Sondheim;Anthony De Mare,Liaisons: Re-Imagining Sondheim From The Piano,No One Is Alone - Arranged By Fred Hersch,21,243320,False,0.329,0.0405,1,-24.884,1,0.0594,0.993,0.896,0.083,0.0679,74.859,3,show-tunes
7eUZu9C4NSLbD9mRlSpvYu,Lea Salonga,Bahaghari,Bahay Kubo,25,157680,False,0.483,0.265,7,-8.72,1,0.0378,0.976,2.68e-06,0.129,0.445,119.583,3,show-tunes
2rJFFUEl1LURkV0b0OARXx,Angela Lansbury;Disney,Beauty and the Beast,"Beauty and the Beast - From ""Beauty and the Beast"" / Soundtrack Version",58,166306,False,0.241,0.162,8,-14.447,1,0.035,0.78,4.53e-06,0.153,0.183,171.584,4,show-tunes
09HBvmj0dUeQYHGbKJefR5,Alan Menken;Disney,The Little Mermaid Special Edition,Main Titles - The Little Mermaid,52,86186,False,0.0912,0.195,7,-16.486,1,0.0366,0.811,0.786,0.27,0.158,86.253,4,show-tunes
6S1bprA87EZdwZAdFmL8Zl,SMASH Cast;Megan Hilty;Henry Stram;Phillip Spaeth;Wesley Taylor,BOMBSHELL,"Dig Deep (SMASH Cast Version) (feat. Megan Hilty, Henry Stram, Phillip Spaeth & Wesley Taylor)",20,156400,False,0.44,0.457,8,-7.237,1,0.34,0.522,0.0,0.0602,0.608,61.898,3,show-tunes
2BxtysHaWJt9a4CeeE6tEp,Patrick Stanke,Artus Excalibur - Das Musical,Was Macht Einen König Aus,24,189364,False,0.439,0.458,1,-5.741,1,0.0369,0.773,1.34e-05,0.0931,0.166,69.559,3,show-tunes
4IpVyycGirnols4YYA2SqJ,Stephen Sondheim;Dean Jones;Company Ensemble;Harold Hastings,Company (Original Broadway Cast Recording),Company - Original Broadway Cast: Side by Side by Side / What Would We Do Without You?,23,519066,False,0.453,0.51,5,-10.713,1,0.121,0.734,0.0,0.584,0.551,155.485,4,show-tunes
0TiUwSybDflJu4Qe2AUoGD,Ben Platt,Sing To Me Instead,Bad Habit,49,262760,False,0.339,0.495,5,-6.374,1,0.0325,0.379,0.0,0.102,0.121,134.336,4,show-tunes
6OEHLXWw1PDfhbJLbNRi94,Lindsay Mendez;Ben Crawford,35MM: A Musical Exhibition (Original Cast Recording),Make Me Happy,26,137053,False,0.713,0.639,10,-5.769,1,0.05,0.423,0.0,0.129,0.944,92.072,4,show-tunes
5i743sYJPU3n3fROvUOFij,Santino Fontana;Laura Osnes;Rodgers + Hammerstein's Cinderella Original Broadway Ensemble,Rodgers + Hammerstein's Cinderella (Original Broadway Cast Recording),The Proposal,24,67906,False,0.507,0.33,5,-6.44,1,0.0441,0.911,0.000158,0.104,0.434,111.703,3,show-tunes
1CG1MiuZuEASV4Bj8QJEj3,Jubiläumscast Wien 2012,Elisabeth - Gesamtaufnahme Live - Jubiläumsfassung,Mein neues Sortiment,22,121173,False,0.362,0.493,10,-11.106,0,0.0881,0.485,1.84e-05,0.198,0.359,132.33,4,show-tunes
7MWijfKFjQbpMHvhJBWWQt,Loren Allred,Last Thing I'll Ever Need,Last Thing I'll Ever Need,43,265420,False,0.446,0.306,4,-7.734,1,0.0364,0.732,0.0,0.0725,0.272,121.583,4,show-tunes
3jMy7ITBiLgVwC15RBK9Hp,Christy Altomare,Anastasia (Original Broadway Cast Recording),Once Upon a December,62,179840,False,0.166,0.288,11,-12.45,0,0.0389,0.917,1.89e-05,0.0889,0.0748,174.166,4,show-tunes
4TxbUrVjT6ZYQ1jVPTeTvA,Andrew Lloyd Webber;Michael Crawford;Sarah Brightman;Steve Barton,Highlights From The Phantom Of The Opera,The Mirror (Angel Of Music),21,124359,False,0.218,0.265,9,-14.536,1,0.0526,0.674,0.00621,0.129,0.0833,79.676,4,show-tunes
3pgKaGwOTSSZ1c7OxrANU0,Walter Lochmann;Arnold Schoenberg Chor;Ensemble der vereinigten Bühnen Wien;Orchester der Vereinigten Bühnen Wien;Casper Richter,Mozart: Die Höhepunkte Der Welt-Uraufführung,Mozart: Gold Von Den Sternen,28,220600,False,0.492,0.432,0,-6.252,1,0.031,0.768,1.41e-06,0.0822,0.103,129.936,4,show-tunes
1UZnrzYlaJvM4MPPV19iQQ,Alan Menken;Howard Ashman;Lee Wilkof,Little Shop Of Horrors,Grow For Me - 1982 Original Cast,20,139493,False,0.656,0.391,3,-13.432,1,0.134,0.755,0.0,0.515,0.625,135.856,3,show-tunes
0TzejNqW3otWqFYNWBjahJ,Andrew Lloyd Webber;Carrie Hope Fletcher,Andrew Lloyd Webber’s “Cinderella”,Unbreakable,27,159533,False,0.513,0.0685,9,-18.57,0,0.0474,0.935,0.0,0.103,0.0774,71.444,4,show-tunes
1oSCWKDKrF84AyAYJDgN5r,Jubiläumscast Wien 2012,Elisabeth - Gesamtaufnahme Live - Jubiläumsfassung,Stationen einer Ehe,26,199133,False,0.495,0.455,5,-11.372,1,0.263,0.683,0.0,0.504,0.518,139.261,4,show-tunes
0piyZTmWoOyBguxSbJcc0X,Jubiläumscast Wien 2012,Elisabeth - Gesamtaufnahme Live - Jubiläumsfassung,"Nichts, nichts, gar nichts (Irrenhausballade)",26,167266,False,0.332,0.404,10,-11.531,1,0.0647,0.797,4.22e-05,0.692,0.0621,131.905,4,show-tunes
0dmpwMBncOCLnwrV3TgliU,André De Shields;Hadestown Original Broadway Company;Anaïs Mitchell,"Why We Build the Wall (""Behind closed doors..."") [Outro]","Why We Build the Wall (""Behind closed doors..."") [Outro]",20,57212,False,0.407,0.288,2,-11.714,0,0.046,0.817,5.53e-06,0.0677,0.356,85.255,3,show-tunes
2SstrDmpPTmtHfpW9Z5Fy2,Lea Salonga;Once On This Island Storytellers,Once on This Island (New Broadway Cast Recording),The Human Heart,31,238000,False,0.389,0.24,9,-14.708,1,0.0311,0.89,0.000244,0.0974,0.344,71.883,4,show-tunes
3Y0RzDgxKohVhVq0Rsqz27,Cheyenne Jackson;Michael X. Martin;Paul Castree;All Shook Up Ensemble,All Shook Up,Jailhouse Rock,27,177800,False,0.479,0.571,2,-7.832,1,0.0751,0.0664,0.0,0.0607,0.547,91.178,4,show-tunes
05ET8TiuscvijP4b4b1Jg9,Auli'i Cravalho,The Little Mermaid Live!,"Part of Your World - From ""The Little Mermaid Live!""",46,190830,False,0.409,0.224,5,-9.095,1,0.0405,0.927,0.0,0.106,0.227,100.916,4,show-tunes
2PdXnouGcXEqiGvc7gpz4j,"Original (German) Cast of ""Tanz Der Vampire""",Tanz Der Vampire,Noch mehr Bücher!,21,52760,False,0.629,0.541,7,-12.285,1,0.0852,0.769,0.0,0.123,0.844,109.404,4,show-tunes
5h1L6nOR9QYXeeNW14aeus,Prateek Kuhad,Pause,Pause,51,171149,False,0.619,0.277,11,-11.771,1,0.0322,0.892,0.0542,0.116,0.435,111.576,4,singer-songwriter
09l5WCAnOB6puLBjglf8yf,Jax,Victoria’s Secret (feat. Harper) [The Metal Version],Victoria’s Secret - Stripped Strings,22,168833,True,0.499,0.185,6,-9.264,1,0.0354,0.798,0.0,0.135,0.488,144.555,4,singer-songwriter
0j5pajJcigjdwO4c8ZS19b,Paolo Nutini,Just Best Covers,Sugar Man,10,126066,False,0.616,0.329,4,-8.228,0,0.0341,0.535,1.07e-06,0.114,0.386,99.338,4,singer-songwriter
7uBxi4jHZqgWAjqLEl1KcF,Bryan Adams,Cuts Like A Knife,Straight From The Heart,64,211826,False,0.584,0.233,0,-18.404,1,0.027,0.0814,0.0,0.141,0.356,84.775,4,singer-songwriter
5wvmIBkBcqg1y5kniumrQk,Prateek Kuhad,In Tokens & Charms (Deluxe Edition),Cold Shoulders,34,218269,False,0.669,0.213,10,-15.379,1,0.0398,0.778,0.0146,0.0849,0.204,129.604,3,singer-songwriter
71ejpdyOCAodqqdRjTa0gh,Jax,Like My Father (Acoustic Version),Like My Father - Acoustic Version,53,185254,False,0.703,0.312,5,-9.66,1,0.0464,0.841,0.0,0.108,0.406,140.01,4,singer-songwriter
59tolr22QPXGEfykN5Y3lD,Caroline Dare,Heart Problem,Heart Problem,44,167507,False,0.648,0.598,0,-6.751,0,0.0623,0.154,0.000132,0.106,0.431,76.025,4,singer-songwriter
7uo2L5FAja3pWIBa3HJVeC,Zeph,scared of everything,could you love me while i hate myself,70,60333,False,0.68,0.406,9,-11.313,1,0.0414,0.782,0.00019,0.11,0.551,119.901,4,singer-songwriter
5IjTZ1g8KrIuV97N3OQZ0V,Gabrielle Aplin,Break Up Songs,The House We Never Built,0,195213,False,0.546,0.391,2,-10.786,0,0.063,0.784,2.72e-06,0.0552,0.202,139.669,4,singer-songwriter
6McnQuTA2dpArD3QTrD8A7,Camylio,sometimes,sometimes,63,156617,False,0.547,0.447,1,-8.725,1,0.194,0.698,0.0,0.123,0.322,102.81,4,singer-songwriter
1b5qdsOkBg9R0S12ng3Ees,Zoe Clark,Zero Feelings,Zero Feelings,62,154759,True,0.743,0.495,0,-6.462,1,0.048,0.0309,0.0,0.252,0.396,102.117,4,singer-songwriter
52J8M6yRizUekEQ03p6coa,Angelo Garcia,Dahil Mahal Kita,Dahil Mahal Kita,49,297045,False,0.49,0.497,7,-6.957,1,0.0289,0.353,0.0,0.203,0.223,75.55,4,singer-songwriter
5nQqnfHX5cr2FsGszRtTpr,Tom Petty and the Heartbreakers,Christmas Best Hits 2022,Christmas All Over Again,0,253626,False,0.44,0.838,9,-6.196,1,0.0423,0.0956,0.0,0.473,0.619,138.908,4,singer-songwriter
54S8gAjWou3sGde0vU4DxY,Paolo Nutini,Session Acoustique,Last Request,2,220413,True,0.604,0.704,5,-6.564,1,0.0477,0.241,0.0,0.137,0.399,80.93,4,singer-songwriter
14ZoSQzMmy8LwCmCt7NynJ,Steve Miller Band,Halloween Songs | Witches Hour,Abracadabra,2,308373,False,0.791,0.534,9,-13.261,0,0.0355,0.0749,1.99e-06,0.156,0.963,127.488,4,singer-songwriter
2RVWKbMCQwaIAJS5FXNanZ,Paolo Nutini,Autumn Hits,Autumn,2,170240,False,0.599,0.0854,9,-12.521,1,0.0414,0.978,7.99e-05,0.0858,0.323,111.954,4,singer-songwriter
6ZYjDDBVdGpPCODBW1LK8b,Patrick Droney,Coffee Moment,On Your Way Home,0,165523,False,0.45,0.333,7,-9.522,1,0.0459,0.539,0.0,0.0843,0.582,94.436,4,singer-songwriter
5iCY0TXNImK4hyKfcplQsg,Anuv Jain,Baarishein,Baarishein,76,207309,False,0.475,0.124,2,-9.463,1,0.0444,0.926,0.0,0.0972,0.19,94.42,4,singer-songwriter
7zep4BfQRkfASc8qhX0cct,Piyush Bhisekar,Hai Bharosa,Tu Hai Wajah,37,193925,False,0.698,0.385,3,-13.217,1,0.0763,0.636,0.00409,0.134,0.493,135.167,3,singer-songwriter
3D8dwH690MXQRhtIZTSS9c,John Denver,John Denver's Greatest Hits,"Leaving, On a Jet Plane - ""Greatest Hits"" Version",62,245533,False,0.406,0.188,7,-13.039,1,0.0324,0.852,0.0,0.105,0.629,120.757,4,singer-songwriter
2PCSrsG1MyOYyFbJ0m9mVN,Prateek Kuhad,cold/mess,did you/fall apart,42,172298,False,0.512,0.165,1,-12.687,1,0.033,0.899,0.236,0.0979,0.0869,140.81,3,singer-songwriter
1op5LorZ180RXgHYr3S6PH,Madeline The Person,Your Perfect Soundtrack,MEAN!,0,143957,False,0.56,0.436,7,-8.761,1,0.491,0.918,0.0,0.093,0.402,117.907,4,singer-songwriter
36lkJSDyMEZoWTqtRj8Q8q,Chicago,Chicago 17 (Expanded & Remastered),You're the Inspiration - 2006 Remaster,73,229240,False,0.583,0.602,11,-6.364,1,0.0274,0.368,0.0,0.22,0.388,74.008,4,singer-songwriter
6j687kbcAKfXiF5ebaFpeg,Catie Turner,Tek It - New Noise,Nothing,0,174552,False,0.512,0.77,7,-5.796,1,0.0368,0.001,0.0,0.118,0.551,87.856,4,singer-songwriter
0hulgYglBnlZ6a1uaiJYIM,Sheryl Crow,Good Times Country,Woo Woo,0,196760,False,0.681,0.69,4,-8.468,1,0.0479,0.486,0.0,0.239,0.904,155.985,4,singer-songwriter
5vF5JqvpoeRmh1Yj188ZNA,2 minutos,Amigos de lo Ajeno,Un velero llamado Libertad,42,214573,False,0.453,0.955,8,-4.363,1,0.0536,0.000143,0.0874,0.0408,0.648,104.258,4,ska
5YPJ0dmwtDYcP95ojCLhIu,Das Lumpenpack,Eine herbe Enttäuschung,Tragödie vom Rest der Band,31,164680,False,0.675,0.897,6,-4.5,0,0.0688,0.158,0.0,0.186,0.893,122.054,4,ska
3o69TssC4muwST4WjxnWGP,Lasse Stefanz,Rocky Mountains,Sara solsken,38,201506,False,0.467,0.885,9,-5.911,1,0.0332,0.0063,0.153,0.0811,0.91,175.005,4,ska
3XzAKoTEjmVCZLi118Yfyu,Los Prisioneros,Pateando Piedras,Estar Solo,36,273973,False,0.788,0.522,1,-14.554,0,0.0384,0.439,0.339,0.119,0.971,122.712,4,ska
2pahOrjr32LVOBfrpZIeoY,Soda Stereo,Obras Cumbres (Parte 2),No Existes,40,283680,False,0.421,0.858,10,-4.881,1,0.0574,0.0117,0.000458,0.192,0.411,79.868,4,ska
65a50pWFCaNJaxWNhdYjQQ,Los Caligaris,20 Años: El Show Más Feliz del Mundo (En Vivo),Nadie Es Perfecto - En Vivo,41,386932,False,0.405,0.922,10,-7.262,1,0.324,0.0802,2.97e-06,0.821,0.594,175.877,4,ska
11jMqNuaE2vTsBBjESguoL,Los Enanitos Verdes,Triste Hora,Igual Que Ayer,1,290160,False,0.62,0.788,7,-8.646,1,0.0276,0.018,0.0,0.369,0.856,137.129,4,ska
3nxQsiBxMP7f1Ey4J7YqNs,Las manos de Filippi,Los Métodos Piqueteros,Los Métodos Piqueteros,36,208200,True,0.733,0.678,9,-6.745,0,0.0326,0.0138,0.0,0.168,0.938,114.004,4,ska
4FmBHfMsOhq8M75Jn5Cjah,Broilers,Loco Hasta La Muerte,Blume,35,161666,False,0.491,0.783,0,-3.957,1,0.0343,0.0244,1.85e-05,0.181,0.428,137.126,4,ska
0iM1Ioz4N4p7MU1DKyqsov,The Interrupters,Bad Guy,Bad Guy,57,157831,False,0.563,0.814,7,-4.219,0,0.0558,0.00983,0.0437,0.0732,0.796,140.615,4,ska
5k3rYQihNmUITTlPWfgucI,Tipe-X,Please,Please,35,180532,False,0.73,0.932,9,-3.792,1,0.0619,0.0372,0.00102,0.352,0.846,135.024,4,ska
48uc9tXRxHJU46t3LlOgvv,Farin Urlaub,Endlich Urlaub!,1000 Jahre schlechten Sex,33,210026,False,0.49,0.754,2,-3.06,1,0.0657,0.0062,0.000287,0.169,0.646,105.103,3,ska
75OOEgG8sMIS0MpI8vfth0,Lasse Stefanz,Aldrig har jag älskat så,Aldrig har jag älskat så,36,190413,False,0.606,0.663,2,-6.475,1,0.0267,0.286,0.00711,0.126,0.914,110.955,3,ska
4hMkDclhFQpGzChxe3BLS4,Nationalteatern,Rövarkungens ö,Sent en lördag kväll,36,234973,False,0.364,0.674,9,-7.466,0,0.084,0.0718,2.54e-06,0.338,0.616,155.639,4,ska
0jvp7pKIiGpDwqG4t13VjA,The Interrupters,Say It Out Loud,The Prosecutor,32,165527,False,0.728,0.934,7,-3.404,1,0.0394,0.11,0.0,0.379,0.751,91.513,4,ska
04grraaBZFNw6WwKL69fvL,Feine Sahne Fischfilet,Scheitern und Verstehen,Weit hinaus,34,216432,False,0.615,0.885,4,-5.023,0,0.082,0.0138,0.0,0.382,0.288,129.931,4,ska
1aAcW69jxv3pp3I84oZGqP,Korol i Shut,Камнем по голове,Дурак и молния,55,114333,False,0.434,0.744,1,-9.449,0,0.194,0.111,0.0,0.342,0.668,178.879,3,ska
7aeHztFLa7y9oRCmnJiS7U,Chancho En Piedra,Rindanse Terricolas,Volantín,46,243200,False,0.677,0.839,2,-4.25,1,0.0378,0.00279,1.12e-05,0.307,0.807,98.008,4,ska
3OyFnnvG3QAXpkeviLxj4I,Los Prisioneros,La Voz de los '80 (Edición 30 Años),Eve-Evelyn,35,264151,False,0.65,0.958,7,-6.715,1,0.109,0.0294,0.00734,0.0733,0.575,154.575,4,ska
71jFgtUBKrBuIO6jeUYu9J,Los Enanitos Verdes,Triste Hora,Mi Primer Dia Sin Ti,0,270640,False,0.522,0.639,9,-5.553,1,0.0246,0.129,0.0,0.185,0.437,83.377,4,ska
3gl46cw6JSkD9iFdOKwoDH,Wilmer X,Mer för dina pengar,Slickar den hand som slår,37,211306,False,0.395,0.819,7,-7.178,1,0.0431,9.18e-05,0.00331,0.114,0.752,179.987,4,ska
7i5iRwUZEvxVeF7OiLtqYX,Las manos de Filippi,Los Métodos Piqueteros,Ballenas,36,204200,True,0.757,0.697,7,-7.003,1,0.0275,0.0162,0.0,0.161,0.817,113.013,4,ska
6NhwO55J3ziez6dwyGF9XF,Los Rude Boys,Justicia para el País,México Sigo Yo,37,171080,False,0.683,0.885,5,-6.581,0,0.0539,0.00096,0.0,0.116,0.807,105.971,4,ska
3Jx1poceoy5SdBXGxzjDrk,Biquini Cavadão,Me Leve Sem Destino (Ao Vivo),Tédio '85 - Ao Vivo,34,322973,False,0.431,0.962,2,-6.345,1,0.0987,0.0144,0.212,0.979,0.296,140.301,4,ska
6mRzGkoKCJKicK9eEph2xm,Lasse Stefanz,Rallarsväng (DeLuxe),Kalla det drömmar om du vill,35,161520,False,0.633,0.947,11,-4.909,1,0.0823,0.211,0.00415,0.319,0.785,91.965,4,ska
5goXx0TIwEjKC2EcuWkDsE,Rain Sounds;Rain for Deep Sleep;BodyHI,10 Hours Of Rain Sounds,Rain For Sleeping,35,80248,False,0.145,0.944,8,-35.693,0,0.0373,0.914,0.698,0.862,1e-05,55.511,3,sleep
2zqfPLM5cv0x7wWoRv3WTX,Nature Sounds,Sleep Rain Sounds,Soft Sleep Rain,0,245215,False,0.0691,0.667,1,-22.244,1,0.196,0.0136,0.919,0.44,0.0264,79.184,4,sleep
7hMk63Drw5xr1Sg0DnaM80,Avslappning Sound,"Avslappnande Musik - Sova Musik för Begrundan, Sömnproblem, Avslappning, Positivt Tänkande",Inre Balans,36,242230,False,0.288,0.197,10,-16.785,1,0.0357,0.93,0.971,0.0997,0.0395,65.13,3,sleep
4CyVr80Xs1y26QtN7IImuc,Meeresrauschen,"Meeresrauschen zur Entspannung, für Meditation, Yoga und Wellness",Chillout,32,135421,False,0.197,0.998,9,-18.373,1,0.0627,0.366,0.992,0.95,1e-05,107.373,3,sleep
2L2YvETkpKiqo1f2SvYrrQ,White Noise for Babies,Thinned Phaser,Light Harmonic,0,191743,False,0.0885,0.108,1,-9.77,1,0.0421,0.865,0.993,0.292,0.0329,165.323,5,sleep
5Njv36gUsnFxn6EOv1WMYg,Relaxing Music Therapy,Fireplace! Sound Effects: Ambient Noises,Fireplace: Smoke in Chimney,0,179710,False,0.423,0.358,11,-29.911,1,0.0324,0.208,3.45e-05,0.324,0.171,88.36,4,sleep
0IazKTDsOeV4v3NfILh3LW,Laila Wollo,Arnasa,Arnasa,61,190956,False,0.102,0.028,0,-37.166,1,0.0573,0.942,0.964,0.1,0.0587,67.272,3,sleep
56WrmyFZZhiYShdXV3pOWE,Vacuum Cleaner White Noise;Baby Sweet Dream,Soothing Sleeping Sounds,Air Conditioner - Loopable With No Fade - Baby Sleep,34,77482,False,0.0,0.000638,1,-42.864,1,0.0,0.98,0.833,0.0983,0.0,0.0,0,sleep
76F03Wnao0psYfzukldF5N,Baby Sleep Music;Baby Lullaby;Monarch Baby Lullaby Institute,"Baby Sleep Music: Soothing Baby Lullaby Music For Babies, Sleep Aid and Sleeping Music",The Best Baby Lullaby Music,33,134030,False,0.0937,0.00247,5,-36.872,1,0.0441,0.995,0.881,0.0974,0.0373,74.743,3,sleep
4eOYsoxVzs3tMznRzgjZ2D,Nature Sounds,Sleep Rain Sounds,Serenity Rain,0,246334,False,0.497,0.988,1,-26.516,1,0.0413,0.275,0.935,0.931,0.00809,106.261,4,sleep
2QfFLpSGF1T1pY6tq4kD7Z,Ocean Sounds,Ocean Waves Sounds to Relax and Sleep,Ocean Waves Sounds,39,4120258,False,0.0797,0.995,1,-17.379,1,0.0612,0.932,0.562,0.31,1e-05,84.788,3,sleep
6IQHp4OmkqUjKZyfkAeta7,Deep Sleep,Relaxing River Sounds,River,0,50000,False,0.32,0.952,5,-27.956,0,0.103,0.838,0.995,0.93,0.0184,116.402,5,sleep
2MetzfhUMANQ07Fu0liJzj,Loopable;Verter la lluvia,Rain Sounds and other Ambiences (Loopable and without Fade),Pouring Rain - Loopable with No Fade,44,93451,False,0.0,6.19e-05,9,-18.685,1,0.0,0.127,0.999,0.718,0.0,0.0,0,sleep
7K636EDCVdL1i8ACnbI4le,Silent Knights,Shhhhh For Baby Sleep,Shhhh 1,60,203697,False,0.32,0.554,1,-19.622,1,0.0589,0.914,0.000185,0.902,0.0257,150.411,1,sleep
0WFwjcwQekV5FTKpl4idDw,Meeresrauschen,"Meeresrauschen zur Entspannung, für Meditation, Yoga und Wellness",Meeresrauschen zum Schlafen,52,133341,False,0.108,0.999,8,-18.697,1,0.0577,0.554,0.974,0.883,1e-05,84.867,3,sleep
1jCftSMDGAfQksqL83Voas,Weißes Rauschen HD,Meereswellen zum Schlafen: Weißes Rauschen für den Schlaf,Blaue Schönheit,43,222812,False,0.165,0.431,0,-28.561,0,0.0461,0.905,0.956,0.546,0.00119,93.02,4,sleep
41ljbMzyzw7mtNiZ5rUMqU,Ocean Sounds,Ocean Waves Sounds,Waves: Sleeping Mother,34,63128,False,0.163,0.459,9,-23.748,0,0.05,0.87,0.982,0.578,1e-05,87.991,1,sleep
3bmicq5CCRnFGlvZY8mQYP,Jack Rosslyn,From Above,From Above,61,139271,False,0.148,0.0299,0,-27.491,1,0.043,0.771,0.994,0.112,0.0308,67.556,5,sleep
7capGl9TpBkjHfssVmCMnf,Baby Sleep Music & Sounds Library,Dishwasher (Sleep Sounds for Babies),Dishwasher - Part 01,33,63537,False,0.168,0.369,7,-22.402,1,0.0461,0.147,0.723,0.226,0.4,60.024,4,sleep
6uxb3XcephIsRYpZybGivn,Nature Sounds,Crickets,Crickets in Nature,34,109388,False,0.495,0.0637,1,-28.966,1,0.0661,0.89,0.845,0.0617,0.0914,110.096,5,sleep
2HBNfSLfBwKWiaSL5bg5jF,Sleepless Eye,Lull,Lull,65,179400,False,0.194,0.0304,9,-33.351,1,0.0373,0.875,0.922,0.11,0.0645,66.419,4,sleep
35nhgyJWblvHiX2fqHq5yo,Silent Knights,White Noise Sleep Rain,Umbrella Rain (No Fade For Looping),32,122000,False,0.341,0.999,11,-22.011,0,0.103,0.558,0.87,0.97,1e-05,113.632,3,sleep
5RBRNvoqGCVO5U1DQ2MggW,Avslappning Sound,"Avslappnande Musik - Sova Musik för Begrundan, Sömnproblem, Avslappning, Positivt Tänkande",Naturens Ljud för Sömn,35,236286,False,0.219,0.0592,7,-22.161,0,0.038,0.985,0.978,0.131,0.0368,72.68,5,sleep
4EvSSM5FYASIlUkt7WG16g,Baby Sleep Music;Baby Lullaby;Monarch Baby Lullaby Institute,"Baby Sleep Music: Soothing Baby Lullaby Music For Babies, Sleep Aid and Sleeping Music",Baby Songs,32,127796,False,0.156,0.00387,7,-34.858,1,0.0409,0.994,0.982,0.103,0.0473,77.038,3,sleep
3Y12BrdHQ0oAkPzpsRcbPW,Sleep Baby Sleep;Vacuum Cleaner White Noise;Deep Sleep Relaxation;Baby Naptime;Calm Children Collection,Soothing Brown Noise Waves and Calming Ambient Combinations (Loopable and without Fade),Clothes Dryer and Soothing Brown Noise,39,93451,False,0.398,0.868,6,-15.996,1,0.0511,0.276,0.77,0.452,0.149,97.29,4,sleep
7eGrb4IuURKz6R6hDMrB8p,James Taylor;Toots Thielemans,Best Christmas Playlist Ever 2022,The Christmas Song (Chestnuts Roasting On An Open Fire),0,232106,False,0.388,0.334,4,-9.886,1,0.0314,0.364,8.45e-06,0.256,0.22,120.82,3,songwriter
2oPv5XfZvGsPD8m7oBl5aJ,The Moody Blues,Fiesta temática 60s,The Night,0,446480,False,0.132,0.42,4,-7.761,0,0.0368,0.209,0.00293,0.11,0.185,45.857,4,songwriter
3rk4aJ0vAj3cFUIQEeASkT,George Ezra,Green Green Grass,Green Green Grass,77,167613,False,0.685,0.738,8,-4.413,1,0.0595,0.0695,0.0,0.128,0.8,112.972,4,songwriter
3p8Kv8GcO4obTLPmsS459h,Stephen Sanchez,Easy On My Eyes,Please Don't Go Home Yet,54,214040,False,0.602,0.131,0,-10.587,1,0.0324,0.85,0.0,0.0817,0.269,98.412,4,songwriter
4wPKUEm0EOoyUiFtI6mz1a,Stephen Sanchez,Lady by the Sea,Lady by the Sea,58,182983,False,0.439,0.503,8,-10.029,1,0.0281,0.284,5.6e-05,0.152,0.519,186.01,3,songwriter
5zDVyVBJoE0NVUmYcyvTny,Bryan Adams,Waking Up The Neighbours,Do I Have To Say The Words?,59,371200,False,0.503,0.595,7,-9.383,1,0.0294,0.0895,2.49e-06,0.148,0.457,128.099,4,songwriter
0ZNYGrmcehorhh9JOeg5Iv,José González,Stay Alive (From The Secret Life Of Walter Mitty),Stay Alive,67,266906,False,0.714,0.306,6,-12.111,1,0.0388,0.726,0.168,0.0924,0.314,129.984,4,songwriter
1UBUkoQ8Pp6nRQbsUQqVXL,Annie Lennox,All I Want For Christmas Is You,Angels From The Realms of Glory,0,240146,False,0.523,0.322,0,-8.957,1,0.0285,0.535,0.0,0.132,0.3,126.002,4,songwriter
52Mwe2iVyOtsGEmZNCh5jy,Brent Morgan,What Dreams Are Made Of,What Dreams Are Made Of,57,148500,False,0.544,0.192,4,-13.264,1,0.0354,0.769,0.0,0.0938,0.199,114.659,4,songwriter
10ek2hmSZSB1MxXTSLWV78,Don McLean,Best 70s Rock Tunes,If We Try,1,215226,False,0.565,0.403,2,-12.425,1,0.0303,0.674,0.0,0.103,0.48,109.62,4,songwriter
0QHST6B9xjYappSPkG6M6V,Clinton Kane,MAYBE SOMEDAY IT'LL ALL BE OK,14,62,140800,False,0.608,0.634,2,-5.65,1,0.212,0.722,0.0,0.12,0.701,104.51,4,songwriter
1EuQFujqMzy76oZZ7R2xNO,Salman Elahi,Shaan,Pahadon Mein,57,225391,False,0.776,0.477,1,-10.049,1,0.0308,0.592,0.000184,0.105,0.774,115.008,4,songwriter
2tsIWi4o3Nkbq4yF9OPNg9,Jasleen Royal,Shivaay,Raatein (Reprise),34,223143,False,0.52,0.408,2,-11.099,1,0.0311,0.644,0.0558,0.128,0.173,94.991,4,songwriter
3LP5YM7IMwmffWXPE1VBf1,Hafdís Huld,Vögguvísur,Sólskin,44,99752,False,0.747,0.149,0,-11.752,1,0.0324,0.92,0.0,0.105,0.606,85.049,4,songwriter
3pt2acuxLXvIGproniPoq9,Hayd,Changes - EP,Closure,65,196277,False,0.692,0.107,2,-16.182,1,0.0463,0.967,0.0,0.302,0.377,123.999,4,songwriter
3C7nmDDHszTddjFpdPlBvw,Bryan Adams,Christmas Classics,Merry Christmas,1,151387,False,0.683,0.511,6,-5.598,1,0.0279,0.406,0.000197,0.111,0.598,109.991,3,songwriter
7xLfz26gfcOPIe93h6Lxa6,Nikhil Swaroop,Nayab,Nayab,32,253344,False,0.601,0.128,8,-14.431,1,0.0429,0.902,0.000129,0.099,0.388,142.761,3,songwriter
4LGJ2pLDvTRnul3EcZoYkX,Hozier,Hozier,Like Real People Do,68,198029,False,0.569,0.183,7,-14.371,1,0.0298,0.914,0.404,0.106,0.13,70.06,3,songwriter
75iWsNyEgROEhzNnP6iU7s,Ane Brun,Christmas Day Chill,The First Day Of Christmas,0,189109,False,0.374,0.203,10,-12.595,1,0.0331,0.895,0.000479,0.263,0.32,134.146,3,songwriter
0IKFxQz9YhhnibrGnGSeUw,Little River Band,On air 70's Hits,Reminiscing - Remastered,2,253080,False,0.362,0.466,7,-11.257,1,0.0403,0.65,0.00589,0.132,0.342,189.141,4,songwriter
1op5LorZ180RXgHYr3S6PH,Madeline The Person,Your Perfect Soundtrack,MEAN!,0,143957,False,0.56,0.436,7,-8.761,1,0.491,0.918,0.0,0.093,0.402,117.907,4,songwriter
3198LMj0bpnXj8Mb1GLo3u,Lyn Lapid,When She Loved Me,When She Loved Me,62,187709,False,0.604,0.0458,4,-19.031,1,0.0762,0.973,0.0,0.0963,0.617,76.235,3,songwriter
2z2JKNU24UEngb4joR9p8f,KT Tunstall,Slow Christmas Songs 2022,Lonely This Christmas,0,257493,False,0.409,0.153,6,-10.74,0,0.0306,0.939,2.56e-05,0.108,0.18,85.262,4,songwriter
7hlfLeVhEMsVR2z2ktWTqS,Jax,Upbeat Pop,Victoria's Secret,0,176124,True,0.586,0.556,6,-7.639,1,0.0592,0.00655,0.0,0.0836,0.517,167.018,4,songwriter
2JjAZwcKJjmuwDZSiw4PEj,Bryan Adams,Christmas Best Hits 2022,Christmas Time,0,243057,False,0.503,0.582,0,-4.324,1,0.0253,0.472,0.0,0.103,0.326,77.321,4,songwriter
4SQ3WcKD6TkNDnbllzlxFw,Peggy Lee,The Very Best Christmas Songs 2022,I Like A Sleighride (Jingle Bells),0,125613,False,0.758,0.451,6,-8.001,1,0.0375,0.75,0.0,0.0503,0.737,122.912,4,soul
1JQ6Xm1JrvHfvAqhl5pwaA,Commodores,Commodores,Easy,75,256426,False,0.589,0.384,10,-15.075,0,0.0332,0.112,2.8e-05,0.0596,0.354,132.909,4,soul
1DA1HMWSAGuL9UWZlAWer6,Surfaces,Sunny Mornings,Sunday Best,0,158638,False,0.87,0.566,5,-5.659,1,0.0461,0.157,0.0,0.0735,0.724,111.999,4,soul
5yEIpnRU3WQmAWoOMP8ge9,BJ The Chicago Kid,Autumn Girl,Turnin' Me Up,0,269240,False,0.731,0.79,2,-4.214,1,0.0793,0.0429,0.186,0.0562,0.879,78.506,4,soul
5LxvwujISqiB8vpRYv887S,The Jackson 5,Diana Ross Presents The Jackson 5,I Want You Back,77,176333,False,0.469,0.538,8,-13.559,1,0.0571,0.305,0.00012,0.37,0.886,196.605,4,soul
14Pzq35qO07fvKKnST4zYY,John Legend,Weihnachten Musik,You Deserve It All,0,198626,False,0.524,0.739,0,-6.681,1,0.0386,0.215,0.0,0.0636,0.48,83.095,4,soul
13n8xj49typbpWtFQFFFxK,The Jackson 5,All I want For Christmas Is Music,Santa Claus Is Coming To Town,0,144080,False,0.691,0.776,0,-4.177,1,0.0341,0.458,1.68e-05,0.33,0.961,146.861,4,soul
35lAjvsvS9k9HHuP1fjDT8,Michael Jackson,Thriller 25 Super Deluxe Edition,Human Nature,66,245560,False,0.638,0.511,2,-10.041,1,0.0289,0.541,0.00478,0.26,0.68,93.108,4,soul
1dHiSGzb9WFtDKnBFJs4KO,Coco & Breezy;Tara Carosielli,Just Say,Just Say,67,166000,False,0.83,0.419,5,-9.76,0,0.063,0.0465,0.0145,0.0815,0.511,119.993,4,soul
5xXE79RqYY7GUyo3pdGPJL,Pink Sweat$,20s Love Songs,Nothing Feels Better,1,157779,False,0.769,0.395,2,-7.71,1,0.0287,0.285,0.0,0.0776,0.558,81.485,4,soul
7l9cCg3EBqVfBikbc21Kb0,The Drifters,Christmas Only: The Timeless Classic Collection,White Christmas,0,158413,False,0.555,0.213,8,-9.262,1,0.0449,0.939,5.33e-05,0.113,0.498,125.126,4,soul
3ZlJymoYg8vq3y9Czi9SRs,Peggy Lee,christmas but not christmas songs,This Is A Very Special Day - Single Version,0,154160,False,0.719,0.194,7,-13.088,0,0.043,0.749,1.07e-06,0.0794,0.758,114.786,4,soul
6g5czCQBFY1QJ8hUmtxTJv,The Jackson 5,Christmas Best Hits 2022,Santa Claus Is Coming To Town,0,144080,False,0.691,0.776,0,-4.177,1,0.0341,0.458,1.68e-05,0.33,0.961,146.861,4,soul
5HphhcOuLFWBj9IghbrKJB,Pink Sweat$;6LACK,Midnight River (feat. 6LACK),Midnight River (feat. 6LACK),59,184242,False,0.497,0.351,1,-9.048,0,0.0648,0.777,0.0,0.157,0.234,171.719,4,soul
3yWF3DqFBNLvf7s4C7mKUm,Aaryan Shah,Renegade,Renegade,79,222576,True,0.551,0.561,9,-10.408,0,0.0559,0.509,0.367,0.369,0.207,103.118,4,soul
6s1AU3GCP1FWWtmADl4B2P,Pink Sweat$;6LACK,20's R'n'B,Midnight River,0,184771,False,0.497,0.351,1,-9.048,0,0.0648,0.777,0.0,0.167,0.234,171.719,4,soul
3cNjgVBKTJ1SvKhunrCdVy,Joel Adams,Please Don't Go,Please Don't Go,71,210580,False,0.513,0.768,4,-4.868,0,0.0587,0.0118,1.94e-05,0.294,0.235,84.264,4,soul
4hQguvzuoDWY5SxE5Dhete,Pink Sweat$;6LACK,Give You Love - Cozy Hits,Midnight River,0,184771,False,0.497,0.351,1,-9.048,0,0.0648,0.777,0.0,0.167,0.234,171.719,4,soul
4cZTvx9cDgK1oISjcBsjUi,Faith Evans,Gourmet Soul,You Used to Love Me,0,269173,False,0.702,0.458,0,-8.195,1,0.0348,0.247,1.64e-06,0.126,0.679,89.266,4,soul
0QJeJWZNL4qXrHaNHBaHW4,Jamie Miller,Pop Hits Now,I Lost Myself in Loving You,0,201306,False,0.456,0.615,1,-5.454,1,0.0529,0.614,0.0,0.0908,0.416,78.461,4,soul
5IqLGk70rh1GLGmyfhvnoC,Aaryan Shah,Codex I,Mania,54,204395,True,0.535,0.717,4,-6.133,0,0.0428,0.149,0.00015,0.149,0.31,91.006,4,soul
2WxsyR3WLCdDhWIMJeG12y,Faith Evans,Modern R&B Love,Alone in This World,0,233400,False,0.625,0.807,0,-5.959,0,0.114,0.0312,0.0,0.278,0.617,92.037,4,soul
66tkDkPsznE5zIHNt4QkXB,Parcels,Tieduprightnow,Tieduprightnow,70,249956,False,0.863,0.533,5,-7.986,0,0.0484,0.291,0.00126,0.0794,0.738,102.025,4,soul
7dujOm8FJcepmVBQjqdswN,The Japanese House,Saw You in a Dream,Saw You in a Dream,58,208280,False,0.608,0.447,4,-8.205,1,0.0285,0.0603,0.0,0.19,0.683,94.054,4,soul
3xxmjMvJsSR3L7mUOxP9QA,Noisettes,Wild Young Hearts,Never Forget You,66,192213,False,0.569,0.692,9,-4.683,1,0.0323,0.0167,3.78e-05,0.126,0.737,141.632,4,soul
5GYM4rUDvbT9ov3eS1YMll,Aitana;Lele Pons,TELÉFONO (Remix),TELÉFONO - Remix,50,163786,False,0.672,0.886,2,-3.234,1,0.0684,0.201,4.79e-05,0.104,0.667,171.995,4,spanish
3eB9M6owEHwk4nNrZRNUwd,Alejandro Sanz;Camila Cabello,Mi Persona Favorita,Mi Persona Favorita,62,239972,False,0.582,0.659,8,-7.511,1,0.114,0.543,0.0,0.0656,0.583,155.957,4,spanish
7i2v1qGRuxH3pqIWYpqqBE,Los Rodriguez,Música para casa,A Los Ojos,0,236960,False,0.514,0.886,7,-5.67,1,0.033,0.143,2.09e-06,0.0958,0.831,138.635,4,spanish
5yFFAIv1yNy3dPLEEcIKFP,Soraya,Soraya,Miento,31,313506,False,0.505,0.864,11,-5.981,0,0.0668,0.135,0.0,0.28,0.414,89.941,4,spanish
566HVrHXG5v57lFbVNBJak,Porta,No Hay Truco (Maqueta 2007),Mi Frikimundo,30,218038,False,0.712,0.734,11,-4.032,0,0.412,0.229,0.0,0.0846,0.93,83.699,4,spanish
0RU8it2HXXThuYNGjIwDXc,Rosana,No olvidarme de olvidar,No olvidarme de olvidar,28,249454,False,0.495,0.593,9,-6.95,1,0.114,0.212,0.0,0.0753,0.205,155.982,4,spanish
7Men0McTVqAHxfVrRCzb41,Marlon,De Perreo,De Perreo,65,173784,False,0.789,0.629,5,-5.307,1,0.0425,0.149,0.0,0.122,0.785,99.999,4,spanish
0GARcbxLIOmzrs0lHpuvmi,Carlos Sadness;Bomba Estéreo,Aloha,Aloha,50,187392,False,0.801,0.901,0,-5.544,1,0.102,0.102,0.000212,0.107,0.597,131.998,4,spanish
57eNUK2UE7zdckmKlZjJqk,Luis Aguile,Luis Aguilé. Sus Grabaciones En Discos Showman Vol.2 (1968-1974),Ven a mi casa esta navidad (remastered),30,277026,False,0.293,0.277,1,-11.509,1,0.0301,0.524,1.55e-06,0.145,0.342,177.641,4,spanish
4lOFqJQaR5dGIazIBK8XsZ,Deluxe,Boys & Girl (Suite et fin),I Love You,29,250436,False,0.754,0.724,3,-5.957,1,0.0345,0.337,5.84e-05,0.419,0.637,105.001,4,spanish
02dvPFVZvD0X6TqB5dRpth,Hombres G,30 años y un día,Un minuto nada más - Remaster 2015,29,265760,False,0.564,0.822,2,-4.959,1,0.0305,0.0925,0.000414,0.237,0.96,124.502,4,spanish
6eKxlS1SsRYyzeN2Dbdek4,Viva Suecia;Leiva,Justo Cuando El Mundo Apriete,Justo Cuando El Mundo Apriete,58,242430,False,0.554,0.63,5,-6.097,1,0.0372,0.00982,6.21e-05,0.0656,0.285,127.988,4,spanish
3o6ZuA88pIJ0MyS4knzaWo,Cyclo,Happy Piscis,"Los Sueños, Sueños Son",31,195342,False,0.749,0.684,7,-5.463,0,0.0297,0.00868,0.000116,0.194,0.637,120.03,4,spanish
0jht9QQhRdBnkATKjVJVWU,Sharif,Bajo el Rayo Que No Cesa,Perdonar y Agradecer,31,909423,False,0.553,0.408,10,-7.393,0,0.353,0.0887,0.000547,0.3,0.072,143.977,4,spanish
1vHY8bEVI7Sg85xNMTDxXM,Estopa,¿La Calle Es Tuya?,Ya No Me Acuerdo,57,170053,False,0.733,0.392,9,-8.906,0,0.0624,0.503,0.0,0.209,0.423,133.919,4,spanish
7p86AB1S0CeNeYc7CfWvGR,Señor Trepador,Aforismos invertebrados,La noche me resbala,54,181839,False,0.549,0.915,8,-4.726,1,0.0649,0.0374,0.0,0.247,0.903,94.871,4,spanish
0qvdnUqKlWB0HXjOPco8vg,Lola Indigo;Mala Rodríguez,Perreo Tenebroso Vol. 5,Mujer Bruja,0,203773,False,0.773,0.917,10,-2.166,0,0.0629,0.0946,0.000106,0.0885,0.763,105.964,4,spanish
4vrRgRcc4UAKFyulv0WbWy,Deluxe,Moustache Gracias,Gorilla,31,271320,False,0.512,0.664,0,-8.132,1,0.402,0.496,0.000346,0.342,0.33,89.76,4,spanish
1G7GH4UVh21ljd6j7gLC9p,Miguel Bosé,Esencial Miguel Bose,La Chula,34,222906,False,0.783,0.877,11,-6.298,1,0.0776,0.277,1.12e-05,0.233,0.929,128.946,4,spanish
5KhUOgK2skD3tFxjPoV91B,Presuntos Implicados,La Noche 2 desde la Ciudad de México / Zona Preferente,Llovió - En vivo,26,208120,False,0.665,0.69,9,-7.602,1,0.0277,0.496,0.0,0.735,0.531,89.042,4,spanish
2KrXkY8yRsncGk2kXPD4Zt,Leiva;Natalia Lafourcade,Cuando Te Muerdes el Labio,Diazepam,58,217400,False,0.436,0.46,4,-6.037,1,0.0307,0.62,0.0,0.17,0.384,180.124,3,spanish
4Ws1SBzrc8MgbtxVyXFfyP,Hens;Delgao,Hensito,Dos Días al Mes,61,170322,False,0.679,0.548,8,-7.645,1,0.0341,0.0745,0.0,0.0981,0.635,124.031,4,spanish
64yiFscllWLU43qnEKLQ2S,Brock Ansiolitiko,Ver-S.O.S,Desconectando el corazón,31,186086,False,0.603,0.521,7,-7.215,1,0.0647,0.929,8.49e-05,0.114,0.506,97.2,4,spanish
4qJUOnvMJvr3sXpIrY8zJH,Helker,En Algun Lugar del Circulo,Redencion,27,280120,False,0.563,0.935,0,-3.7,0,0.0374,0.000256,0.00258,0.351,0.261,130.065,4,spanish
2sMxswHr9wX7kTUHULvJBJ,Melendi;Ha*Ash,Destino o casualidad,Destino o casualidad,74,258504,False,0.557,0.525,2,-6.324,1,0.149,0.524,0.0,0.113,0.362,153.247,4,spanish
0BhH8IeKQa3MW7J3dpl6x0,hope mona,trick or treat on beat,Ghostbusters - Lo-Fi,0,170929,False,0.816,0.596,9,-11.15,1,0.451,0.76,0.891,0.348,0.756,116.022,4,study
5tLMIpf7vZrIuRZPdh243H,Loyla Lo,Sun Study,Hammer,39,103200,False,0.79,0.218,11,-14.49,1,0.389,0.401,0.781,0.0965,0.496,75.093,4,study
1LqW43WjoLs6yzFg1vyq26,Justnormal,Seasonal Expression,Misty Morning,13,125647,False,0.729,0.399,8,-4.868,1,0.095,0.803,0.92,0.11,0.475,170.198,4,study
0BUMtnHHxB28f4D2CiEs9L,Twinkz,Dreaming Glory,Let People Ask,28,90218,False,0.581,0.269,9,-15.981,0,0.0856,0.981,0.872,0.121,0.679,79.98,4,study
6gmA1bfjCubvwRgQhHmerj,sonolon,city skyline,city skyline,7,109569,False,0.684,0.445,4,-7.685,0,0.036,0.96,0.867,0.157,0.547,90.016,4,study
0DCLuT6dIBTso6hcEgCTbm,Crate Diggers,Fruit Loops,Fire,6,127317,False,0.692,0.424,9,-9.657,0,0.0363,0.66,0.885,0.129,0.405,82.024,4,study
3ZBJMy7ICSqGfwQivSjqZo,wavcrush,come pat a bowl,brake down,6,99307,False,0.761,0.428,8,-6.378,0,0.0578,0.21,0.193,0.115,0.187,90.014,4,study
0NEg0G2YPFVcZZ3Uo3LWjW,Blackburri,E. Z. Breezy Beautiful,E. Z. Breezy Beautiful,38,196708,False,0.745,0.143,11,-16.245,0,0.0448,0.964,0.958,0.105,0.202,78.968,3,study
0cQhQFmSdYkQjH1OKTNa2G,Dusty Decks,Gatefold,Lacquered,0,157226,False,0.665,0.443,10,-9.802,0,0.375,0.807,0.506,0.213,0.526,88.984,4,study
0WklCZ01mBTUu5KxC89sX5,Matt Large,Next Year in Rio,Tokyo Highball,22,151970,False,0.536,0.733,7,-7.378,1,0.199,0.0474,0.804,0.145,0.3,84.649,4,study
75qMg1eAv39k3FOwMcaAsJ,Blue Motyl,Joy Fever,Joy Fever,32,102400,False,0.608,0.293,1,-13.405,1,0.0407,0.698,0.763,0.112,0.415,150.056,4,study
5cod6vnoo4CNuchxWR2a7Q,Juice Brenner,On and On,On and On,27,158181,False,0.8,0.437,8,-6.351,1,0.0566,0.000619,0.888,0.101,0.583,87.985,4,study
7ymG0YQtuSiSVJSBQ3E8jy,mooncycles,eclipse,the dark side,37,120000,False,0.738,0.204,8,-17.476,1,0.12,0.838,0.904,0.132,0.156,79.953,4,study
2Rhf5LPlWO1q6RMogvQEqA,Beat Oven,Blessed Be The Beats,Under His Eye,5,91785,False,0.734,0.417,6,-12.659,1,0.0618,0.0124,0.721,0.495,0.527,90.96,4,study
1LvgRFtCVEAPSB3wi71XCz,fresh from the oven,smooof,smooof,35,115058,False,0.734,0.374,7,-11.141,1,0.127,0.722,0.67,0.281,0.466,127.52,3,study
4UNCSVU2mC94tO2g7gxizh,Justnormal,Graceland Drive,Graceland Drive,33,148466,False,0.603,0.446,6,-8.379,0,0.0382,0.949,0.0978,0.397,0.0894,79.98,4,study
697kvLFUMf4eK85X1i1vTG,Matt Large,Tainted Tuesday,Tainted Tuesday,27,215446,False,0.594,0.487,4,-8.086,0,0.039,0.49,0.947,0.105,0.147,78.983,3,study
41v1IIA5tm51Yaz73O8EfI,xJ-Will,In Your Eyes Vol. II,Destiny Calls,12,193734,False,0.58,0.327,0,-14.475,0,0.199,0.0599,0.611,0.107,0.295,124.485,4,study
4U2ooZvgmBRLXEcMNH8PG6,Chillowfy,Study Beats Pt. 1,Sleepin,24,123495,False,0.654,0.0282,0,-25.15,0,0.0552,0.979,0.926,0.129,0.216,103.012,4,study
3cQZfxm4Dd1p8I3BtbQLFI,"Sarah, the Illstrumentalist",Constellations,Vega,10,151565,False,0.602,0.337,5,-16.022,1,0.0408,0.812,0.957,0.104,0.551,91.964,4,study
0EaAdxreF6MAcDnUHYZgpm,"Sarah, the Illstrumentalist",FLOWERS,Calendula,6,128774,False,0.591,0.43,7,-8.031,1,0.0314,0.246,0.731,0.237,0.359,92.943,4,study
2Rs1cBCuncS95efeyANpne,"Sarah, the Illstrumentalist",Discover the World Vol. 2,Luau in Honolulu,12,125854,False,0.745,0.362,3,-7.323,1,0.0368,0.364,0.94,0.107,0.525,93.008,4,study
0Jk9oGAWM9hh9CU8YBtAr7,Zack Zhu,Frontal Lowb,Frontal Lowb,31,121165,False,0.904,0.168,10,-17.717,1,0.165,0.191,0.935,0.0904,0.478,103.0,4,study
4KdC1ufeTt40l0agjHZXSB,meadowzz,brooklyn knows best,captain ginger,11,133750,False,0.758,0.357,5,-11.709,0,0.136,0.703,0.824,0.342,0.352,94.007,4,study
47dVFUoQyfAfRRx6INGexa,beosound,straight no chaser,straight no chaser,11,123428,False,0.777,0.375,0,-7.833,0,0.0677,0.666,0.822,0.0861,0.493,70.09,4,study
5DZUMwnFa2KqVsGM0dmQFQ,Björn Holmgren,REGNIG DAG,Ut med allt,0,141333,False,0.606,0.591,9,-4.05,1,0.0305,0.106,0.0,0.0859,0.427,128.097,4,swedish
16FoyabyqWiC4G0crZDt5Y,Lasse Lindh,"Guardian (Original Television Soundtrack), Pt. 3",Hush,53,260107,False,0.646,0.311,7,-9.169,1,0.0328,0.917,7.88e-06,0.236,0.305,130.018,4,swedish
0Fc9QSMX6fgEBgDjUax7t7,Zara Larsson;Steve James,Ruin My Life (Remixes),Ruin My Life - Steve James Remix,55,177096,True,0.723,0.837,11,-6.487,1,0.0389,0.0103,0.000477,0.0834,0.643,123.952,4,swedish
0J2p4KYdr6Mg4ET6JPlbe1,ABBA,Super Trouper,Super Trouper,72,252853,False,0.764,0.626,0,-8.274,1,0.0288,0.457,6.35e-06,0.201,0.961,118.34,4,swedish
2KZXF3p2o5oNl4dYme5zhH,Melissa Horn,Om du vill vara med mig,Säg att du behöver mig,34,266346,False,0.375,0.32,3,-12.406,1,0.0303,0.715,0.000559,0.116,0.226,146.064,4,swedish
3EqjPdZYU6KzOyF2mo8T6u,Lasse Stefanz;Mikael Wiehe,Whiskey Barrel,Leva tills jag dör (feat. Mikael Wiehe),41,252261,False,0.633,0.796,6,-3.78,1,0.0271,0.0109,1.49e-05,0.217,0.646,127.981,4,swedish
6fhv4BYwfS8N25DNE2y9xY,Hanna Ferm;Junie,LUGNA HITS,Välkommen Åter,0,175714,False,0.775,0.675,0,-5.43,1,0.0734,0.133,0.0,0.151,0.907,139.968,4,swedish
12ZQDjdwqcnLjYPehMwZ9J,Hjalle & Heavy,2 Säsongen - På Rymmen,Mer O Mer O Mer,36,295466,False,0.428,0.873,0,-5.444,1,0.0361,0.027,0.0,0.0956,0.871,146.85,4,swedish
13bJVNCInJ4OzCm6Hi8mRU,ABBA,Mientras hago aromaterapia,From A Twinkling Star To A Passing Angel - Demo Medley,0,547880,False,0.4,0.178,7,-16.76,1,0.0351,0.719,8.22e-06,0.3,0.209,120.152,4,swedish
6FEzQUEpx2SoMehYWVtZln,Corroded,Bitter,Breathing,35,279939,False,0.552,0.844,11,-9.026,0,0.0581,0.000179,4.7e-06,0.0842,0.25,110.007,4,swedish
2q8iCyuw5Qs0VmuGAaUHsA,Barbados,Belinda,Pojkarna i poolen,39,186706,False,0.592,0.976,2,-3.203,1,0.0373,0.148,0.0,0.272,0.969,152.063,4,swedish
28Q9n2pY0uQ2IhVdXVbCHN,Larz-Kristerz,Rätt å slätt,Hon gillar Johnny Cash,38,220600,False,0.534,0.945,4,-3.362,1,0.0487,0.0685,1.49e-06,0.158,0.882,174.122,4,swedish
4vVue9p2IkdtmqXrpgBYVa,Bengt Sändh;Rune Andersson,Supvisor,Jag har aldrig varit på snusen,37,94600,False,0.708,0.421,0,-11.385,1,0.0285,0.912,0.0,0.487,0.903,95.275,4,swedish
1YeeP800KEmlmDygVMIrC2,Tove Lo,Concierto en la ducha,Cool Girl,0,199179,True,0.66,0.695,9,-7.076,0,0.113,0.313,7.17e-06,0.0752,0.204,101.997,4,swedish
6lW1rampOjL7HJi8xWRg39,Hov1,Montague,Sex i taxin,40,134077,True,0.76,0.376,4,-8.348,1,0.0453,0.787,0.0,0.363,0.518,94.938,3,swedish
56SfXTvp5ABdNmbqmG9Zpk,Melissa Horn,Om du vill vara med mig,Om du vill vara med mig,38,317373,False,0.499,0.476,2,-9.679,0,0.0409,0.606,0.029,0.0792,0.304,171.063,4,swedish
46b1byPHqlHMZzddmYgrSi,Isak Danielson,JULMYS,Snowman,0,168000,False,0.51,0.306,4,-11.214,0,0.0305,0.687,0.0,0.0811,0.23,99.896,3,swedish
4zIT3WduXRKcyb3oOKQuVC,Lill-Babs;Sören & Anders;Bert & Heman Hunters,Svenska Tokhits,Älskade ängel,37,154626,False,0.571,0.783,10,-6.764,1,0.0599,0.27,0.0,0.104,0.913,200.363,4,swedish
3j1i9cLU3jBIiIkO74CptJ,Vide,Vide,Everything,49,139354,False,0.481,0.379,2,-10.612,1,0.0452,0.899,2.34e-06,0.13,0.4,79.103,4,swedish
3dgVBgrgHLzbhAYepa1V1V,Jubël;NEIMY;Tiësto,Dancing In The Moonlight (feat. NEIMY) [Tiësto Remix],Dancing In The Moonlight (feat. NEIMY) - Tiësto Remix,60,147146,False,0.679,0.619,9,-4.983,1,0.0528,0.213,0.0,0.105,0.497,124.944,4,swedish
3i1bPoDO6HieDmE7RFtdfJ,Uno Svenningsson,Samling,Vågorna,35,239613,False,0.565,0.913,2,-3.618,1,0.0328,0.0363,4.31e-05,0.372,0.478,119.995,4,swedish
3iPBvMNzfa9e4RkWa6biwC,Elov & Beny,Hal som en tvål (Akustisk Live),Hal som en tvål (Akustisk Live),38,151320,False,0.705,0.806,8,-5.93,1,0.083,0.188,0.0,0.264,0.792,124.97,4,swedish
28tYtDhHaUq22Xs5Rhgb6n,ABBA,Отново на училище,Dancing Queen,1,231093,False,0.512,0.93,9,-4.343,1,0.0508,0.17,0.00119,0.561,0.677,100.542,4,swedish
4qpQQzdxcu0COepwQJnRxK,Peter Lundblad,Vem ska trösta Knyttet?,Flykten,36,142666,False,0.443,0.0429,4,-26.765,0,0.0443,0.884,0.00479,0.325,0.235,112.82,4,swedish
5S1TBgi9opW9tmK7aXaZyq,Europe,The Final Countdown (Remixed),The Final Countdown - Remixed,50,297797,False,0.451,0.897,5,-5.19,0,0.0518,0.0117,0.00391,0.284,0.555,119.084,4,swedish
7feSbMqJGg9yL0s6ypxy9S,Duran Duran,Decade,Girls on Film,59,207786,False,0.708,0.855,11,-6.301,0,0.0931,0.00548,0.0477,0.0447,0.656,131.955,4,synth-pop
3pr0y5h4MkBngy6gyozLDV,L'Impératrice,Tako Tsubo,Voodoo?,52,255746,False,0.871,0.379,6,-10.751,0,0.0752,0.0858,0.141,0.0689,0.491,107.961,4,synth-pop
01ugCDMaqFgnjKtXl0O2CE,Mylène Farmer,Tubes chansons française,Désenchantée,34,322760,False,0.614,0.655,10,-11.744,0,0.0297,0.0019,0.126,0.0844,0.342,125.905,4,synth-pop
5W349ZV1vTlUduZuVPNmLx,Melody Club,Goodbye To Romance,The Only Ones,26,176613,False,0.597,0.928,0,-2.809,1,0.0392,0.00365,0.0,0.155,0.901,119.971,4,synth-pop
3A59kITyzBcF4273kEzsfr,Tubeway Army,East New York The Ultimate Fantasy Playlist,I Only Rewind,0,250026,False,0.627,0.704,0,-8.415,1,0.0497,0.0458,0.0859,0.113,0.781,141.891,4,synth-pop
01fa0cKL8OFFehwurqdEuC,Modern Talking,Back For Good,No 1 Hit Medley,52,423533,False,0.835,0.943,1,-5.461,1,0.0466,0.173,0.0105,0.0646,0.886,116.033,4,synth-pop
1QFJpg154LuFMYfTryKadD,Go West,Go West,Call Me,51,252973,False,0.56,0.864,8,-8.871,1,0.0365,0.396,7.39e-06,0.0386,0.925,162.755,4,synth-pop
7vA9zWg6fmjLZn105Uj4TE,Neon Indian,Era Extraña,Polish Girl,47,264000,False,0.63,0.886,9,-4.151,0,0.0351,0.00436,6.13e-05,0.125,0.454,111.983,4,synth-pop
2hEXNxHo6jne84vrC2vlg6,Tubeway Army,The Flood The Ultimate Fantasy Playlist,I Only Rewind,0,250026,False,0.627,0.704,0,-8.415,1,0.0497,0.0458,0.0859,0.113,0.781,141.891,4,synth-pop
35kEnfVW2j1OERw8W3Fxtl,The Go-Go's,Fiesta temática 80s,This Old Feeling,0,186400,False,0.43,0.883,9,-8.881,1,0.0616,0.00346,0.00502,0.137,0.69,140.251,4,synth-pop
32UKoTb2CIuM9YeqYnWcvk,Tove Lo,Queen Of The Clouds,Thousand Miles,21,214626,False,0.585,0.813,8,-5.206,0,0.173,0.167,2.34e-06,0.1,0.422,175.932,4,synth-pop
1ChulFMnwxoD74Me8eX2TU,Dead Or Alive,Evolution: The Hits,You Spin Me Round (Like a Record),76,195146,False,0.554,0.963,6,-3.762,0,0.035,0.000244,0.0702,0.431,0.918,128.175,4,synth-pop
0JlGCjYcS1DZYcOoUwLsI8,Peter Schilling,Fehler Im System,Die Wüste lebt,25,245626,False,0.653,0.67,9,-7.897,0,0.0962,0.013,0.0689,0.212,0.471,180.056,4,synth-pop
3O6l5P4tTtHl3jN1vtrNlo,Tove Lo;Kylie Minogue,Sunshine Kitty,Really don’t like u (feat. Kylie Minogue),47,225104,False,0.599,0.619,4,-6.658,0,0.0736,0.215,6.11e-05,0.0856,0.265,109.326,4,synth-pop
2LwVSnu8XKGhAncs0rZqpL,Belinda Carlisle,The Very Best of Belinda Carlisle,"Leave a Light On (7"" Version)",25,256746,False,0.559,0.86,2,-6.873,1,0.0534,0.0147,0.0,0.123,0.472,128.7,4,synth-pop
3rLKyCGyEVHR5c5sD7cPay,Limahl,Loki- The Complete Fantasy Playlist,Never Ending Story,0,213120,False,0.752,0.538,11,-13.293,1,0.0315,0.0629,8.8e-05,0.0767,0.752,123.028,4,synth-pop
7If0Y9si7R6TQWRUa96m1S,W O L F C L U B,Infinity,Can't Stop Falling in Love,37,194400,False,0.66,0.686,1,-5.403,0,0.0354,0.00245,1.64e-05,0.115,0.438,99.985,4,synth-pop
6n2geOyYHOGZtpITVmrWoo,Tove Lo,Sunshine Kitty,Mateo,47,169345,False,0.649,0.603,2,-6.185,0,0.0664,0.0268,0.0,0.111,0.15,148.976,4,synth-pop
5YLuXKsZ02FNK9MyaKi9Uw,CHVRCHES;Matt Berninger,Love Is Dead,My Enemy,31,233078,False,0.556,0.571,2,-5.564,0,0.0309,0.107,0.0,0.115,0.0769,133.985,4,synth-pop
1Jd4w8zjgqjppvFmwoCL0g,Eurythmics;Annie Lennox;Dave Stewart,Ultimate Collection,You Have Placed A Chill In My Heart - Remastered Version,25,233133,False,0.598,0.981,9,-4.879,1,0.0484,0.108,0.0205,0.0697,0.742,103.352,4,synth-pop
6SsEaNkApgjnuFBgGNJTKa,Howard Jones,Essential '80s - The New British Invasion,No One Is To Blame,24,216573,False,0.777,0.375,9,-11.13,1,0.0276,0.509,0.000437,0.178,0.669,95.092,4,synth-pop
4neEisxPscPwtiMEXYaKPw,Icona Pop;Charli XCX,Now That's What I Call Music 2012-13,I Love It,15,156866,False,0.694,0.879,1,-4.432,1,0.0319,0.00427,1.04e-05,0.143,0.811,125.948,4,synth-pop
2JvPJ8ydPuN2NhpH4oti6I,Wang Chung,Points On The Curve,Dance Hall Days,68,240800,False,0.664,0.589,0,-14.415,1,0.0406,0.259,0.00587,0.221,0.54,102.74,4,synth-pop
0noX7fsnpaVbMCdiRzYJrX,Simple Minds,Rock Workout 2023,Don't You (Forget About Me),2,260733,False,0.638,0.858,2,-5.527,1,0.031,0.127,0.00105,0.333,0.743,111.12,4,synth-pop
5CXqWN8KDJxhYwp8iPmyZm,Tears For Fears,Everybody Loves a Happy Ending,Last Days on Earth,23,341200,False,0.565,0.772,6,-8.436,0,0.037,0.0271,0.00182,0.0649,0.576,89.984,4,synth-pop
6F4s2uHIED7NiwXBRS4Q8e,Los Solistas,Homenaje A Juan D'Arienzo Vol 2,Carton Junao,23,138933,False,0.767,0.458,2,-11.055,1,0.263,0.914,0.691,0.0845,0.881,131.86,4,tango
1mtd655Pv9q0I0D8XYuRMt,Astor Piazzolla;Amelita Baltar;Héctor De Rosas,"Maria de Buenos Aires, Vol. 2",Aria de los Analistas,24,517573,False,0.421,0.285,6,-15.417,0,0.118,0.817,5.43e-05,0.0684,0.325,134.576,4,tango
5zRaLhGDH7lZcqg8kiCKkF,Alfredo Gobbi,Presentando a Alfredo Gobbi,Si Sos Brujo,25,209720,False,0.555,0.396,6,-5.075,0,0.0298,0.886,0.554,0.0631,0.51,116.52,4,tango
1XIIRCIEMRjrPEDl3ewhZJ,Roberto Goyeneche;Orquesta Típica Porteña,Esenciales,El Gordo Triste (with Orquesta Tipica Porteña),20,210746,False,0.389,0.341,4,-10.365,0,0.0839,0.86,1.9e-05,0.116,0.24,170.104,3,tango
6ND6umfAcv4LVxtHSdwoER,Carolina Winograd;Alejandro Drago;Federico Biraben,Después,Mano a Mano,24,224080,False,0.626,0.289,9,-9.041,0,0.295,0.894,0.0,0.076,0.515,118.172,3,tango
4wjO2nLDK5uJiYcDV752zU,Anibal Troilo y su orquesta,"Anibal Troilo ""Pichuco"" - Bs.As Tango -",Grisel,20,206720,False,0.442,0.334,0,-8.394,1,0.0326,0.981,0.00444,0.355,0.519,126.813,4,tango
2H5SdQSo1oSQGegGESJzFa,Osvaldo Pugliese,From Argentina To The World,Ojos Negros - Instrumental,16,182853,False,0.482,0.293,5,-13.456,0,0.0379,0.79,0.71,0.19,0.275,110.978,4,tango
4PXnwRGWH9VKDxdf09JV6e,Roberto Goyeneche,Uno,Barrio De Tango,19,152493,False,0.548,0.341,4,-7.015,1,0.0453,0.772,4.91e-06,0.253,0.418,114.007,4,tango
0lRyppKH2NUmyYaFVnfzjm,Tango Bardo,Rustico,Mi dolor,19,168344,False,0.629,0.403,2,-8.063,1,0.041,0.583,0.341,0.0955,0.799,123.139,4,tango
0oXtjeA7Swkk2qbm8JZheN,Sandra Luna;Juan Esteban Cuacci,Solos,Anclao en París,27,103880,False,0.587,0.443,4,-7.584,1,0.0581,0.901,8.2e-06,0.198,0.636,99.006,4,tango
51j44z3Qr2HnSnBhrEwpvm,Amelita Baltar;Pedro Aznar,El Nuevo Rumbo,Sería Facil Decir,28,154951,False,0.574,0.481,2,-10.298,1,0.0846,0.479,0.0,0.319,0.446,122.61,4,tango
4KYPfZpN9haysWIStzfr3k,Ignacio Corsini,"Colección Completa, Vol. 14 (Remasterizado)",Caminito - Remasterizado,20,121920,False,0.617,0.135,6,-18.764,1,0.148,0.992,0.00034,0.0978,0.641,141.521,4,tango
5qpNxZb2y07DNBJg6rsZz8,Roberto Goyeneche,Berretín,Alma De Loca,17,154240,False,0.439,0.706,7,-4.388,1,0.0418,0.922,0.0,0.363,0.802,105.272,4,tango
3sMOYnA1xxqh5OJ3YJK5fu,Romántica Milonguera,"Romantica Milonguera, Vol. IV",Nada,17,166234,False,0.408,0.621,5,-3.924,1,0.0356,0.749,0.0368,0.354,0.571,130.771,4,tango
6cBrYEOStiv0YtmvGraUog,Osvaldo Pugliese;Jorge Vidal,Ausencia,Puente Alsina,16,194893,False,0.489,0.256,4,-10.127,0,0.0431,0.932,0.00157,0.245,0.511,96.323,4,tango
7EYAB8Q5JnXqFTegwOhUEb,Alfredo De Angelis;Oscar Larroca,Yo Soy El Tango,Lágrimas De Sangre,29,179653,False,0.661,0.293,9,-7.916,0,0.0462,0.857,0.0,0.246,0.681,120.568,4,tango
10hldw4BvNyHIoiGZHO8ll,Francisco Canaro,Tango Classics 234: Valsecito Amigo,La Milonga de Mis Tiempos,17,195182,False,0.604,0.372,7,-15.684,1,0.0747,0.967,0.958,0.313,0.775,100.123,4,tango
0mAPRz8lp5UsaPL00JN8zZ,Carlos Gardel,Tango Collection,El Día Que Me Quieras,28,201932,False,0.313,0.242,0,-12.028,0,0.0383,0.964,0.00788,0.107,0.406,87.07,3,tango
34srI0VWaGbqcaAu2TAtli,Jaska Mäkynen,Espanjan Yöt,Kaunein katse,30,187386,False,0.518,0.554,0,-7.104,0,0.0253,0.358,0.0,0.485,0.483,94.991,3,tango
4jxVB5FAbcfEIKGhW5KqWm,Eladia Blazquez,Con las Alas del Alma,Con las Alas del Alma,19,256226,False,0.432,0.272,3,-11.047,1,0.0301,0.924,0.0,0.0938,0.333,83.079,3,tango
3f4Zg35P1hes5EexmxBDar,Enrique Rodríguez;Armando Moreno,Obras Cumbres (Vol. 3),Mis Harapos,21,182183,False,0.777,0.423,5,-8.635,0,0.0482,0.828,0.463,0.0211,0.872,100.714,4,tango
2T0LCdHeA3yicxPtOdhlQe,Julio Sosa;Orquesta de Leopoldo Federico,En Esta Tarde Gris,El Último Café,20,190546,False,0.391,0.636,8,-8.328,1,0.0485,0.864,6.36e-06,0.0959,0.498,109.843,4,tango
77DLJboUFvej3L6g3dqVyR,Solo Tango Orquesta,2010-2015,Flor De Lino,19,212200,False,0.372,0.391,7,-11.341,1,0.0407,0.946,0.00312,0.0689,0.186,106.65,3,tango
4CNIKGlBvWXzGSFSKQdMcS,Orquesta Tipica Buenos Aires,La Cumparsita,Nostalgias,18,169400,False,0.348,0.329,2,-9.694,0,0.0318,0.707,0.126,0.0455,0.362,115.459,4,tango
39baGLGdvzeVIA0FAifBQp,Julio Sosa;Orquesta de Leopoldo Federico,20 Great Tangos,Que Me Quiten Lo Bailao,23,172106,False,0.5,0.582,8,-9.89,1,0.113,0.758,1.03e-06,0.158,0.805,118.628,4,tango
05Q2QXgj7NPOmYvito5OOm,Maceo Plex;Program2;Giovanni,Revision feat. Giovanni,Revision feat Giovanni - Original Mix,46,391333,False,0.658,0.667,0,-5.948,0,0.0311,0.00102,0.552,0.137,0.229,128.019,4,techno
6lURqRzgfuHN5Czub5w9Px,Max Cooper,Yearning for the Infinite,Perpetual Motion,47,298986,False,0.717,0.621,11,-11.855,1,0.0536,0.675,0.926,0.111,0.224,118.977,4,techno
0yqNGfESkxfNgc11ouwykd,Moonwalk,Solaris - EP,Delta,51,345926,False,0.786,0.893,2,-9.492,1,0.0698,0.0095,0.951,0.108,0.0651,124.988,4,techno
3T6NtWjH6klzhSsAGROlqY,AIROD;Amelie Lens,Exhale VA001,Adrenaline,45,411267,False,0.704,0.766,0,-8.238,1,0.0571,0.000703,0.903,0.0924,0.0646,133.99,4,techno
4IsHMzDbRE8q5Z4ALsQj3o,Paul Kalkbrenner;Fritz Kalkbrenner,Berlin Calling (The Soundtrack by Paul Kalkbrenner),Sky and Sand,68,230500,False,0.791,0.329,10,-12.906,0,0.0592,0.6,0.863,0.193,0.526,127.021,4,techno
0F5DJA5gUkR9YSPIP1lCl2,MOGUAI;Benny Benassi;Kryder,ACIIID (Kryder x Benny Benassi Remix),ACIIID - Kryder x Benny Benassi Remix,53,172913,False,0.593,0.96,10,-4.896,0,0.07,0.0431,0.766,0.245,0.448,126.998,4,techno
031AIGrfnhZYJxegTuYw9W,Solomun,Kackvogel,Kackvogel - Original Mix,46,448005,False,0.875,0.745,7,-10.156,1,0.0466,0.208,0.449,0.0749,0.365,117.995,4,techno
4soqeHQWIAc0yGI4bv7IXi,Zimmz,Pragmatic,Pragmatic,39,443149,False,0.685,0.921,4,-6.985,0,0.0511,0.000687,0.874,0.0883,0.159,126.998,4,techno
2zDCZ8jY4kjuUZbVROHaZj,Adam Beyer;Bart Skils,Your Mind (Radio Edit),Your Mind - Radio Edit,49,285857,False,0.66,0.857,11,-7.946,0,0.0565,0.00262,0.165,0.215,0.111,126.032,4,techno
6RCT4geaXTmDmtiwFLJv8j,Booka Shade;Eli & Fur;Einmusik,To the Sea,To the Sea - Einmusik Remix,51,452000,False,0.741,0.853,4,-10.141,0,0.0406,0.00706,0.831,0.0757,0.124,123.998,4,techno
0wYVNC09iLBVIqHB07Hckt,ATB,No Silence,Ecstasy,54,261093,False,0.658,0.878,8,-6.834,0,0.0346,0.135,0.591,0.0948,0.907,130.009,4,techno
24Rt28AO3fHK3Svg2fDsmV,Thomas Gold;Flaremode;Krimsonn,What It Feels Like,What It Feels Like,42,165048,False,0.604,0.85,9,-3.587,1,0.0665,0.00179,0.0282,0.535,0.466,128.123,4,techno
6ekLy1OsrYdLMbcqc0KZ8G,Solomun,Nobody Is Not Loved,Home,28,221090,False,0.679,0.707,2,-11.453,1,0.04,0.00634,0.855,0.18,0.258,120.007,4,techno
3Allgqu3MaHE8QFvzoP90S,KAS:ST;Be No Rain;Tale Of Us,Hold Me To The Light,Hold Me To The Light - Tale Of Us Remix,48,398095,False,0.643,0.822,7,-9.29,1,0.0497,0.00363,0.749,0.13,0.0854,125.969,4,techno
28LocNY32Y5Rdiv1FOT3aY,Hozho,Yin Yang,Philophobia,37,444316,False,0.801,0.471,0,-11.041,1,0.0714,0.00574,0.772,0.162,0.231,127.01,4,techno
2lhWOCEHyh6mjIA1sK1RcU,Cascada,Evacuate The Dancefloor,Ready Or Not - Radio Edit,29,180929,False,0.627,0.988,0,-5.331,1,0.0572,0.00253,2e-06,0.179,0.497,145.014,4,techno
7wWXKqpLayBT6dZkeiMSle,Moonbootica,Ibiza Techno Top 50 : 2022. 2 - the Closing,Say More,0,341670,False,0.8,0.841,6,-7.391,0,0.0646,6.71e-05,0.564,0.0366,0.763,124.003,4,techno
5jRHfr4DXK8SteonU1uQjm,T78;Dino Maggiorana,Hardcore,Hardcore,46,454387,False,0.679,0.939,11,-8.452,0,0.0347,0.00975,0.831,0.0938,0.103,130.011,4,techno
0jDWRUbxSn8zQlwFbeLHwo,Cascada,Evacuate The Dancefloor,Evacuate The Dancefloor,63,207200,False,0.762,0.702,0,-5.87,1,0.0432,0.0167,0.0,0.314,0.898,127.029,4,techno
3wWYsyw0dpPXYe6I2lAWea,Nosferatu,Demonic Playgrounds,Comforting Evil,27,196752,False,0.619,0.972,7,-0.907,1,0.138,0.137,0.0,0.314,0.107,97.537,4,techno
2Oc91MmNBv4bTvSBtN7iMQ,Tommyknocker;Sunbeam;Traxtorm Legends,Traxtorm Legends @ Thunderdome 2017,Twisted world - The Viper Mashup mix - Traxtorm Legends Rebuild,33,201541,False,0.477,0.836,1,-12.709,0,0.256,0.0655,0.177,0.196,0.296,158.053,4,techno
5EbTHYIQQtNNMloPNirkKi,Atari Teenage Riot,The Fast And The Furious: Tokyo Drift (Original Motion Picture Soundtrack),Speed,42,168586,False,0.413,0.912,4,-5.092,0,0.0878,1.49e-05,0.0203,0.14,0.497,165.156,4,techno
6joEpIEWpZYrezVvqrbvxy,Matt Sassari,Give It to Me,Give It to Me,63,210000,False,0.838,0.664,6,-8.126,1,0.0484,0.00132,0.035,0.131,0.545,126.047,4,techno
1CgZ0pKxdBB9trUYULmKSs,Marc Romboy;Stephan Bodzin;ARTBAT;Shall Ocin,Atlas (Shall Ocin & Artbat Remix),Atlas - Shall Ocin & Artbat Remix,49,380952,False,0.678,0.791,1,-10.185,0,0.0437,0.00273,0.879,0.0728,0.157,125.985,4,techno
7EkEG47RFRjxbpSafL0Ufp,York;Sin Plomo;Janet Taylor;JJ Flores,"Swanky Club House, Vol. 1",It's You - JJ Flores Remix Extended,0,382187,False,0.748,0.939,8,-5.23,1,0.0472,0.0607,0.31,0.0891,0.398,126.984,4,techno
0XL75lllKb1jTmEamqwVU6,Sajanka,Time of India,Time of India,30,240062,False,0.689,0.554,9,-8.2,1,0.0759,0.091,0.914,0.0867,0.163,148.002,4,trance
3mM7JqDOcGQ23lts9b6uE6,Above & Beyond;Zoë Johnston;Nourey,Journey To ABGT500 pt.2,Only A Few Things (ABGT499D3) - Nourey Remix,38,291840,False,0.637,0.702,1,-11.412,1,0.0517,0.0177,0.816,0.354,0.2,124.961,4,trance
46uNlWVK8dpozeWfM6C23U,KiLLATK;Spiral,HOPE,HOPE,25,372705,False,0.452,0.924,1,-7.096,0,0.0463,0.000119,0.809,0.0928,0.216,170.03,3,trance
5bFhLxqmSghToSzZGMeh1I,Astrix;Ritmo,He.art,Agate,43,523478,False,0.621,0.885,8,-7.601,1,0.0487,0.00159,0.791,0.14,0.127,137.966,4,trance
06g9DdwqtCC6qNAqbFPz1K,NG Rezonance,"Syncopy Radio Edits, Vol. 1",Adagio - Radio Edit,28,207724,False,0.404,0.967,1,-5.618,1,0.0659,0.000369,0.893,0.237,0.0438,144.969,4,trance
2mHD1X70ZkFXzVcyUbC4up,Steve Dekay,Bellatrix,Bellatrix,44,239995,False,0.501,0.936,6,-9.276,1,0.0608,0.00102,0.875,0.267,0.247,138.016,4,trance
0w98WsIkBacOrDHGaPcdYt,Interactive Noise,Fking Bass Line,Fking Bass Line,33,356000,False,0.701,0.935,11,-7.839,0,0.196,0.0105,0.803,0.735,0.0382,140.002,4,trance
5KteBzvgHmFUGpjJ8iN3XY,Sound Quelle,Trait,Hung,52,202250,False,0.743,0.837,11,-5.421,1,0.0629,0.00538,0.851,0.0919,0.189,119.976,4,trance
6UCpR17pbWqO88Xf7TwZq6,Roman Messer;Joe Jury,Upon The Horizon,Upon The Horizon,46,248759,False,0.415,0.99,1,-3.466,1,0.0665,0.000418,0.212,0.197,0.237,138.003,4,trance
6GdePdISO2BpRQhIF8TUvm,Ghost Town,Party in the Graveyard,Skeleton - 2013 Remaster,28,223173,True,0.552,0.85,0,-5.944,1,0.0431,0.106,0.0,0.52,0.624,124.991,4,trance
5VNcKdmfAAsfbxbuo1Y7Vl,Armin van Buuren;Duncan Laurence,Feel Something (feat. Duncan Laurence),Feel Something (feat. Duncan Laurence),49,155467,False,0.687,0.645,0,-4.745,1,0.127,0.0688,0.0,0.114,0.732,93.76,4,trance
7JP8lWYrxpA8luKU8IPd3Y,Asking Alexandria,See What’s On The Inside,Alone Again,56,228977,False,0.496,0.969,10,-3.085,1,0.0688,7.49e-05,5.93e-06,0.242,0.199,109.977,4,trance
3Ak6t93rQhbgjSsaNwxwoq,Tiësto;SWACQ,Together,Party Time,50,166560,False,0.635,0.878,0,-4.753,1,0.07,0.0103,0.538,0.338,0.414,125.002,4,trance
5kCdc14ItHSF6N6rI7wGSX,Phaxe;Querox,Bloom,Bloom,44,331094,False,0.727,0.853,8,-7.185,0,0.0382,0.00298,0.895,0.578,0.194,136.997,4,trance
0FEk8LwY8h4rAR63ggfhV0,Tiësto;Jonas Blue;Rita Ora,The London Sessions,Ritual,62,198995,False,0.647,0.726,3,-4.389,0,0.0552,0.157,0.0,0.0844,0.769,114.998,4,trance
1mQxwuR5fKytJ1N32I5xj1,Giuseppe Ottaviani;Sarah de Warren,Black Hole House Music 10-22,Melody - Extended Mix,0,433508,False,0.687,0.665,11,-9.755,0,0.0422,0.00052,0.267,0.0805,0.324,124.992,4,trance
32KpVkEKmO5g0t68o1gq23,Something Good,ASOT 1090 - A State Of Trance Episode 1090,Rhythm (Of The Night) [ASOT 1090] [Progressive Pick],43,287188,False,0.571,0.909,3,-8.234,0,0.0396,0.00022,0.736,0.086,0.181,125.989,4,trance
6ykdXpEG7cTSOfRSBv1ROA,Breathe Carolina;Robert Falcon;Conor Maynard,IF U,IF U,41,159818,False,0.617,0.762,11,-5.061,0,0.0414,0.0364,0.0,0.235,0.39,109.959,4,trance
1ovFnZv6mUe0LzAbfVqOmh,Blind Channel,Dark Side,Dark Side,55,177789,False,0.571,0.955,7,-3.795,1,0.105,0.00254,1.55e-06,0.274,0.437,98.01,4,trance
5hZz0GjweCU7v0u5VU6KlT,Tiësto;Don Diablo;Thomas Troelsen,Chemicals (feat. Thomas Troelsen),Chemicals (feat. Thomas Troelsen),53,222075,False,0.529,0.955,10,-2.59,0,0.0794,0.0344,4.55e-05,0.353,0.0893,125.988,4,trance
0SZPXD0uEl72YjUVY2K3E9,Tiësto;Ty Dolla $ign,"The Business, Pt. II","The Business, Pt. II",63,164267,False,0.658,0.747,8,-6.567,0,0.0971,0.138,0.0,0.129,0.326,120.073,4,trance
5ecZ2R0Gv93PjBBbO1Zwys,Liquid Soul,Wake Up,Wake Up,29,453043,False,0.676,0.936,6,-7.228,0,0.0509,0.00206,0.841,0.107,0.0384,137.997,4,trance
497k4sQ2fYCqx7LvMzu7jI,16BL,Deep House Essentials #005 - Armada Music (Mixed Version),Got This Feeling [Mix Cut] - Original Mix,47,290034,False,0.599,0.541,2,-9.65,0,0.0284,0.0545,0.927,0.216,0.0819,120.712,4,trance
4NR32XsVHm1oN9x8ExR8Yu,Tiësto;Ava Max,Today's Party Hits,The Motto,0,164818,False,0.754,0.763,7,-4.627,0,0.0435,0.0301,2.23e-05,0.0901,0.464,117.953,4,trance
7CGgMARb0uCM4IaqzHLiiN,Ilan Bluestone;Giuseppe De Luca;XiJaro & Pitch,Impulse (Remixed),Love Is A Drug - XiJaro & Pitch Remix,45,217418,False,0.503,0.945,9,-5.793,0,0.0421,0.00209,0.0692,0.138,0.288,137.998,4,trance
62HIfXQHBtkBhHCKOrwo0s,Radio Citizen;Bajka,Berlin Serengeti,Championsound,19,236000,False,0.719,0.774,2,-9.177,1,0.0612,0.00284,0.276,0.116,0.0892,94.824,4,trip-hop
1BAiFIrzp1umGBo8H2WEfy,Beth Gibbons;Rustin Man,Out Of Season,Tom The Model,49,220400,False,0.461,0.451,4,-9.635,0,0.0318,0.744,0.342,0.107,0.244,96.005,4,trip-hop
3xqtvSfofDvSMVwwSbuvKi,FKA twigs;Daniel Caesar,CAPRISONGS,careless (feat. daniel caesar),55,216760,False,0.706,0.395,11,-6.952,0,0.0588,0.724,2.16e-05,0.203,0.26,118.128,4,trip-hop
1cpnpMvnvmdy3hzYgd5oo9,Portishead,Dummy,It Could Be Sweet,53,257160,False,0.668,0.52,9,-11.098,1,0.0444,0.698,0.0165,0.13,0.556,153.963,4,trip-hop
6WDAtzaXY7d31CkuoxYFcb,Little Dragon,Machine Dreams,Feather,53,293786,False,0.663,0.831,2,-6.542,1,0.0326,0.00687,0.733,0.0271,0.743,96.666,4,trip-hop
4c9ygoZeMOjvu3uoLpIsl6,FKA twigs,CAPRISONGS,lightbeamers,48,211880,False,0.742,0.44,8,-8.045,0,0.0609,0.465,0.00134,0.0924,0.307,129.894,3,trip-hop
50BApvEvSnoCPYb4ymbb8y,Röyksopp;Beki Mari,Profound Mysteries,"This Time, This Place…",44,464200,False,0.555,0.901,7,-7.059,1,0.0359,0.00288,0.921,0.659,0.105,121.003,4,trip-hop
28Zg3EXyibO3UEda2WirSV,Koop,Koop Islands,Koop Island Blues,59,276360,False,0.555,0.537,10,-9.041,0,0.0314,0.731,0.0524,0.287,0.521,79.239,4,trip-hop
2zg3iJW4fK7KZgHOvJU67z,Faithless,Faithless 2.0,Tarantula,21,398152,False,0.622,0.816,6,-11.095,0,0.0483,0.00959,0.578,0.0991,0.427,136.007,4,trip-hop
7eD2shcdOZxK2qk5P92oCN,Tosca,Chocolate Elvis Dubs,Chocolate Elvis - Boozoo Bajou Soul Sufferer Version,20,287826,False,0.821,0.577,7,-11.121,1,0.0965,0.441,0.716,0.119,0.513,98.589,4,trip-hop
5vOk8qFDZJxMtHsLZ1ljUo,Röyksopp,Here She Comes Again,Here She Comes Again - Radio Edit,36,198867,False,0.879,0.394,9,-9.767,0,0.0482,0.335,0.732,0.117,0.654,128.067,4,trip-hop
4dcJyP7pAFnh27ZXzZFW6G,Zero 7,On My Own,"Don't Call It Love - 12"" Version",53,385986,False,0.821,0.53,10,-8.752,0,0.0348,0.056,0.0767,0.15,0.941,118.022,4,trip-hop
4OUvfa7eO5jvFMIMOU7MTb,Groove Armada,Goodbye Country (Hello Nightclub),Suntoucher,51,391000,False,0.73,0.427,5,-10.466,0,0.0627,0.00681,0.00564,0.161,0.497,82.208,4,trip-hop
5V1XV69gOtDelQ6or9BEIP,Faithless;Way Out West,Reverence / Irreverence,Salva Mea - Way out West Mix,17,466306,False,0.577,0.775,1,-10.091,1,0.0354,6.72e-05,0.828,0.12,0.413,133.007,4,trip-hop
1AKHclGKFc3fjv0V9qnZ3w,Lemon Jelly,LemonJelly.ky,A Tune For Jack,47,405866,False,0.57,0.744,5,-8.208,1,0.0528,0.0537,0.0428,0.317,0.719,186.018,4,trip-hop
1COMHmcNuwD1U2ksQkgl7C,Nicola Conte,Jet Sounds,Forma 2000,18,360489,False,0.532,0.984,9,-6.799,0,0.0507,0.0618,0.0861,0.118,0.765,194.947,4,trip-hop
6iTgzWuj97nE1NhyiMlJcF,Leftfield;Skream,Leftism 22,Open Up - Skream Mix,18,455600,False,0.81,0.683,5,-7.73,0,0.0338,0.000313,0.578,0.103,0.0701,124.888,4,trip-hop
2ZvkYIyvWLVCpBEYLqix1r,Alex Cortiz,Deep Deluxe,Taste My Lemonade,17,335279,False,0.661,0.827,7,-9.897,1,0.0459,0.00181,0.86,0.127,0.603,116.008,4,trip-hop
4NsBEdmbgu9u8cH21ycyBv,Air,Premiers Symptômes,Modular Mix,47,359600,False,0.595,0.557,2,-11.903,0,0.0912,0.351,0.81,0.0468,0.396,179.798,4,trip-hop
3mg2jVzYi0DzAiOhsL2hkE,Zero 7,When It Falls,When It Falls,44,331226,False,0.488,0.385,2,-12.084,1,0.0274,0.75,0.81,0.132,0.144,76.913,4,trip-hop
0QKQfBRO7yv8XCefwEax14,Lamb,What Sound,Gabriel,51,260666,False,0.425,0.534,11,-9.066,0,0.0333,0.18,0.0062,0.0562,0.187,83.718,4,trip-hop
1tX1L9yabmvELZk2l7cA0v,Faithless,Faithless 2.0,Don't Leave 2.0 (Until The Ribbon Breaks Remix),20,213505,False,0.633,0.52,10,-6.238,0,0.0351,0.559,0.00061,0.192,0.458,73.493,4,trip-hop
2sNGaLOMBIkyVFPsQqPQdW,Air,Talkie Walkie,Alpha Beta Gaga,48,279773,False,0.477,0.833,7,-8.271,1,0.0315,0.00226,0.848,0.171,0.555,169.968,4,trip-hop
1nYuroLdp35I01UFOvQABT,Morcheeba,Fragments of Freedom,Be Yourself,52,194519,False,0.768,0.74,6,-4.373,0,0.0283,0.101,0.0103,0.115,0.893,110.053,4,trip-hop
57eam3uNwTmBwR63dg8noM,Röyksopp,The Understanding,Looser Now,18,364373,False,0.711,0.833,7,-6.687,0,0.0611,0.0492,0.708,0.0518,0.757,119.304,4,trip-hop
3FWblef3WNyMeTBCh6xhjg,TNK,Kanatlarımdan Tutma,Ruhum Boğaziçi,42,203439,False,0.519,0.709,10,-7.744,0,0.0649,0.0444,0.0,0.0857,0.688,89.974,4,turkish
3EAZILxlMITj5PyquATJI5,Şanışer,Otuzuncu Gün,Yazamam Ecele,43,195887,False,0.536,0.763,9,-3.742,0,0.0468,0.0159,0.0,0.104,0.355,135.922,4,turkish
5708ZWpCPG8bTtbrcIPvGx,Ati242,Bulutlarda,Bulutlarda,39,162384,True,0.734,0.551,4,-10.879,0,0.0974,0.463,4.09e-05,0.11,0.648,144.058,4,turkish
6bQ3YsMCZdISxAnDIWM2hY,Oguz Aksaç,Oğuzname,Niye Çattın Kaşlarını,39,211640,False,0.511,0.595,9,-4.612,0,0.0298,0.291,3.53e-05,0.134,0.188,95.927,4,turkish
5E0Rk6dIfej6CzPN8yuH7f,Levent Yüksel,Med Cezir,Kadınım,40,271699,False,0.625,0.32,0,-15.046,0,0.0308,0.433,1.81e-05,0.117,0.305,101.865,4,turkish
3ZX2bOVm7kJH4s2Yhkgpgq,Killa Hakan;Ezhel;GRiNGO,Fight Kulüp,İlk Kural Saygı,42,281774,True,0.638,0.846,11,-4.156,0,0.227,0.388,0.0,0.31,0.587,154.111,4,turkish
1f8k3XUSUw6u4JqVFnClnh,Onur Akın,Memleket İsterim,Çam Kolonyası - Sevdadır,38,294933,False,0.625,0.752,9,-6.355,0,0.0443,0.701,1.09e-06,0.168,0.789,159.948,4,turkish
1oSWrUVYSAnom3NGPvoBnt,Perdenin Ardındakiler,Yalnız Kalmışım,Yalnız Kalmışım,38,171146,False,0.793,0.293,7,-14.005,0,0.0358,0.0125,0.621,0.0934,0.176,114.97,4,turkish
6KKskhz8aQU9uR8n1SjQFY,DJ Kantik,Our Streets,Our Streets,44,262654,False,0.812,0.598,11,-7.325,0,0.0705,0.0205,0.837,0.335,0.521,103.0,4,turkish
1KNQbnpnsyp7lhP5BbPtD0,Onur Can Özcan,Bu Mevsimde,Bu Mevsimde,39,106000,False,0.702,0.373,11,-5.61,0,0.0615,0.864,0.00365,0.0903,0.545,85.074,4,turkish
2MCVxSNE8L8Ov3Qgi5Mb38,Yüksek Sadakat,Rengarenk,Rengarenk,38,233560,False,0.688,0.719,4,-6.694,0,0.0281,0.283,4.54e-06,0.0774,0.868,112.013,4,turkish
7fo4ScxpiBnESWu8NRMyzx,Ebru Yaşar,Haddinden Fazla,Öldüm Sahiden,37,249996,False,0.277,0.674,7,-5.128,0,0.0458,0.224,0.0,0.0943,0.356,85.839,4,turkish
71ejLHLwmZKf0oL9gaRC8h,Pera,En Güzel Mevsimim,Sevemezsin,41,231938,False,0.558,0.554,9,-11.589,0,0.0287,0.0689,0.0,0.223,0.503,144.133,4,turkish
006tmNZLXEXPqdb23wwSN1,İlhan İrem,Bezginin Gizli Mektupları,Yemyeşil Bir Deniz,44,358173,False,0.486,0.568,9,-9.199,0,0.0417,0.652,0.0,0.834,0.65,127.184,4,turkish
7HD8tXm2ussN67ZQe0z6HU,Şehinşah;DJ Artz;Xir;Sansar Salvo,DEEV (Deluxe Edition),"Rec, Play, Pause (feat. DJ Artz, Xir & Sansar Salvo)",38,268888,True,0.778,0.716,1,-7.848,1,0.0375,0.000327,0.0,0.0755,0.0826,108.003,4,turkish
76gf6DpUXDvgXnGsIGE8kk,Hidra,Cennetten Cehenneme,Cennetten Cehenneme,44,207659,True,0.746,0.699,1,-9.243,1,0.0705,0.00242,0.0,0.363,0.466,141.02,4,turkish
4Fq1AsPB0HIK2n5qYL8rSy,Şehinşah,Denetimli Serbestlik Stili (Deluxe),Koyu,46,171874,True,0.747,0.684,7,-9.705,0,0.465,0.64,0.0,0.128,0.802,159.872,4,turkish
09SsT6U26aWDG3VeiZUA4e,Nazan Öncel,Sokak Kızı,Erkekler De Yanar,40,230320,False,0.683,0.77,6,-6.49,1,0.0246,0.00263,7.03e-06,0.354,0.784,102.732,4,turkish
7uLKvHDrpVZ6WdLGJH2dG1,Hayko Cepkin,Sakin Olmam Lazım,Görmüyorsun,41,184853,False,0.525,0.637,7,-7.479,0,0.0293,0.00293,2.45e-05,0.102,0.653,77.493,4,turkish
4U2Q0DTLuNKYnWmt3nXmd6,Teoman,Rock and Roll,Serseri,38,221155,False,0.65,0.519,6,-5.886,0,0.0323,0.114,1.05e-06,0.0756,0.528,74.932,4,turkish
4KizzdSdXMao25OVesQmOn,Motive,Makaveli,Ateş Et,41,188074,False,0.496,0.692,8,-5.449,1,0.221,0.0726,1.25e-05,0.0973,0.283,163.073,4,turkish
2P7u3rUHzWnRQOmeHoWc9m,Contra,Hayırlara Ola,Hayırlara Ola,44,175290,True,0.797,0.48,1,-7.992,1,0.0413,0.132,1.49e-06,0.0759,0.0713,125.064,4,turkish
062WEhWJ0tNa0CaAEuMwYB,Kurban,Kurban,Yalan,42,207706,False,0.609,0.965,7,-5.245,1,0.112,0.000877,0.000806,0.188,0.783,140.121,4,turkish
7oa8CQV3oVrY8jgPGPDnyb,yunusemre;Şekersiz,istanbulla değil sorunum,istanbulla değil sorunum,38,241999,False,0.578,0.398,4,-9.277,0,0.0264,0.748,0.000139,0.073,0.169,110.015,4,turkish
3UxPbLkQniiproORCEFgzH,Neşet Ertaş,Zahidem,Haydar Haydar,40,261000,False,0.412,0.343,6,-9.123,1,0.0654,0.871,1.9e-05,0.25,0.217,84.76,4,turkish
3CO19cTl5zzlWx9GWEpOhD,Michael W. Smith,Change Your World,I Will Be Here For You,53,273773,False,0.425,0.519,9,-9.707,1,0.0279,0.185,0.0,0.102,0.208,143.887,4,world-music
7MzEigadl6tP6TmaxagWNt,Hillsong Worship,The Best Worship Songs In The World,Worthy Is The Lamb,25,433513,False,0.166,0.687,7,-5.253,1,0.0394,0.00332,3.45e-05,0.188,0.198,151.263,4,world-music
2RxEX1W0GSQRcQEmwut9OA,for KING & COUNTRY,Burn The Ships,Hold Her,53,244320,False,0.393,0.481,0,-9.168,1,0.0523,0.45,0.0,0.222,0.104,80.086,4,world-music
7wgzG5AFCpAmU80Buk9i0j,Michael W. Smith,The Second Decade 1993-2003,Above All - Live,44,273866,False,0.383,0.351,10,-9.385,1,0.0298,0.594,1.18e-06,0.942,0.192,135.582,4,world-music
7fd0eYNqpAGyoFA2AgHEDP,Hillsong Worship;Reuben Morgan;Cody Carnes,These Same Skies (Studio),Hope Of The Ages - Studio,48,310492,False,0.212,0.465,11,-7.719,1,0.0345,0.214,0.0,0.102,0.197,198.694,3,world-music
6eYawsVsCvja8wXmcshtdI,Lincoln Brewster,Let the Praises Ring: The Best of Lincoln Brewster,Everlasting God,47,287434,False,0.534,0.763,11,-6.348,1,0.0304,0.00285,0.0,0.0655,0.634,109.971,4,world-music
0WFaQNCdmyONO7GIWL8mDZ,Jesus Culture;Chris Quilala,Live From New York,Set A Fire - Live,54,315253,False,0.16,0.563,5,-7.771,1,0.0492,0.0381,0.00297,0.147,0.0859,139.623,4,world-music
14HrSWGYPCDwqAcVFUYKsq,Matt Redman,Sing Like Never Before: The Essential Collection,Blessed Be Your Name,55,348893,False,0.443,0.819,11,-6.61,1,0.0615,0.00338,0.016,0.696,0.0983,116.033,4,world-music
4PSITiLRcdZI5WyGlXAssT,Michael W. Smith,Worship Again,I Give You My Heart,41,205840,False,0.4,0.284,7,-11.616,1,0.0265,0.378,3.13e-05,0.55,0.236,82.544,4,world-music
1tElh70sXmt1yAGJ7Szw6S,Hillsong Worship,Mighty To Save (Live),At The Cross,51,409826,False,0.367,0.363,4,-7.965,1,0.0298,0.692,0.0,0.214,0.172,139.598,4,world-music
6arhFMHHQFVAKUINBs8wjQ,Hillsong Worship;TAYA,let there be light.,Grace To Grace,53,426320,False,0.478,0.57,5,-7.875,1,0.0348,0.0701,0.0,0.815,0.162,119.901,4,world-music
3TqsgsmGiio7F54HTzpx4J,Chris Tomlin,Always,I Believe In Jesus,40,240493,False,0.457,0.435,8,-7.299,1,0.0277,0.262,0.0,0.103,0.312,75.997,4,world-music
6iMzeLAXynEt62vhtZhiPd,Hillsong Worship,let there be light.,In Control (Acoustic),41,271586,False,0.312,0.22,8,-9.98,1,0.0411,0.829,0.0,0.103,0.173,71.038,4,world-music
1hsbxu82J3uqLyvd5qxhdC,Hillsong Worship;Integrity's Hosanna! Music;Darlene Zschech,Shout to the Lord (Live),Jesus Lover of My Soul - Live,42,215733,False,0.476,0.396,0,-10.916,1,0.026,0.31,0.0,0.658,0.199,72.157,4,world-music
2XrZVAgEyFuhasEwfpG7Oa,Monjes Tibetanos,"Monjes Tibetanos - Canciones Asiaticas Relajantes, Música Budista con Cantos de Tibet",Sueños de Plata,21,255999,False,0.176,0.222,5,-18.027,0,0.0391,0.965,0.737,0.126,0.0626,79.519,3,world-music
5GpIzOMAMHws2xOSjoyYj1,Hillsong Worship;Brooke Ligertwood;Reuben Morgan,There Is More,Who You Say I Am (Live Acoustic) - Bonus,43,191920,False,0.378,0.285,6,-11.503,1,0.0271,0.257,0.0,0.078,0.175,171.865,3,world-music
03KJvToiQ5xkTvgii0iVuJ,Lucas Cervetti,Frecuencias Álmicas en 432hz,"Frecuencia Álmica, Pt. 1",23,421000,False,0.196,0.126,2,-15.217,1,0.0306,0.976,0.905,0.0639,0.0796,99.783,1,world-music
5WGpg5FAO6OOm396QS53Re,Phil Wickham,You Are I Am - 6 Essential Christian Pop Songs,You're Beautiful,26,293720,False,0.329,0.518,3,-7.715,1,0.0286,0.0749,0.0278,0.149,0.187,166.115,4,world-music
03EM4X7msE6ZRxT1a6zVBh,Hillsong Worship;Reuben Morgan,let there be light.,I Will Boast In Christ,39,292373,False,0.353,0.575,9,-7.047,1,0.0316,0.0278,0.0,0.856,0.255,143.982,4,world-music
0oIJ7r16P1YsR8hXyMl7l6,Planetshakers,Endless Praise (Live),Dance - Live,48,232893,False,0.602,0.965,1,-3.765,0,0.0789,0.00359,0.0,0.685,0.461,130.015,4,world-music
0GRkrdDS476AdjfI9ZlzaC,Michael W. Smith,Worship Again,Here I Am To Worship,43,296706,False,0.486,0.385,7,-7.338,1,0.0261,0.32,0.0,0.109,0.222,78.03,4,world-music
60GTOisUSdUksjMzq17XvO,for KING & COUNTRY,What Are We Waiting For?,Love Me Like I Am,53,184103,False,0.492,0.429,4,-8.126,1,0.0392,0.0368,0.000164,0.0887,0.0981,159.746,4,world-music
2EGPol5mJUxbqcnkK0kQyZ,Hillsong Worship;Reuben Morgan,Hope (Live),Here I Am To Worship/Call,38,394293,False,0.338,0.486,4,-7.38,1,0.0308,0.235,0.0,0.433,0.117,143.689,4,world-music
5mukyVBO2iWwXEh3x33im7,Hillsong Worship,Hillsong Chapel: Forever Reign,Hallelujah,36,129960,False,0.348,0.249,9,-10.28,1,0.029,0.143,0.0,0.221,0.0913,74.577,3,world-music
6z5nJUEl6pCt7XdnBOCV51,Hillsong Worship,Ultimate Worship Vol 1,One Way,54,236320,False,0.461,0.918,4,-4.884,1,0.0493,0.00331,0.000842,0.335,0.337,135.081,4,world-music
